{"o__Actinomycetales": 0.7878588261599981, "o__Mycobacteriales": 0.7619325031960924, "o__Propionibacteriales": 0.695360765488152, "o__Streptomycetales": null}