{"o__Acholeplasmatales": 0.7794520547945205, "o__Aneurinibacillales": 0.7216777944553716, "o__Bacillales": 0.7649122807017543, "o__Bacillales_A": 0.7615384615384615, "o__Bacillales_B": 0.7411764705882353, "o__Bacillales_D": 0.7411764705882353, "o__Bacillales_E": 0.8, "o__Bacillales_G": 0.7964157706093189, "o__Erysipelotrichales": 0.7680061591464014, "o__Exiguobacterales": 0.8, "o__Haloplasmatales_A": 0.7586776859504132, "o__Lactobacillales": 0.7706103993971365, "o__ML615J-28": 0.7609120521172639, "o__Mycoplasmatales": 0.8, "o__Paenibacillales": 0.7824175824175823, "o__RF39": 0.7710711777524255, "o__RFN20": 0.7626391096979332, "o__Rubeoparvulales": 0.8, "o__Staphylococcales": 0.7736842105263158, "o__Thermoactinomycetales": 0.8}