{"o__Burkholderiales": 0.7961340206185568, "o__Enterobacterales": 0.7937413975954237, "o__Pseudomonadales": 0.7879967092490159, "o__Xanthomonadales": 0.8}