{"o__Acidaminococcales": 0.7910062825840793, "o__Selenomonadales": null, "o__Sporomusales": null, "o__UMGS1260": null, "o__Veillonellales": 0.7932587765110657}