{"g__Acidaminococcus": 0.7966996699669966, "g__Phascolarctobacterium": 0.787422353001757, "g__Phascolarctobacterium_A": 0.7939459577941774, "g__Succiniclasticum": 0.7973798876777436}