{"g__BX12": 0.76875, "g__Bacilliculturomica": 0.7696969696969698, "g__CAG-145": 0.7570552147239265, "g__CAG-238": 0.772997215067122, "g__Emergencia": 0.7385749385749385, "g__Eubacterium_M": 0.8, "g__S5-A14a": 0.7294105468294174, "g__UBA1191": 0.7857142857142858, "g__UMGS973": 0.8, "g__VUNA01": 0.8}