{"g__Acutalibacter": 0.7473684210526315, "g__An172": 0.7692307692307692, "g__Anaeromassilibacillus": 0.7285714285714286, "g__CAG-177": 0.8, "g__CAG-180": 0.709090909090909, "g__CAG-217": 0.8, "g__CAG-488": 0.709090909090909, "g__CAG-557": 0.72, "g__CAG-964": 0.8, "g__Caproiciproducens": 0.7032258064516128, "g__Clostridium_A": 0.7047619047619047, "g__Clostridium_E": 0.72, "g__DTU089": 0.8, "g__Eubacterium_R": 0.710344827586207, "g__Hydrogeniiclostridium": 0.7291595111551921, "g__Marseille-P4683": 0.7333333333333334, "g__Pseudoruminococcus": 0.8, "g__RUG420": 0.7807692307692307, "g__RUG806": 0.8, "g__Ruminococcus_E": 0.7722222222222221, "g__UBA1081": 0.8, "g__UBA1227": 0.7210526315789474, "g__UBA1417": 0.7201333163321315, "g__UBA1691": 0.7189189189189189, "g__UBA4871": 0.8, "g__UBA5905": 0.8, "g__UBA6857": 0.7230769230769232, "g__UBA737": 0.7012345679012346, "g__UBA945": 0.709090909090909, "g__UMGS1071": 0.709090909090909, "g__UMGS1224": 0.7259259259259259, "g__UMGS1279": 0.8, "g__UMGS1397": 0.7375, "g__UMGS1474": 0.7285714285714286, "g__UMGS1484": 0.8, "g__UMGS1487": 0.8, "g__UMGS1491": 0.7593711348262375, "g__UMGS1532": 0.709090909090909, "g__UMGS1591": 0.8, "g__UMGS1623": 0.7230769230769232, "g__UMGS1690": 0.7579831932773109, "g__UMGS172": 0.7420289855072464, "g__UMGS1839": 0.8, "g__UMGS1858": 0.8, "g__UMGS1976": 0.8, "g__UMGS263": 0.7425287356321839, "g__UMGS403": 0.709090909090909, "g__UMGS577": 0.8, "g__UMGS856": 0.767032967032967, "g__UMGS905": 0.7375}