{"g__Lancefieldella": 0.7801852503192597, "g__Olegusella": 0.8, "g__Olsenella": 0.7761904761904761, "g__Olsenella_B": 0.7887640449438202, "g__Olsenella_E": 0.7811827956989248, "g__Parolsenella": 0.7690949227373067, "g__UBA7748": 0.8, "g__UMGS1418": 0.7936305732484077}