{"g__51-20": 0.7867549668874172, "g__CAG-267": 0.7577464788732393, "g__CAG-495": 0.7325513196480937, "g__RUG410": 0.7636363636363637}