{"g__CAG-288": 0.8, "g__CAG-345": 0.7423076923076923, "g__CAG-568": 0.7576271186440677, "g__UBA7642": 0.7860139860139861}