{"g__CAG-313": 0.7066666666666666, "g__UMGS1109": 0.7444444444444445, "g__UMGS75": 0.7080459770114942}