{"g__CAG-1024": 0.7755527006373721, "g__PeH17": 0.7786096256684492, "g__Phil1": 0.7756856871782731, "g__RUG472": 0.775609756097561, "g__SFDB01": 0.8, "g__SFEL01": 0.76, "g__UBA1685": 0.7791666666666666, "g__UBA5394": 0.7939037607258912, "g__UMGS1241": 0.7957983193277312, "g__UMGS693": 0.7772727272727273, "g__UMGS946": 0.7733186480068728}