{"g__CAG-1435": null, "g__CAG-314": 0.7919188167157845, "g__UMGS1707": null, "g__UMGS692": 0.7831849957945849, "g__UMGS929": null}