{"g__51-20": 0.6909340304649976, "g__CAG-267": null, "g__CAG-495": 0.7146495017210255, "g__RUG410": null}