{"g__CAG-272": 0.7370373614467296, "g__CAG-390": 0.7674796747967481, "g__CAG-448": 0.7943181818181817, "g__CAG-724": 0.7622641509433963, "g__CAG-841": 0.7748427672955975, "g__Firm-07": 0.7842519685039371, "g__QALR01": 0.7863013698630137, "g__UBA11512": 0.7831460674157302, "g__UMGS1002": 0.7693251533742331, "g__UMGS1225": 0.7879280666139123, "g__UMGS1312": 0.7807692307692307, "g__UMGS1696": 0.7914893617021277, "g__UMGS1815": 0.7754601226993865, "g__UMGS1865": 0.7893238434163701, "g__UMGS2055": 0.7901960784313726, "g__UMGS731": 0.8, "g__UMGS874": 0.8, "g__UMGS902": 0.8, "g__UMGS911": 0.7586466165413535}