{"g__Collinsella": 0.7995451185927553, "g__Enorma": 0.7555560636163272}