{"g__Beduini": 0.7731182795698925, "g__Catenibacterium": 0.7892241379310345, "g__Coprobacillus": 0, "g__Erysipelatoclostridium": 0.8, "g__Faecalibacillus": 0.7006968641114983, "g__Longibaculum": 0.7042904290429042, "g__Massiliomicrobiota": 0.7047619047619047, "g__Stoquefichus": 0.7166666666666666}