{"g__Enterococcus": 0.03692166592826329, "g__Enterococcus_A": 0.7403152322882529, "g__Enterococcus_B": 0.6536290607779758, "g__Enterococcus_C": null, "g__Enterococcus_D": 0.49607575297226997}