{"g__Enterococcus": 0.8, "g__Enterococcus_A": 0.7450184471776213, "g__Enterococcus_B": 0.7185185185185186, "g__Enterococcus_C": 0.8, "g__Enterococcus_D": 0.7259259259259259}