{"g__CADBRU01": 0.7855072463768116, "g__UBA1174": 0.7927424983201772, "g__UBA1436": 0.7939405455060362}