{"g__Lacticaseibacillus": 0.8, "g__Lactiplantibacillus": 0.8, "g__Lactobacillus": 0.7725274725274724, "g__Latilactobacillus": 0.7310344827586206, "g__Lentilactobacillus": 0.8, "g__Leuconostoc": 0.7655172413793103, "g__Levilactobacillus": 0.8, "g__Ligilactobacillus": 0.7562043795620439, "g__Limosilactobacillus": 0.745578231292517, "g__Pediococcus": 0, "g__Weissella": 0.8}