{"g__Acetatifactor": 0.7444444444444445, "g__Agathobacter": 0.7047619047619047, "g__Anaerosporobacter": 0.7545454545454546, "g__Bacteroides_F": 0.8, "g__Bariatricus": 0.7069767441860464, "g__Blautia": 0.7024390243902439, "g__Blautia_A": 0.7021739130434783, "g__Butyrivibrio_A": 0.70625, "g__CAG-303": 0.7038461538461538, "g__CAG-510": 0.7454545454545454, "g__CAG-590": 0.7130434782608694, "g__CAG-603": 0.8, "g__CAG-632": 0.7051724137931035, "g__CAG-81": 0.7210526315789474, "g__CAG-882": 0.7523809523809524, "g__Clostridium_AP": 0.7069767441860464, "g__Clostridium_Q": 0.7166666666666666, "g__Coprococcus": 0.7104477611940299, "g__Dorea_A": 0.8, "g__Eubacterium_F": 0.7210526315789474, "g__Eubacterium_G": 0.704, "g__Eubacterium_I": 0.7047619047619047, "g__Faecalimonas": 0.709090909090909, "g__Lachnospira": 0.7113924050632912, "g__Mediterraneibacter": 0.72, "g__Schaedlerella": 0.709090909090909, "g__Sellimonas": 0.7056603773584906, "g__TF01-11": 0.7019607843137254, "g__UBA4285": 0.7729729729729731, "g__UBA9502": 0.7074074074074075, "g__UMGS1370": 0.7444444444444445}