{"g__Amulumruptor": 0.7759036144578313, "g__CAG-1031": 0.7827586206896551, "g__CAG-279": 0.770625798212005, "g__CAG-485": 0.7265844724103037, "g__CAG-873": 0.7718482252141983, "g__Duncaniella": 0.7362017804154302, "g__Muribaculum": 0.7153566342448572, "g__Paramuribaculum": 0.7479553903345726, "g__Sodaliphilus": 0.7863013698630137, "g__UBA7173": 0.7455709711846319}