{"g__Clostridioides": 0.7038461538461538, "g__GCA-900066495": 0.7044585987261147, "g__Intestinibacter": 0.7041095890410958, "g__Paraclostridium": 0.7285714285714286, "g__Peptacetobacter": 0.7559386973180076, "g__Peptostreptococcus": 0.8, "g__Romboutsia": 0.712, "g__Terrisporobacter": 0.7024390243902439}