{"g__QALW01": 0.7975343585378094, "g__UMGS1322": 0.7882784870377144, "g__UMGS1338": 0.7927872053845375}