{"g__CAG-831": 0.7850746268656716, "g__RC9": 0.7910830945163612, "g__UBA1232": 0.8}