{"g__F0422": 0.7621212121212122, "g__Veillonella": 0.7824386393405756, "g__Veillonella_A": 0.7927797833935017}