{"s__51-20 sp001917175": 0.7825903337825206, "s__51-20 sp900539605": 0.7717478631173991, "s__51-20 sp900542055": 0.7910079960001384}