{"s__Agathobaculum butyriciproducens": 0.75, "s__Agathobaculum desmolans": 0.7050279329608939, "s__Agathobaculum sp003481705": 0.8, "s__Agathobaculum sp900291975": 0.7285714285714286, "s__Agathobaculum sp900544475": 0.7743589743589743, "s__Agathobaculum sp900555465": 0.7007092198581559, "s__Agathobaculum sp900557315": 0.7020979020979021}