{"s__": 0.7989399293286219, "s__Anaerotignum faecicola": 0.8, "s__Anaerotignum sp001304995": 0.7749999999999999}