{"s__CAG-279 sp000437795": 0.6621438907418393, "s__CAG-279 sp900541555": null, "s__CAG-279 sp900541935": null, "s__CAG-279 sp900544305": 0.31878808480236404, "s__CAG-279 sp900548875": null, "s__CAG-279 sp900550025": null, "s__CAG-279 sp900556245": null}