{"s__CAG-110 sp000434635": 0.7180327868852459, "s__CAG-110 sp000435995": 0.70625, "s__CAG-110 sp003525905": 0.8, "s__CAG-110 sp900540635": 0.7519230769230769, "s__CAG-110 sp900544405": 0.7836065573770492, "s__CAG-110 sp900544705": 0.7469026548672566, "s__CAG-110 sp900544945": 0.7573170731707317, "s__CAG-110 sp900544975": 0.7014084507042253, "s__CAG-110 sp900546075": 0.7014084507042253, "s__CAG-110 sp900546415": 0.7107142857142856, "s__CAG-110 sp900546915": 0.7473684210526315, "s__CAG-110 sp900547405": 0.7137931034482758, "s__CAG-110 sp900548795": 0.700990099009901, "s__CAG-110 sp900549495": 0.7467455621301775, "s__CAG-110 sp900549705": 0.7234972677595628, "s__CAG-110 sp900551495": 0.7695121951219512, "s__CAG-110 sp900553805": 0.7514563106796117, "s__CAG-110 sp900554625": 0.700990099009901, "s__CAG-110 sp900554705": 0.7425287356321839, "s__CAG-110 sp900556935": 0.7276315789473684}