{"s__CAG-882 sp000435595": 0.2753310925411724, "s__CAG-882 sp003486385": 0.3203738164011721, "s__CAG-882 sp900545175": null, "s__CAG-882 sp900545455": null}