{"s__CAG-115 sp000432175": 0.7134752523841401, "s__CAG-115 sp002492075": 0.7956896551724137, "s__CAG-115 sp003507295": 0.76, "s__CAG-115 sp003531585": 0.7203339394562813}