{"s__CAG-605 sp000433255": 0.7565217391304349, "s__CAG-605 sp000433475": 0.709090909090909, "s__CAG-605 sp900545005": 0.7259259259259259}