{"s__Caecibacter hominis": 0.7789473684210526, "s__Caecibacter massiliensis": 0, "s__Caecibacter sp003467125": 0.7814814814814814, "s__Caecibacter sp900549385": 0.7927007299270072}