{"s__CAG-521 sp000437635": 0.72, "s__CAG-521 sp002329575": 0.8, "s__CAG-521 sp900544345": 0.8, "s__CAG-521 sp900545335": 0.7285714285714286, "s__CAG-521 sp900546995": 0.7101123595505618, "s__CAG-521 sp900553105": 0.7076923076923076, "s__CAG-521 sp900554675": 0.7032258064516128}