{"s__CAG-145 sp000435715": 0.8, "s__CAG-145 sp900540145": 0.704, "s__CAG-145 sp900542295": 0.7565217391304349, "s__CAG-145 sp900542565": 0.7587628865979381, "s__CAG-145 sp900545135": 0.7245283018867925}