{"s__CAG-873 sp001701165": 0.709090909090909, "s__CAG-873 sp900540625": 0.8, "s__CAG-873 sp900541865": 0.7523809523809524, "s__CAG-873 sp900548975": 0.8, "s__CAG-873 sp900550395": 0.7855072463768116, "s__CAG-873 sp900554265": 0.7722222222222221, "s__CAG-873 sp900554715": 0.7886363636363636, "s__CAG-873 sp900555715": 0.7518072289156625}