{"s__CAG-314 sp000437915": 0.7444444444444445, "s__CAG-314 sp900551395": 0.7913793103448277}