{"s__": 0.7978808570755827, "s__CAG-495 sp000432275": 0.7038461538461538, "s__CAG-495 sp000436375": 0.7636363636363637, "s__CAG-495 sp001917125": 0.7655172413793103, "s__CAG-495 sp900538765": 0.7491525423728813, "s__CAG-495 sp900540425": 0.7611650485436894, "s__CAG-495 sp900551585": 0.7454545454545454}