{"s__CAG-177 sp000431775": 0.608933651623633, "s__CAG-177 sp003514385": null, "s__CAG-177 sp003538135": 0.4449816928126033}