{"s__CAG-495 sp000432275": 0.4883701777282174, "s__CAG-495 sp000436375": 0.65699241571498, "s__CAG-495 sp001917125": 0.49558348006498026, "s__CAG-495 sp900538765": null, "s__CAG-495 sp900540425": null, "s__CAG-495 sp900551585": null}