{"s__Dysosmobacter sp000436875": 0.7058823529411764, "s__Dysosmobacter sp001916835": 0.8, "s__Dysosmobacter sp900542115": 0.7027777777777777, "s__Dysosmobacter sp900544105": 0.8, "s__Dysosmobacter sp900544615": 0.709090909090909, "s__Dysosmobacter sp900544955": 0.7885057471264367, "s__Dysosmobacter sp900546705": 0.709090909090909, "s__Dysosmobacter sp900548505": 0.7014084507042253, "s__Dysosmobacter sp900550685": 0.7224806201550387, "s__Dysosmobacter sp900551885": 0.7014084507042253, "s__Dysosmobacter sp900554425": 0.7006211180124224, "s__Dysosmobacter sp900556925": 0.7056603773584906, "s__Dysosmobacter welbionis": 0.7285714285714286}