{"s__Duodenibacillus massiliensis": 0.7893617021276595, "s__Duodenibacillus sp003472385": 0.8, "s__Duodenibacillus sp900538905": 0.7117647058823529, "s__Duodenibacillus sp900542805": 0.8, "s__Duodenibacillus sp900544255": 0.7761904761904761, "s__Duodenibacillus sp900544335": 0.8, "s__Duodenibacillus sp900552545": 0.7860139860139861, "s__Duodenibacillus sp900552915": 0.717910447761194}