{"s__Eubacterium_G sp000432355": null, "s__Eubacterium_G sp000434315": 0.39735785031199317, "s__Eubacterium_G sp000435815": 0.14823714193668602, "s__Eubacterium_G sp900548465": null, "s__Eubacterium_G sp900550135": null, "s__Eubacterium_G sp900552275": null, "s__Eubacterium_G sp900556905": null, "s__Eubacterium_G ventriosum": 0.28554427291756457}