{"s__Eubacterium_R coprostanoligenes": null, "s__Eubacterium_R sp000431535": null, "s__Eubacterium_R sp000433975": 0.6284919333891321, "s__Eubacterium_R sp000434995": 0.5634583949482503, "s__Eubacterium_R sp000436835": 0.4264604999400318, "s__Eubacterium_R sp002493325": null, "s__Eubacterium_R sp003526845": 0.6387966531623264, "s__Eubacterium_R sp014465955": null, "s__Eubacterium_R sp900539165": null, "s__Eubacterium_R sp900539325": null, "s__Eubacterium_R sp900539425": 0.6470785845084279, "s__Eubacterium_R sp900539775": 0.6558201951803222, "s__Eubacterium_R sp900539845": null, "s__Eubacterium_R sp900540235": 0.7122872323750569, "s__Eubacterium_R sp900540305": null, "s__Eubacterium_R sp900542875": null, "s__Eubacterium_R sp900543795": null, "s__Eubacterium_R sp900544515": null, "s__Eubacterium_R sp900546785": 0.6734528869187089, "s__Eubacterium_R sp900547915": null, "s__Eubacterium_R sp900548085": null, "s__Eubacterium_R sp900555015": null}