{"s__ER4 sp000765235": 0.7142857142857142, "s__ER4 sp003522105": 0.7361702127659575, "s__ER4 sp900317525": 0.7615384615384615, "s__ER4 sp900546295": 0.8, "s__ER4 sp900550165": 0.8, "s__ER4 sp900552015": 0.8, "s__ER4 sp900552375": 0.8, "s__ER4 sp900556145": 0.70625}