{"s__Eubacterium_F sp000433735": null, "s__Eubacterium_F sp000434115": null, "s__Eubacterium_F sp003491505": 0.7141165389614459, "s__Eubacterium_F sp900539115": 0.4882107976721281}