{"s__": 0.7928454140276799, "s__Faecalibacterium prausnitzii": 0.7444444444444445, "s__Faecalibacterium prausnitzii_C": 0.7166666666666666, "s__Faecalibacterium prausnitzii_D": 0.8, "s__Faecalibacterium prausnitzii_H": 0.7230769230769232, "s__Faecalibacterium prausnitzii_I": 0.7824561403508772, "s__Faecalibacterium prausnitzii_M": 0.7657142857142858, "s__Faecalibacterium sp900539885": 0.8, "s__Faecalibacterium sp900539945": 0.709090909090909, "s__Faecalibacterium sp900540455": 0.7444444444444445, "s__Faecalibacterium sp900551435": 0.7834710743801654}