{"s__Fusobacterium_A mortiferum": 0.8, "s__Fusobacterium_A sp900015295": 0.7054054054054053, "s__Fusobacterium_A sp900543175": 0.709090909090909, "s__Fusobacterium_A sp900549465": 0.7083333333333333, "s__Fusobacterium_A sp900555485": 0.7375, "s__Fusobacterium_A sp900555845": 0.8, "s__Fusobacterium_A ulcerans": 0.8, "s__Fusobacterium_A ulcerans_A": 0.7025641025641025, "s__Fusobacterium_A varium": 0.8}