{"s__Faecalibacterium prausnitzii": null, "s__Faecalibacterium prausnitzii_C": null, "s__Faecalibacterium prausnitzii_D": null, "s__Faecalibacterium prausnitzii_H": 0.3691543322984004, "s__Faecalibacterium prausnitzii_I": 0.5965391892919736, "s__Faecalibacterium prausnitzii_M": null, "s__Faecalibacterium sp900539885": 0.20772846803120898, "s__Faecalibacterium sp900539945": 0.4958496081871379, "s__Faecalibacterium sp900540455": 0.6504003477454479, "s__Faecalibacterium sp900551435": null}