{"s__Limosilactobacillus antri": 0.7193548387096773, "s__Limosilactobacillus fermentum": 0.7230769230769232, "s__Limosilactobacillus reuteri_E": 0, "s__Limosilactobacillus sp900557215": 0.7285714285714286, "s__Limosilactobacillus vaginalis_A": 0.7210526315789474}