{"s__Megasphaera massiliensis": 0.8, "s__Megasphaera sp000417505": 0.7545454545454546, "s__Megasphaera sp002319965": 0.8, "s__Megasphaera sp900539295": 0.8, "s__Megasphaera sp900540735": 0.7534883720930232, "s__Megasphaera sp900548635": 0.7038461538461538, "s__Megasphaera sp900554215": 0.8, "s__Megasphaera stantonii": 0.8}