{"s__Olsenella sp001457795": 0.8, "s__Olsenella sp900538935": 0.7895322620037888, "s__Olsenella sp900555995": 0.7790348580235154}