{"s__Prevotella copri": 0.8, "s__Prevotella copri_A": 0.8, "s__Prevotella hominis": 0.8, "s__Prevotella lascolaii": 0.7239130434782608, "s__Prevotella multisaccharivorax": 0.7032258064516128, "s__Prevotella oralis": 0.8, "s__Prevotella pectinovora": 0.7029850746268658, "s__Prevotella rara": 0.7215686274509803, "s__Prevotella salivae": 0, "s__Prevotella sp000431975": 0.7076923076923076, "s__Prevotella sp000433175": 0.7782608695652173, "s__Prevotella sp000434975": 0.709090909090909, "s__Prevotella sp000435635": 0.8, "s__Prevotella sp000436035": 0.7032258064516128, "s__Prevotella sp000436595": 0.709090909090909, "s__Prevotella sp000436695": 0.7027027027027026, "s__Prevotella sp000436915": 0.767741935483871, "s__Prevotella sp002251295": 0.7029850746268658, "s__Prevotella sp002251365": 0.7183673469387755, "s__Prevotella sp002251385": 0.7827586206896551, "s__Prevotella sp002265625": 0.7081632653061225, "s__Prevotella sp002299635": 0.7527027027027027, "s__Prevotella sp002300055": 0.7655172413793103, "s__Prevotella sp002350355": 0.8, "s__Prevotella sp002481295": 0.8, "s__Prevotella sp003447235": 0.7176470588235293, "s__Prevotella sp900290275": 0.7021739130434783, "s__Prevotella sp900313215": 0.72, "s__Prevotella sp900315955": 0.7053254437869823, "s__Prevotella sp900540375": 0.8, "s__Prevotella sp900540415": 0.7685039370078739, "s__Prevotella sp900543585": 0.7272727272727273, "s__Prevotella sp900543975": 0.7642857142857142, "s__Prevotella sp900544495": 0.8, "s__Prevotella sp900544825": 0.8, "s__Prevotella sp900545525": 0.8, "s__Prevotella sp900546345": 0.7107142857142856, "s__Prevotella sp900546535": 0.8, "s__Prevotella sp900546575": 0.8, "s__Prevotella sp900547005": 0.7850746268656716, "s__Prevotella sp900547085": 0.700523560209424, "s__Prevotella sp900548195": 0.7041450777202072, "s__Prevotella sp900548535": 0.709090909090909, "s__Prevotella sp900548585": 0.8, "s__Prevotella sp900548745": 0.7038461538461538, "s__Prevotella sp900549175": 0.7056603773584906, "s__Prevotella sp900550035": 0.8, "s__Prevotella sp900550365": 0.7814814814814814, "s__Prevotella sp900551055": 0.8, "s__Prevotella sp900551275": 0.8, "s__Prevotella sp900551985": 0.8, "s__Prevotella sp900552515": 0.8, "s__Prevotella sp900552675": 0.8, "s__Prevotella sp900552965": 0.7018691588785047, "s__Prevotella sp900553155": 0.7558011049723756, "s__Prevotella sp900553465": 0.7365079365079366, "s__Prevotella sp900553595": 0.7571428571428571, "s__Prevotella sp900553965": 0.760352422907489, "s__Prevotella sp900554045": 0.7074074074074075, "s__Prevotella sp900554545": 0.7166666666666666, "s__Prevotella sp900554695": 0.709090909090909, "s__Prevotella sp900554835": 0.8, "s__Prevotella sp900555035": 0.7230769230769232, "s__Prevotella sp900556275": 0.8, "s__Prevotella sp900556395": 0.709090909090909, "s__Prevotella sp900556795": 0.8, "s__Prevotella sp900556825": 0.701639344262295, "s__Prevotella sp900557035": 0.8, "s__Prevotella sp900557255": 0.8, "s__Prevotella sp900557405": 0.7069767441860464, "s__Prevotella stercorea": 0.709090909090909}