{"s__Parasutterella excrementihominis": 0.8, "s__Parasutterella sp000980495": 0.8, "s__Parasutterella sp009767915": 0.712280701754386, "s__Parasutterella sp900552195": 0.711111111111111, "s__Parasutterella sp900554375": 0.7047619047619047}