{"s__Phocaeicola barnesiae": 0.7264705882352942, "s__Phocaeicola coprocola": 0.709090909090909, "s__Phocaeicola coprophilus": 0.7583333333333333, "s__Phocaeicola dorei": 0.7230769230769232, "s__Phocaeicola mediterraneensis": 0.8, "s__Phocaeicola plebeius": 0.8, "s__Phocaeicola sp000432735": 0.8, "s__Phocaeicola sp000434735": 0.733774834437086, "s__Phocaeicola sp000436795": 0.8, "s__Phocaeicola sp002161565": 0.8, "s__Phocaeicola sp002161765": 0.7047619047619047, "s__Phocaeicola sp002493165": 0.8, "s__Phocaeicola sp900066445": 0.7230769230769232, "s__Phocaeicola sp900066455": 0.8, "s__Phocaeicola sp900540105": 0.7454545454545454, "s__Phocaeicola sp900541515": 0.7285714285714286, "s__Phocaeicola sp900542985": 0.721875, "s__Phocaeicola sp900544075": 0.7142857142857142, "s__Phocaeicola sp900544675": 0.7206349206349205, "s__Phocaeicola sp900546095": 0.7230769230769232, "s__Phocaeicola sp900546355": 0.7411764705882353, "s__Phocaeicola sp900546645": 0.7019607843137254, "s__Phocaeicola sp900551065": 0.8, "s__Phocaeicola sp900551445": 0.8, "s__Phocaeicola sp900551645": 0.7056603773584906, "s__Phocaeicola sp900552075": 0, "s__Phocaeicola sp900552645": 0.72, "s__Phocaeicola sp900553185": 0.751219512195122, "s__Phocaeicola sp900553715": 0.8, "s__Phocaeicola sp900554435": 0.8, "s__Phocaeicola sp900556845": 0.7166666666666666, "s__Phocaeicola sp900557085": 0.8}