{"s__Phil1 sp001940855": 0.7658108998441, "s__Phil1 sp004558525": 0.7969984466039473}