{"s__": 0.7989391796322489, "s__QALS01 sp003150575": 0.7782608695652173, "s__QALS01 sp900552625": 0.7573983761623344, "s__QALS01 sp900555925": 0.7690721649484535}