{"s__": 0.7972852585667143, "s__Ruminococcus_D bicirculans": 0.7166666666666666, "s__Ruminococcus_D sp000434695": 0.8, "s__Ruminococcus_D sp900539095": 0.7477274299702377, "s__Ruminococcus_D sp900539835": 0.7528310514432368, "s__Ruminococcus_D sp900543145": 0.7782561883496657}