{"s__": 0.7928721536422014, "s__Ruminococcus sp002438605": 0.7491216320940923, "s__Ruminococcus sp900540005": 0.7216867469879518, "s__Ruminococcus sp900545125": 0.7528795811518325}