{"s__Ruminiclostridium_E siraeum": 0.7411764705882353, "s__Ruminiclostridium_E sp003512525": 0.7145299145299144, "s__Ruminiclostridium_E sp900539195": 0.8, "s__Ruminiclostridium_E sp900556525": 0.7779005524861877}