{"s__": 0.7955304634203717, "s__Ruminococcus_C callidus": 0.7629629629629628, "s__Ruminococcus_C sp000433635": 0.7165092807892997, "s__Ruminococcus_C sp000437175": 0.7791666666666666, "s__Ruminococcus_C sp000437255": 0.7729729729729731, "s__Ruminococcus_C sp000980705": 0.8, "s__Ruminococcus_C sp900545285": 0.7375}