{"s__Ruminococcus_D bicirculans": 0.5370326451328737, "s__Ruminococcus_D sp000434695": 0.7524293691070911, "s__Ruminococcus_D sp900539095": 0.7102972788793191, "s__Ruminococcus_D sp900539835": null, "s__Ruminococcus_D sp900543145": null}