{"s__Treponema_D sp002449305": 0.6568061191184817, "s__Treponema_D sp002478955": 0.6095553091083199, "s__Treponema_D sp900541945": 0.6417615488083952, "s__Treponema_D sp900541995": 0.7487606193223935}