{"s__TF01-11 sp000436755": null, "s__TF01-11 sp001414325": 0.5871389296747618, "s__TF01-11 sp001916135": 0.634507051413671, "s__TF01-11 sp003149875": null, "s__TF01-11 sp003524945": null, "s__TF01-11 sp003529475": 0.6251126447316078}