{"s__": 0.7937815323242989, "s__UBA1394 sp900066845": 0.7545454545454546, "s__UBA1394 sp900538575": 0.7729729729729731, "s__UBA1394 sp900554975": 0.7649122807017543}