{"s__UBA4855 sp900540365": 0.8, "s__UBA4855 sp900540395": 0.7259259259259259, "s__UBA4855 sp900545015": 0.7180327868852459}