{"s__UBA1436 sp002329395": 0.7846879625692866, "s__UBA1436 sp900540405": 0.7840313082985528, "s__UBA1436 sp900541355": 0.7701911679411506}