{"s__UMGS1688 sp900544575": 0.7762241708158408, "s__UMGS1688 sp900545885": 0.7730227755589263, "s__UMGS1688 sp900553825": 0.7876543209876543, "s__UMGS1688 sp900554085": 0.769229007290104}