{"f__Anaerofustaceae": null, "f__Eubacteriaceae": 0.7773269216204728, "f__Garciellaceae": 0.7971462946787753}