{"f__Aeromonadaceae": null, "f__Enterobacteriaceae": 0.7992147350603356, "f__Succinivibrionaceae": 0.7961431650069943}