{"f__Aeromonadaceae": 0.8, "f__Enterobacteriaceae": 0.7993723500725696, "f__Succinivibrionaceae": 0.7965035330905799}