{"f__Aerococcaceae": 0.7826086956521738, "f__Enterococcaceae": 0.7663394109396915, "f__Lactobacillaceae": 0.7904534606205251, "f__Listeriaceae": 0.8, "f__Streptococcaceae": 0.7860935524652339}