{"f__UBA1381": 0.7947422982140853, "f__UBA9506": 0.7877615400516724, "f__UMGS1253": 0.7983576895088711}