{"f__Acutalibacteraceae": 0.6626068905746698, "f__Butyricicoccaceae": 0.5774444593485086, "f__CAG-272": 0.6504665699812331, "f__CAG-382": null, "f__Oscillospiraceae": 0.7401452064479104, "f__QAMX01": null, "f__Ruminococcaceae": 0.6838470612166148, "f__UBA644": null, "f__UMGS1783": null}