{"f__Acutalibacteraceae": 0.7007490636704119, "f__Butyricicoccaceae": 0.7290780141843971, "f__CAG-272": 0.7011976047904191, "f__CAG-382": 0.7137931034482758, "f__Oscillospiraceae": 0.7567131327953045, "f__QAMX01": 0.7444444444444445, "f__Ruminococcaceae": 0.7247787610619469, "f__UBA644": 0.8, "f__UMGS1783": 0.7333333333333334}