{"f__Anaerovoracaceae": 0.7974044672033318, "f__Peptostreptococcaceae": 0.7979730204045012}