{"f__Anaerovoracaceae": 0.7980198019801981, "f__Peptostreptococcaceae": 0.7988170347003154}