{"f__Gemellaceae": 0.7532450243939546, "f__Salinicoccaceae": 0.7902502102275952, "f__Staphylococcaceae": 0.789163259313834}