{"f__Peptoniphilaceae": 0.7906790945406126, "f__Sedimentibacteraceae": 0.7821438934674225, "f__Sporanaerobacteraceae": 0.7142857142857142, "f__Tepidimicrobiaceae": 0.8, "f__Tissierellaceae": 0.7349790329204866}