{"c__Clostridia": 0.789750604096557, "c__Clostridia_A": 0.7564900526431493}