{"c__Alphaproteobacteria": 0.7928339213794708, "c__Gammaproteobacteria": 0.7979131785614104}