{"o__2-12-FULL-37-12": 0.8, "o__AKYH767": 0.7577464788732393, "o__AKYH767-A": 0.7411764705882353, "o__Bacteroidales": 0.7849146486701071, "o__CAILMK01": 0.8, "o__Chitinophagales": 0.7518987341772152, "o__Cytophagales": 0.7478991596638656, "o__Flavobacteriales": 0.7815950920245398, "o__J057": 0.8, "o__NS11-12g": 0.7506172839506173, "o__SpSt-205": 0.8, "o__Sphingobacteriales": 0.793324432576769, "o__UBA7662": 0.7444444444444445}