{"o__Acholeplasmatales": 0.7415584415584415, "o__Aneurinibacillales": 0.7473684210526315, "o__Bacillales": 0.7517819706498952, "o__Bacillales_A": 0.7925373134328357, "o__Bacillales_B": 0.7284071331052597, "o__Bacillales_C": 0.8, "o__Bacillales_D": 0.7650655021834061, "o__Bacillales_E": 0.778723404255319, "o__Bacillales_F": 0.8, "o__Bacillales_G": 0.7772727272727273, "o__Bacillales_H": 0.7398148148148147, "o__Brevibacillales": 0.8, "o__Caldalkalibacillales": 0.8, "o__Calditerricolales": 0.8, "o__DSM-22653": 0.8, "o__Erysipelotrichales": 0.772568578553616, "o__Exiguobacterales": 0.7864024481587348, "o__Haloplasmatales": 0.7859154929577465, "o__Haloplasmatales_A": 0.8, "o__Izemoplasmatales": 0.7333333333333334, "o__Lactobacillales": 0.7946690359840072, "o__MAG-NZ": 0.8, "o__ML615J-28": 0.701639344262295, "o__Mycoplasmatales": 0.7850746268656716, "o__Paenibacillales": 0.7928400954653938, "o__RF39": 0.7846449136276392, "o__RFN20": 0.7861591695501731, "o__Rubeoparvulales": 0.8, "o__Staphylococcales": 0.7902597402597402, "o__Tepidibacillales": 0.8, "o__Thermicanales": 0.8, "o__Thermoactinomycetales": 0.7767441860465116, "o__ZOR0006": 0.8}