{"o__Acetivibrionales": 0.7011627906976745, "o__Clostridiales": 0.7888641425389755, "o__DUPQ01": 0.8, "o__Eubacteriales": 0.7107142857142856, "o__HGM11514": 0.8, "o__JAAYHZ01": 0.8, "o__Lachnospirales": 0.7650529015710164, "o__Lutisporales": 0.7411764705882353, "o__Monoglobales": 0.709090909090909, "o__Monoglobales_A": 0.7230769230769232, "o__Oscillospirales": 0.7616658977394843, "o__Peptostreptococcales": 0.7117647058823529, "o__RUG12999": 0.8, "o__SK-Y3": 0.8, "o__Saccharofermentanales": 0.7693877551020407, "o__TANB77": 0.7957081545064377, "o__Tissierellales": 0.7220500767002032, "o__UBA1212": 0.7615384615384615, "o__UBA4821": 0.7565217391304349, "o__UBA8921": 0.8, "o__UMGS1810": 0.78, "o__UMGS1840": 0.8, "o__UMGS1883": 0.8, "o__WRCU01": 0.8, "o__WRLR01": 0.8}