{"p__Actinobacteriota": 0.7474035020482952, "p__Bacteroidota": 0.7297752808988764, "p__Campylobacterota": 0.7024390243902439, "p__Cyanobacteria": 0.7105691056910568, "p__Desulfobacterota": 0.7166666666666666, "p__Elusimicrobiota": 0, "p__Eremiobacterota": 0.7354838709677418, "p__Fibrobacterota": 0.7036144578313253, "p__Firmicutes": 0.7490291262135922, "p__Firmicutes_A": 0.700414937759336, "p__Firmicutes_C": 0.8, "p__Planctomycetota": 0.709090909090909, "p__Proteobacteria": 0.7470387243735763, "p__Riflebacteria": 0.8, "p__Spirochaetota": 0.8, "p__Verrucomicrobiota": 0.7036144578313253}