{"g__43-108": 0.8, "g__Alloprevotella": 0.7743589743589743, "g__Bacteroides": 0.72, "g__Bacteroides_E": 0.8, "g__Bacteroides_G": 0.8, "g__CAG-462": 0.8, "g__CAG-617": 0.8, "g__F0040": 0.8, "g__Ga6A1": 0.8, "g__HGM04593": 0.8, "g__HGM04792": 0.8, "g__JAAYSY01": 0.8, "g__JAAYUD01": 0.8, "g__OM05-12": 0.7681622535980135, "g__Paraprevotella": 0.7301313885978016, "g__Phocaeicola": 0.7259259259259259, "g__Prevotella": 0.7130434782608694, "g__Prevotellamassilia": 0.7130434782608694, "g__RUG11857": 0.7565217391304349, "g__RUG13423": 0.8, "g__RUG210": 0.8, "g__UBA1179": 0.8, "g__UBA1189": 0.8, "g__UBA1786": 0.7696969696969698, "g__UBA1794": 0.8, "g__UBA2918": 0.8, "g__UBA3839": 0.8, "g__UBA4293": 0.8, "g__UBA4334": 0.7459459459459459, "g__UBA4372": 0.7285714285714286, "g__UBA6382": 0.76875, "g__UBA6398": 0.8}