{"g__CT4": 0.767741935483871, "g__Clostridium": 0.7339876857709791, "g__Clostridium_AA": 0.8, "g__Clostridium_AC": 0.8, "g__Clostridium_AD": 0.7210526315789474, "g__Clostridium_AE": 0.7809960229575761, "g__Clostridium_AF": 0.8, "g__Clostridium_AG": 0.8, "g__Clostridium_AH": 0.7745184938944838, "g__Clostridium_AK": 0.8, "g__Clostridium_AM": 0.7743589743589743, "g__Clostridium_AN": 0.8, "g__Clostridium_AO": 0.8, "g__Clostridium_B": 0.7740903819845237, "g__Clostridium_C": 0.7661793251058786, "g__Clostridium_D": 0.77635634750431, "g__Clostridium_F": 0.7472852573248996, "g__Clostridium_G": 0.8, "g__Clostridium_H": 0.767741935483871, "g__Clostridium_I": 0.7568915278635522, "g__Clostridium_J": 0.75, "g__Clostridium_K": 0.7590392809308224, "g__Clostridium_L": 0.7428571428571429, "g__Clostridium_P": 0.7225879893358134, "g__Clostridium_S": 0.8, "g__Clostridium_T": 0.7583333333333333, "g__Clostridium_X": 0.8, "g__Clostridium_Z": 0.7784550104240646, "g__Desnuesiella": 0.7719623426470237, "g__Dwaynesavagella": 0.8, "g__F0540": 0.8, "g__Haloimpatiens": 0.7444444444444445, "g__Hathewaya": 0.7722222222222221, "g__JAAZDF01": 0.8, "g__JACMJL01": 0.8, "g__JG1575": 0.8, "g__JN-1": 0.8, "g__JN-9": 0.8, "g__P4200": 0.8, "g__Proteiniclasticum": 0.8, "g__UBA3947": 0.7871003021477543, "g__UBA699": 0.8, "g__UBA701": 0.8, "g__VULX01": 0.8, "g__WQUF01": 0.8, "g__Youngiibacter": 0.7900267555433378}