{"g__Absicoccus": 0.8, "g__Allobaculum": 0.8, "g__Amedibacillus": 0.8, "g__Amedibacterium": 0.8, "g__Anaerorhabdus": 0.8, "g__Breznakia": 0.8, "g__Bulleidia": 0.7166666666666666, "g__C-19": 0.8, "g__Catenisphaera": 0.8, "g__Clostridium_AQ": 0.8, "g__DONG20-135": 0.7239684223516301, "g__DUUI01": 0.8, "g__Dielma": 0.8, "g__Dubosiella": 0.8, "g__Erysipelothrix": 0.8, "g__Faecalibaculum": 0.8, "g__Faecalicoccus": 0.8, "g__Faecalitalea": 0.8, "g__GWE2-51-13": 0.8, "g__Holdemanella": 0.8, "g__Holdemania": 0.8, "g__Ileibacterium": 0.8, "g__JAAZDN01": 0.8, "g__Longicatena": 0.7832930496204933, "g__Massilicoli": 0.8, "g__Merdibacter": 0.7736842105263158, "g__NSJ-61": 0.8, "g__RQZE01": 0.8, "g__RUG11795": 0.7583333333333333, "g__RUG11872": 0.8, "g__RUG14284": 0.8, "g__RUG14871": 0.8, "g__RUG521": 0.7771594638104937, "g__Traorella": 0.8, "g__UBA1783": 0.8, "g__UBA2212": 0.7853870641138683, "g__UBA2227": 0.7722222222222221, "g__UBA4312": 0.8, "g__UBA6182": 0.8, "g__UBA636": 0.718440618143467, "g__UBA9076": 0.8, "g__VUMM01": 0.7774395915364805}