{"g__CAIRAY01": 0.8, "g__Fibro-01": 0.7944254560514645, "g__Fibrobacter": 0.7844487120418799, "g__Fibrobacter_A": 0.8, "g__Fibromonas": 0.7948745347598227, "g__JAAYJH01": 0.8, "g__JAAZFC01": 0.8, "g__UBA1313": 0.8, "g__UBA1765": 0.8}