{"g__Amulumruptor": 0.7502401610086276, "g__CAG-1031": 0.8, "g__CAG-279": 0.7770990361000598, "g__CAG-485": 0.7250000000000001, "g__CAG-873": 0.729546175854987, "g__Duncaniella": 0.7032258064516128, "g__HGM05190": 0.8, "g__HGM05232": 0.8, "g__M3": 0.8, "g__Muribaculum": 0.7441964814995072, "g__Paramuribaculum": 0.7189189189189189, "g__RUG14106": 0.8, "g__SFRY01": 0.8, "g__SFTJ01": 0.8, "g__Sodaliphilus": 0.7583486842414318, "g__UBA3263": 0.8, "g__UBA7173": 0.7705882352941176, "g__W0P31-042": 0.7754222238910782}