{"g__HGM05376": 0.8, "g__Phil12": 0.8, "g__RUG11139": 0.8, "g__UBA10566": 0.8, "g__UBA1217": 0.7950771335496636, "g__UBA1219": 0.8, "g__UBA1711": 0.7895866318877183, "g__UBA3388": 0.8, "g__WRKV01": 0.8}