{"g__DUPM01": 0.7764819310955111, "g__Firm-13": 0.8, "g__Firm-16": 0.8, "g__JAAYCT01": 0.8, "g__Saccharofermentans": 0.7959378216131936}