{"g__DUOL01": 0.8, "g__F23-D06": 0.8, "g__JAAYKF01": 0.8, "g__RUG11942": 0.8, "g__UBA1195": 0.8, "g__UBA1205": 0.7926716563324989, "g__UBA1756": 0.8, "g__UBA5266": 0.8, "g__UBA5429": 0.7867271554564177}