{"s__CAG-83 sp000431575": 0.8, "s__CAG-83 sp000435555": 0.7816899608718837, "s__CAG-83 sp000435975": 0.7695341887827192, "s__CAG-83 sp001916855": 0.7949068781056257, "s__CAG-83 sp002309395": 0.8, "s__CAG-83 sp002392625": 0.8, "s__CAG-83 sp002438575": 0.7857518596701227, "s__CAG-83 sp003487665": 0.8, "s__CAG-83 sp003539495": 0.8, "s__CAG-83 sp004555205": 0.8, "s__CAG-83 sp004557655": 0.7949285530400174, "s__CAG-83 sp012719745": 0.7874916314878411, "s__CAG-83 sp900313295": 0.8, "s__CAG-83 sp900317425": 0.8, "s__CAG-83 sp900545495": 0.8, "s__CAG-83 sp900545585": 0.8, "s__CAG-83 sp900547745": 0.8, "s__CAG-83 sp900548615": 0.7983554027722317, "s__CAG-83 sp900549395": 0.8, "s__CAG-83 sp900550585": 0.7743589743589743, "s__CAG-83 sp900550615": 0.8, "s__CAG-83 sp900551355": 0.7757321538432207, "s__CAG-83 sp900551995": 0.8, "s__CAG-83 sp900552475": 0.8, "s__CAG-83 sp900552725": 0.8, "s__CAG-83 sp900554275": 0.8, "s__CAG-83 sp900555735": 0.8, "s__CAG-83 sp900556015": 0.8, "s__CAG-83 sp900756715": 0.8, "s__CAG-83 sp900757415": 0.8, "s__CAG-83 sp902388735": 0.7996442457753112}