{"s__CAG-1000 sp000434555": 0.7736842105263158, "s__CAG-1000 sp000436975": 0.7868057968703748, "s__CAG-1000 sp004552445": 0.8, "s__CAG-1000 sp004560915": 0.8, "s__CAG-1000 sp012512795": 0.8, "s__CAG-1000 sp900313815": 0.8, "s__CAG-1000 sp900556025": 0.8, "s__CAG-1000 sp900761555": 0.8, "s__CAG-1000 sp900768345": 0.8, "s__CAG-1000 sp900772435": 0.8, "s__CAG-1000 sp902761685": 0.8, "s__CAG-1000 sp902764145": 0.8, "s__CAG-1000 sp902775285": 0.8, "s__CAG-1000 sp902778125": 0.8}