{"s__Campylobacter fetus": 0.7841803465652111, "s__Campylobacter hyointestinalis": 0.8, "s__Campylobacter iguaniorum": 0.8, "s__Campylobacter lanienae": 0.8, "s__Campylobacter lawsonii": 0.8, "s__Campylobacter sp002139855": 0.8, "s__Campylobacter sp002139875": 0.7666240604918519, "s__Campylobacter sp002139915": 0.7714285714285714, "s__Campylobacter sp002317305": 0.8, "s__Campylobacter sp013416015": 0.8, "s__Campylobacter sp900319915": 0.8, "s__Campylobacter sp900753405": 0.8, "s__Campylobacter testudinum": 0.8}