{"s__F082 sp001543395": 0.8, "s__F082 sp001603665": 0.8, "s__F082 sp002310075": 0.7714285714285714, "s__F082 sp002311655": 0.8, "s__F082 sp002396205": 0.8, "s__F082 sp002633315": 0.8, "s__F082 sp900315175": 0.8, "s__F082 sp900317055": 0.75, "s__F082 sp900317155": 0.7253089543044524, "s__F082 sp900318085": 0.8, "s__F082 sp900318265": 0.7714285714285714, "s__F082 sp900318465": 0.7459459459459459, "s__F082 sp900321315": 0.8, "s__F082 sp900542475": 0.8, "s__F082 sp900769945": 0.8, "s__F082 sp900771045": 0.8, "s__F082 sp902767725": 0.7431281964465113, "s__F082 sp902769815": 0.7285714285714286, "s__F082 sp902769875": 0.709090909090909, "s__F082 sp902770835": 0.8, "s__F082 sp902771635": 0.8, "s__F082 sp902774295": 0.8, "s__F082 sp902774365": 0.8, "s__F082 sp902783365": 0.8, "s__F082 sp902785755": 0.7375, "s__F082 sp902786745": 0.8, "s__F082 sp902787095": 0.8, "s__F082 sp902789915": 0.7565217391304349, "s__F082 sp902791165": 0.8, "s__F082 sp902794155": 0.7565217391304349, "s__F082 sp902799345": 0.72, "s__F082 sp902800965": 0.8, "s__F082 sp902801465": 0.8, "s__F082 sp902801625": 0.7047619047619047, "s__F082 sp902802535": 0.72}