{"s__F23-D06 sp002311645": 0.8, "s__F23-D06 sp002392325": 0.8, "s__F23-D06 sp900315245": 0.8, "s__F23-D06 sp900315705": 0.8, "s__F23-D06 sp900316305": 0.7714285714285714, "s__F23-D06 sp900317715": 0.8, "s__F23-D06 sp900319925": 0.8, "s__F23-D06 sp902770735": 0.8, "s__F23-D06 sp902771655": 0.8, "s__F23-D06 sp902786595": 0.8, "s__F23-D06 sp902796805": 0.8, "s__F23-D06 sp902797625": 0.8, "s__F23-D06 sp902802755": 0.7874246781051673}