{"s__Lactococcus fujiensis": 0.8, "s__Lactococcus garvieae": 0.8, "s__Lactococcus garvieae_A": 0.8, "s__Lactococcus garvieae_B": 0.8, "s__Lactococcus hircilactis": 0.8, "s__Lactococcus lactis": 0.767741935483871, "s__Lactococcus lactis_A": 0.8, "s__Lactococcus lactis_E": 0.7273169318087618, "s__Lactococcus petauri": 0.7117647058823529, "s__Lactococcus sp002492185": 0.8, "s__Lactococcus sp003627095": 0.7770142642962063, "s__Lactococcus sp004210295": 0.8, "s__Lactococcus sp006965445": 0.8, "s__Lactococcus sp009601055": 0.8, "s__Lactococcus sp009779335": 0.8, "s__Lactococcus termiticola": 0.8}