{"s__Methanobrevibacter_A gottschalkii": 0.8, "s__Methanobrevibacter_A millerae": 0.8, "s__Methanobrevibacter_A millerae_A": 0.7230769230769232, "s__Methanobrevibacter_A oralis": 0.7722222222222221, "s__Methanobrevibacter_A smithii": 0.7479721589127448, "s__Methanobrevibacter_A smithii_A": 0.7736842105263158, "s__Methanobrevibacter_A sp001548675": 0.7429989973715545, "s__Methanobrevibacter_A sp002496065": 0.8, "s__Methanobrevibacter_A sp900313645": 0.8, "s__Methanobrevibacter_A sp900314615": 0.8, "s__Methanobrevibacter_A sp900314695": 0.7310344827586206, "s__Methanobrevibacter_A sp900316895": 0.8, "s__Methanobrevibacter_A sp900317865": 0.7736842105263158, "s__Methanobrevibacter_A sp900318035": 0.8, "s__Methanobrevibacter_A sp900319535": 0.8, "s__Methanobrevibacter_A sp900319985": 0.7210526315789474, "s__Methanobrevibacter_A sp900320515": 0.7473684210526315, "s__Methanobrevibacter_A sp900320955": 0.7411764705882353, "s__Methanobrevibacter_A sp900766745": 0.8, "s__Methanobrevibacter_A sp900769095": 0.8, "s__Methanobrevibacter_A sp902763935": 0.8, "s__Methanobrevibacter_A sp902764015": 0.8, "s__Methanobrevibacter_A sp902764455": 0.8, "s__Methanobrevibacter_A sp902768765": 0.7230769230769232, "s__Methanobrevibacter_A sp902770715": 0.8, "s__Methanobrevibacter_A sp902771435": 0.8, "s__Methanobrevibacter_A sp902772665": 0.8, "s__Methanobrevibacter_A sp902774605": 0.8, "s__Methanobrevibacter_A sp902777885": 0.7130434782608694, "s__Methanobrevibacter_A sp902782595": 0.8, "s__Methanobrevibacter_A sp902783085": 0.8, "s__Methanobrevibacter_A sp902785855": 0.8, "s__Methanobrevibacter_A sp902788255": 0.8, "s__Methanobrevibacter_A sp902789505": 0.8, "s__Methanobrevibacter_A sp902794475": 0.76, "s__Methanobrevibacter_A sp902796575": 0.8, "s__Methanobrevibacter_A sp902801725": 0.8, "s__Methanobrevibacter_A thaueri": 0.7750690308121908, "s__Methanobrevibacter_A woesei": 0.8}