{"s__NK3B98 sp000421005": 0.8, "s__NK3B98 sp001941075": 0.8, "s__NK3B98 sp003150485": 0.8, "s__NK3B98 sp900314485": 0.8, "s__NK3B98 sp900545815": 0.7722222222222221, "s__NK3B98 sp900752305": 0.7583333333333333, "s__NK3B98 sp900758315": 0.8}