{"s__Phil12 sp002633275": 0.7633111073808181, "s__Phil12 sp900314725": 0.8, "s__Phil12 sp900315335": 0.7498636249678625, "s__Phil12 sp900319595": 0.8}