{"s__RUG472 sp900319345": 0.7210526315789474, "s__RUG472 sp900545265": 0.8, "s__RUG472 sp902761365": 0.8, "s__RUG472 sp902765005": 0.8, "s__RUG472 sp902768995": 0.7032258064516128, "s__RUG472 sp902786465": 0.8, "s__RUG472 sp902798825": 0.7833905210316621, "s__RUG472 sp902801845": 0.8, "s__RUG472 sp902802575": 0.8, "s__RUG472 sp902802805": 0.8}