{"s__RUG099 sp001513255": 0.8, "s__RUG099 sp012510935": 0.8, "s__RUG099 sp012840975": 0.8, "s__RUG099 sp900315485": 0.7721299601360805, "s__RUG099 sp900317675": 0.8, "s__RUG099 sp900318105": 0.7984161481991565, "s__RUG099 sp900320285": 0.7520963043827131, "s__RUG099 sp902760855": 0.8, "s__RUG099 sp902765035": 0.756094212812463, "s__RUG099 sp902773835": 0.8, "s__RUG099 sp902774195": 0.8, "s__RUG099 sp902774265": 0.8, "s__RUG099 sp902775345": 0.8, "s__RUG099 sp902776285": 0.8, "s__RUG099 sp902778585": 0.7946135996779149, "s__RUG099 sp902779185": 0.8, "s__RUG099 sp902780815": 0.8, "s__RUG099 sp902786355": 0.7904638206023835, "s__RUG099 sp902786855": 0.8, "s__RUG099 sp902788245": 0.8, "s__RUG099 sp902790885": 0.8, "s__RUG099 sp902790965": 0.8, "s__RUG099 sp902793875": 0.8, "s__RUG099 sp902795265": 0.8, "s__RUG099 sp902798745": 0.8, "s__RUG099 sp902801255": 0.8}