{"s__RUG572 sp002373695": 0.8, "s__RUG572 sp900320225": 0.8, "s__RUG572 sp900547945": 0.8, "s__RUG572 sp900771305": 0.8, "s__RUG572 sp902761035": 0.8, "s__RUG572 sp902763655": 0.7259259259259259, "s__RUG572 sp902769585": 0.7473684210526315, "s__RUG572 sp902779075": 0.8, "s__RUG572 sp902779865": 0.7459459459459459, "s__RUG572 sp902802945": 0.8, "s__RUG572 sp902803135": 0.8}