{"s__RF16 sp002308195": 0.8, "s__RF16 sp002308815": 0.8, "s__RF16 sp002309255": 0.8, "s__RF16 sp002309835": 0.8, "s__RF16 sp002310195": 0.8, "s__RF16 sp002315745": 0.7814964406712639, "s__RF16 sp002317295": 0.8, "s__RF16 sp002351925": 0.8, "s__RF16 sp002352705": 0.8, "s__RF16 sp002354055": 0.7729729729729731, "s__RF16 sp002368645": 0.8, "s__RF16 sp002369075": 0.8, "s__RF16 sp002371785": 0.8, "s__RF16 sp002372135": 0.8, "s__RF16 sp002373505": 0.7705882352941176, "s__RF16 sp002387325": 0.8, "s__RF16 sp002392745": 0.7915345591676677, "s__RF16 sp002394335": 0.8, "s__RF16 sp002394395": 0.8, "s__RF16 sp002395805": 0.8, "s__RF16 sp002440265": 0.8, "s__RF16 sp002449665": 0.8, "s__RF16 sp002452095": 0.8, "s__RF16 sp002477945": 0.7995483428565722, "s__RF16 sp002479035": 0.7976253508213675, "s__RF16 sp900316005": 0.8, "s__RF16 sp900316845": 0.7393939393939395, "s__RF16 sp900317345": 0.8, "s__RF16 sp900317745": 0.8, "s__RF16 sp900317885": 0.7393939393939395, "s__RF16 sp900318245": 0.7760708131524419, "s__RF16 sp900319005": 0.8, "s__RF16 sp900319025": 0.8, "s__RF16 sp900319035": 0.76, "s__RF16 sp900319105": 0.8, "s__RF16 sp900319645": 0.8, "s__RF16 sp900319995": 0.7846197462862792, "s__RF16 sp900320865": 0.8, "s__RF16 sp900321005": 0.7859014220808842, "s__RF16 sp900321605": 0.70625, "s__RF16 sp900321775": 0.7908824186079764, "s__RF16 sp900542355": 0.8, "s__RF16 sp900556095": 0.8, "s__RF16 sp900766775": 0.8, "s__RF16 sp900767595": 0.8, "s__RF16 sp900768725": 0.7867666824404453, "s__RF16 sp902762355": 0.7600133505577611, "s__RF16 sp902765485": 0.7268160816399054, "s__RF16 sp902769535": 0.8, "s__RF16 sp902771935": 0.8, "s__RF16 sp902774075": 0.8, "s__RF16 sp902774185": 0.8, "s__RF16 sp902774995": 0.7166666666666666, "s__RF16 sp902778935": 0.775891910666074, "s__RF16 sp902779705": 0.8, "s__RF16 sp902780235": 0.7705882352941176, "s__RF16 sp902780495": 0.8, "s__RF16 sp902783545": 0.8, "s__RF16 sp902784585": 0.8, "s__RF16 sp902785605": 0.8, "s__RF16 sp902785805": 0.8, "s__RF16 sp902792535": 0.7583333333333333, "s__RF16 sp902792835": 0.8, "s__RF16 sp902798015": 0.762930443121967, "s__RF16 sp902798385": 0.8, "s__RF16 sp902798965": 0.8, "s__RF16 sp902799185": 0.7565217391304349, "s__RF16 sp902799555": 0.8, "s__RF16 sp902799705": 0.8, "s__RF16 sp902799875": 0.8, "s__RF16 sp902800215": 0.7855108810081632, "s__RF16 sp902800525": 0.8}