{"s__Sodaliphilus pleomorphus": 0.7666666666666666, "s__Sodaliphilus sp002314465": 0.8, "s__Sodaliphilus sp002353285": 0.8, "s__Sodaliphilus sp002353885": 0.8, "s__Sodaliphilus sp002395965": 0.8, "s__Sodaliphilus sp002396085": 0.8, "s__Sodaliphilus sp002396125": 0.8, "s__Sodaliphilus sp002476625": 0.8, "s__Sodaliphilus sp004557565": 0.8, "s__Sodaliphilus sp004559845": 0.8, "s__Sodaliphilus sp900314215": 0.8, "s__Sodaliphilus sp900316835": 0.7784242576166811, "s__Sodaliphilus sp900317325": 0.8, "s__Sodaliphilus sp900317835": 0.8, "s__Sodaliphilus sp900318065": 0.8, "s__Sodaliphilus sp900318205": 0.7473684210526315, "s__Sodaliphilus sp900318255": 0.8, "s__Sodaliphilus sp900318335": 0.8, "s__Sodaliphilus sp900318345": 0.8, "s__Sodaliphilus sp900318535": 0.8, "s__Sodaliphilus sp900318645": 0.8, "s__Sodaliphilus sp900318865": 0.8, "s__Sodaliphilus sp900319525": 0.8, "s__Sodaliphilus sp900320055": 0.8, "s__Sodaliphilus sp900320245": 0.8, "s__Sodaliphilus sp900322135": 0.8, "s__Sodaliphilus sp900770215": 0.7166666666666666, "s__Sodaliphilus sp902760865": 0.8, "s__Sodaliphilus sp902761475": 0.8, "s__Sodaliphilus sp902762385": 0.7743589743589743, "s__Sodaliphilus sp902768435": 0.8, "s__Sodaliphilus sp902772455": 0.7583333333333333, "s__Sodaliphilus sp902772965": 0.8, "s__Sodaliphilus sp902774055": 0.7686725080585053, "s__Sodaliphilus sp902776435": 0.7681531735999225, "s__Sodaliphilus sp902776835": 0.7964397897225914, "s__Sodaliphilus sp902776955": 0.8, "s__Sodaliphilus sp902777835": 0.8, "s__Sodaliphilus sp902779125": 0.7230769230769232, "s__Sodaliphilus sp902781045": 0.8, "s__Sodaliphilus sp902782465": 0.7666666666666666, "s__Sodaliphilus sp902782545": 0.8, "s__Sodaliphilus sp902784675": 0.8, "s__Sodaliphilus sp902785925": 0.751219512195122, "s__Sodaliphilus sp902786725": 0.8, "s__Sodaliphilus sp902787185": 0.8, "s__Sodaliphilus sp902792435": 0.7743589743589743, "s__Sodaliphilus sp902792895": 0.8, "s__Sodaliphilus sp902793405": 0.8, "s__Sodaliphilus sp902800715": 0.7714285714285714}