{"s__UBA6382 sp002315195": 0.8, "s__UBA6382 sp002372095": 0.7487179487179487, "s__UBA6382 sp002439755": 0.8, "s__UBA6382 sp003446955": 0.7477940490053085, "s__UBA6382 sp900316315": 0.7743589743589743, "s__UBA6382 sp900318305": 0.8, "s__UBA6382 sp900557555": 0.8, "s__UBA6382 sp902773055": 0.8, "s__UBA6382 sp902788275": 0.8, "s__UBA6382 sp902792555": 0.8}