{"s__UBA2813 sp002361485": 0.8, "s__UBA2813 sp900314375": 0.8, "s__UBA2813 sp900319365": 0.8, "s__UBA2813 sp902765655": 0.7545454545454546, "s__UBA2813 sp902766395": 0.8, "s__UBA2813 sp902766975": 0.7057478225848988, "s__UBA2813 sp902774905": 0.746605936570583, "s__UBA2813 sp902777855": 0.8, "s__UBA2813 sp902788345": 0.8, "s__UBA2813 sp902791985": 0.8, "s__UBA2813 sp902792085": 0.8, "s__UBA2813 sp902794035": 0.8, "s__UBA2813 sp902796825": 0.8, "s__UBA2813 sp902801985": 0.7617971172360751, "s__UBA2813 sp902802825": 0.7583333333333333}