{"s__UBA4372 sp002297545": 0.8, "s__UBA4372 sp002314945": 0.7957348883775668, "s__UBA4372 sp002316015": 0.8, "s__UBA4372 sp002317475": 0.8, "s__UBA4372 sp002373535": 0.8, "s__UBA4372 sp002391275": 0.8, "s__UBA4372 sp002394305": 0.8, "s__UBA4372 sp002395775": 0.7887393380492724, "s__UBA4372 sp002450165": 0.8, "s__UBA4372 sp002494215": 0.8, "s__UBA4372 sp004559785": 0.8, "s__UBA4372 sp900313335": 0.8, "s__UBA4372 sp900313705": 0.7798588694115831, "s__UBA4372 sp900316355": 0.8, "s__UBA4372 sp900318115": 0.7722222222222221, "s__UBA4372 sp900320435": 0.7310344827586206, "s__UBA4372 sp900320565": 0.8, "s__UBA4372 sp900320715": 0.8, "s__UBA4372 sp900543815": 0.8, "s__UBA4372 sp900766785": 0.8, "s__UBA4372 sp900770805": 0.8, "s__UBA4372 sp902763865": 0.8, "s__UBA4372 sp902768605": 0.8, "s__UBA4372 sp902770725": 0.7565217391304349, "s__UBA4372 sp902771725": 0.76, "s__UBA4372 sp902775385": 0.8, "s__UBA4372 sp902776455": 0.8, "s__UBA4372 sp902778625": 0.8, "s__UBA4372 sp902779165": 0.8, "s__UBA4372 sp902779315": 0.7768027423406714, "s__UBA4372 sp902779845": 0.8, "s__UBA4372 sp902781515": 0.8, "s__UBA4372 sp902783655": 0.7882258741766077, "s__UBA4372 sp902783885": 0.7916994551994483, "s__UBA4372 sp902784475": 0.709090909090909, "s__UBA4372 sp902788315": 0.8, "s__UBA4372 sp902791295": 0.7613418786564097, "s__UBA4372 sp902791675": 0.7813016008482607, "s__UBA4372 sp902799985": 0.8, "s__UBA4372 sp902801325": 0.8, "s__UBA4372 sp902801485": 0.7700458991617329, "s__UBA4372 sp902802815": 0.8, "s__UBA4372 sp902803195": 0.8}