{"s__UBA3789 sp002369415": 0.8, "s__UBA3789 sp900314225": 0.8, "s__UBA3789 sp900543055": 0.8, "s__UBA3789 sp902764545": 0.8, "s__UBA3789 sp902768065": 0.8, "s__UBA3789 sp902776735": 0.7411764705882353, "s__UBA3789 sp902780395": 0.8, "s__UBA3789 sp902780585": 0.8, "s__UBA3789 sp902782835": 0.8, "s__UBA3789 sp902783315": 0.8, "s__UBA3789 sp902783435": 0.7977987370031283, "s__UBA3789 sp902788735": 0.8, "s__UBA3789 sp902793315": 0.8, "s__UBA3789 sp902794075": 0.7303648564180736, "s__UBA3789 sp902796215": 0.8, "s__UBA3789 sp902797265": 0.8, "s__UBA3789 sp902798815": 0.8}