{"s__UBA1367 sp002305995": 0.8, "s__UBA1367 sp002449555": 0.8, "s__UBA1367 sp900314645": 0.8, "s__UBA1367 sp902766835": 0.8, "s__UBA1367 sp902772435": 0.8, "s__UBA1367 sp902777325": 0.8, "s__UBA1367 sp902778135": 0.8, "s__UBA1367 sp902779675": 0.8, "s__UBA1367 sp902788705": 0.8, "s__UBA1367 sp902790135": 0.8, "s__UBA1367 sp902797175": 0.7918445467019164, "s__UBA1367 sp902801175": 0.7832981435020416}