{"s__UBA1232 sp002309115": 0.8, "s__UBA1232 sp002315995": 0.8, "s__UBA1232 sp002372015": 0.8, "s__UBA1232 sp004561775": 0.8, "s__UBA1232 sp900316795": 0.8, "s__UBA1232 sp900322025": 0.8, "s__UBA1232 sp900544815": 0.8, "s__UBA1232 sp900769385": 0.7927363444018682, "s__UBA1232 sp900769735": 0.8, "s__UBA1232 sp902769525": 0.7985533517141936, "s__UBA1232 sp902780455": 0.8, "s__UBA1232 sp902797115": 0.8, "s__UBA1232 sp902797895": 0.8}