{"s__UBA2862 sp002350605": 0.8, "s__UBA2862 sp900315585": 0.8, "s__UBA2862 sp900317565": 0.8, "s__UBA2862 sp900318045": 0.8, "s__UBA2862 sp902764285": 0.8, "s__UBA2862 sp902765305": 0.8, "s__UBA2862 sp902765395": 0.7130434782608694, "s__UBA2862 sp902773515": 0.7565217391304349, "s__UBA2862 sp902777335": 0.8, "s__UBA2862 sp902778045": 0.8, "s__UBA2862 sp902778995": 0.8, "s__UBA2862 sp902785105": 0.8, "s__UBA2862 sp902790175": 0.76, "s__UBA2862 sp902790525": 0.709090909090909, "s__UBA2862 sp902793325": 0.8, "s__UBA2862 sp902798105": 0.8, "s__UBA2862 sp902799045": 0.8, "s__UBA2862 sp902799465": 0.8, "s__UBA2862 sp902800625": 0.7487179487179487, "s__UBA2862 sp902801165": 0.8}