{"s__UBA4334 sp002317225": 0.8, "s__UBA4334 sp002342585": 0.7965492441499509, "s__UBA4334 sp002353215": 0.8, "s__UBA4334 sp002353575": 0.7963775991187763, "s__UBA4334 sp002363115": 0.7964911519092708, "s__UBA4334 sp002393555": 0.8, "s__UBA4334 sp009177185": 0.8, "s__UBA4334 sp012729225": 0.8, "s__UBA4334 sp900316505": 0.8, "s__UBA4334 sp900316975": 0.8, "s__UBA4334 sp900318775": 0.8, "s__UBA4334 sp902768125": 0.8, "s__UBA4334 sp902774005": 0.8, "s__UBA4334 sp902786925": 0.8, "s__UBA4334 sp902800305": 0.8, "s__UBA4334 sp902801475": 0.8, "s__UBA4334 sp902802265": 0.7948657373718577, "s__UBA4334 sp902803605": 0.8}