{"s__UBA1777 sp002315275": 0.8, "s__UBA1777 sp002320035": 0.8, "s__UBA1777 sp002350825": 0.8, "s__UBA1777 sp002371675": 0.8, "s__UBA1777 sp002431965": 0.7967558806197375, "s__UBA1777 sp002450075": 0.7213425839428593, "s__UBA1777 sp002493305": 0.8, "s__UBA1777 sp003150355": 0.8, "s__UBA1777 sp004560305": 0.8, "s__UBA1777 sp900316205": 0.761940086623357, "s__UBA1777 sp900316255": 0.8, "s__UBA1777 sp900317375": 0.7956323909636311, "s__UBA1777 sp900319275": 0.8, "s__UBA1777 sp900319465": 0.8, "s__UBA1777 sp900319635": 0.7955306934408364, "s__UBA1777 sp900319695": 0.8, "s__UBA1777 sp900319835": 0.8, "s__UBA1777 sp900319935": 0.8, "s__UBA1777 sp900320465": 0.8, "s__UBA1777 sp900320595": 0.7411764705882353, "s__UBA1777 sp900321275": 0.8, "s__UBA1777 sp900546515": 0.7933455658528523, "s__UBA1777 sp900547315": 0.8, "s__UBA1777 sp900549485": 0.7834689691832988, "s__UBA1777 sp900549545": 0.8, "s__UBA1777 sp900549645": 0.8, "s__UBA1777 sp900549865": 0.7999512300195788, "s__UBA1777 sp900754515": 0.8}