{"f__Actinomycetaceae": 0.789100817438692, "f__Angustibacteraceae": 0.8, "f__Beutenbergiaceae": 0.7743589743589743, "f__Bifidobacteriaceae": 0.7810775304818494, "f__Brevibacteriaceae": 0.8, "f__Cellulomonadaceae": 0.7938461538461539, "f__Demequinaceae": 0.7857142857142858, "f__Dermabacteraceae": 0.8, "f__Dermatophilaceae": 0.7904153354632588, "f__GCA-002748415": 0.8, "f__Kineococcaceae": 0.8, "f__Kineosporiaceae": 0.7895833333333333, "f__Microbacteriaceae": 0.797535428219347, "f__Micrococcaceae": 0.7878378378378379, "f__Quadrisphaeraceae": 0.7523809523809524}