{"f__Aeribacillaceae": 0.8, "f__Anoxybacillaceae": 0.8, "f__Bacillaceae": 0.7992144540455617, "f__Bacillaceae_G": 0.8, "f__Bacillaceae_H": 0.8, "f__Bacillaceae_I": 0.8, "f__Bacillaceae_L": 0.7953703703703703, "f__HMF5848": 0.8, "f__SA4": 0.7847711019371504}