{"f__Acutalibacteraceae": 0.7951032165146423, "f__BX7": 0.8, "f__Butyricicoccaceae": 0.8, "f__CAG-272": 0.792288961038961, "f__CAG-382": 0.8, "f__CAG-382_A": 0.8, "f__Ethanoligenenaceae": 0.8, "f__Oscillospiraceae": 0.7987118382068787, "f__QAKW01": 0.8, "f__QAMX01": 0.8, "f__Ruminococcaceae": 0.7954288787308417, "f__UBA1758": 0.8, "f__UBA644": 0.8, "f__UMGS1783": 0.8, "f__WRJC01": 0.8}