{"c__Bacteroidia": 0.7965859906124304, "c__Chlorobia": 0.7955357142857142, "c__Ignavibacteria": 0.7941176470588236, "c__JABWAT01": 0.8, "c__Kapabacteria": 0.7565217391304349, "c__Kryptonia": 0.8, "c__Rhodothermia": 0.7908814589665654, "c__SZUA-365": 0.8, "c__UBA10030": 0.8}