{"c__Cyanobacteriia": 0.7999319496427355, "c__Sericytochromatia": 0.7960866966596902, "c__Vampirovibrionia": 0.7995533720410897}