{"c__Ch29": 0.8, "c__Clostridia": 0.7864157678862382, "c__Clostridia_A": 0.7634039953991716, "c__Mahellia": 0.8, "c__Mahellia_A": 0.7591836734693878, "c__Thermoanaerobacteria": 0.7682539682539682, "c__Thermosediminibacteria": 0.8}