{"c__Kiritimatiellae": 0.7997173544375353, "c__Lentisphaeria": 0.8, "c__Verrucomicrobiae": 0.7995216455393446}