{"g__Atopobium": null, "g__CACXFF01": null, "g__CACZNT01": null, "g__CADAUA01": 0.7879996396373059, "g__CADBMC01": null, "g__Fannyhessea": null, "g__Lancefieldella": null, "g__NM07-P-09": null, "g__Olegusella": 0.6449921426556042, "g__Olsenella": 0.706493331882301, "g__Olsenella_B": null, "g__Olsenella_D": null, "g__Olsenella_E": null, "g__Parolsenella": null, "g__RUG440": 0.7328098334540072, "g__RUG721": 0.7987892214446382, "g__UBA1367": 0.7603642763172123, "g__UBA7741": 0.7326166623117358, "g__UBA7748": null, "g__UMGS1418": null}