{"g__43-108": null, "g__Alloprevotella": 0.7697075105697182, "g__Bacteroides": null, "g__Bacteroides_E": null, "g__Bacteroides_G": null, "g__CAG-462": null, "g__CAG-617": null, "g__F0040": 0.6952485752471251, "g__Ga6A1": null, "g__HGM04593": null, "g__HGM04792": null, "g__JAAYSY01": null, "g__JAAYUD01": null, "g__OM05-12": null, "g__Paraprevotella": null, "g__Phocaeicola": null, "g__Prevotella": 0.5734675151129025, "g__Prevotellamassilia": 0.575424340159959, "g__RUG11857": null, "g__RUG13423": null, "g__RUG210": 0.7601444035454048, "g__UBA1179": 0.772613715603039, "g__UBA1189": null, "g__UBA1786": null, "g__UBA1794": null, "g__UBA2918": 0.7708455984468192, "g__UBA3839": 0.7299934703869424, "g__UBA4293": 0.7804991033379274, "g__UBA4334": 0.6491524143695608, "g__UBA4372": 0.6650809823489858, "g__UBA6382": 0.7484612644560942, "g__UBA6398": null}