{"g__DTU024": null, "g__Firm-10": null, "g__Firm-11": null, "g__GCA-900199385": 0.7846230811949717, "g__HGM11575": null, "g__HGM11588": null, "g__HGM11604": null, "g__JAAYOH01": null, "g__JAAZPT01": null, "g__OEMS01": null, "g__RUG11247": null, "g__RUG11272": null, "g__RUG13279": null, "g__RUG14130": null, "g__RUG563": 0.7313306475748769, "g__RUG740": 0.7952336455367957, "g__RUG756": 0.7588726516604569, "g__SFFH01": 0.7162797436916022, "g__SFFS01": null, "g__SFHK01": null, "g__SFMI01": null, "g__SFTH01": null, "g__UBA1038": null, "g__UBA11524": null, "g__UBA1224": null, "g__UBA2862": 0.7126217953782572, "g__UBA2943": null, "g__UBA4246": null, "g__UMGS1600": null, "g__UMGS1603": null, "g__UMGS1633": null, "g__WQXF01": null, "g__WRFT01": null, "g__WRGP01": null}