{"g__CAG-1024": null, "g__DUPG01": null, "g__MWCU01": null, "g__PeH17": null, "g__Phil1": null, "g__RUG14239": null, "g__RUG472": 0.7661614930290284, "g__SFDB01": null, "g__SFEL01": null, "g__UBA1685": null, "g__UBA3792": 0.7999401051157027, "g__UBA3857": null, "g__UBA5394": null, "g__UBA7703": null, "g__UBA7707": null, "g__UMGS1241": null, "g__UMGS693": null, "g__UMGS946": null, "g__WRCT01": null}