{"g__CAG-826": null, "g__JAAYDH01": null, "g__JAAYSA01": null, "g__RUG13091": null, "g__RUG131": 0.7682875968743519, "g__RUG14515": null, "g__UBA1361": null, "g__UBA1424": null, "g__UBA1719": null, "g__UBA2450": 0.7243553369409235, "g__UBA3207": 0.7608134273351432, "g__UBA4855": null, "g__UBA4951": 0.7463821759023517, "g__UBA5455": null, "g__UBA6120": null, "g__UBA733": null, "g__UBA7706": null, "g__UBA970": null}