{"g__CAG-196": 0.7282876055358936, "g__CAG-306": null, "g__CAG-484": 0.7337872151950189, "g__CAIPUE01": null, "g__Gastranaerophilus": null, "g__QAMI01": null, "g__QHMH01": null, "g__RUG14219": null, "g__RUG841": null, "g__UBA1221": 0.7572012456365578, "g__UBA2813": 0.7307921804623021, "g__UBA2883": 0.6797268504283536, "g__UBA6984": 0.756320891056474, "g__UBA791": null, "g__UBA947": null, "g__UMGS1477": 0.7955179872674338, "g__UMGS1585": null, "g__UMGS951": null, "g__Zag1": null, "g__Zag111": null}