{"g__HGM05376": null, "g__Phil12": 0.796783504773243, "g__RUG11139": null, "g__UBA10566": null, "g__UBA1217": 0.7678547034837262, "g__UBA1219": null, "g__UBA1711": 0.7596385944424049, "g__UBA3388": null, "g__WRKV01": null}