{"g__CAG-1000": null, "g__CAG-1193": null, "g__CAG-302": null, "g__CAG-417": null, "g__CAG-433": null, "g__CAG-451": null, "g__CAG-460": null, "g__CAG-533": null, "g__CAG-582": null, "g__CAG-594": null, "g__CAG-605": null, "g__CAG-611": null, "g__CAG-628": null, "g__CAG-710": null, "g__CAG-762": null, "g__CAG-776": null, "g__CAG-822": 0.7872222368159978, "g__CAG-877": null, "g__CAG-878": null, "g__CAG-884": null, "g__CAG-914": null, "g__CAG-988": null, "g__CSBR16-113R1": null, "g__CSBR16-174": null, "g__CSSED10-109M": null, "g__DUPI01": null, "g__DUUS01": null, "g__DUWA01": null, "g__HGM10766": null, "g__HGM10818": null, "g__HGM10836": null, "g__HGM10873": null, "g__JAAYGD01": null, "g__JAAYOI01": null, "g__JAAZBI01": null, "g__JAAZHK01": null, "g__JAAZHN01": null, "g__RUG11198": null, "g__RUG11215": null, "g__RUG11224": null, "g__RUG11241": null, "g__RUG11788": null, "g__RUG11867": null, "g__RUG11890": null, "g__RUG12438": null, "g__RUG12783": null, "g__RUG12834": null, "g__RUG12867": null, "g__RUG13038": null, "g__RUG13160": null, "g__RUG13868": null, "g__RUG14121": null, "g__RUG14267": null, "g__RUG14670": null, "g__RUG14891": null, "g__RUG14903": null, "g__RUG343": 0.691973124521956, "g__RUG591": 0.7982505637438142, "g__RUG705": null, "g__RUG727": 0.7892880626980661, "g__SKGN01": null, "g__SKJH01": null, "g__UBA11963": null, "g__UBA2730": 0.7541986116563013, "g__UBA3631": null, "g__UBA3789": 0.6083848389846289, "g__UBA5026": 0.7521767210846722, "g__UBA5348": null, "g__UBA5364": null, "g__UBA5578": null, "g__UBA6414": null, "g__UBA660": null, "g__UBA6985": null, "g__UBA7057": null, "g__UMGS1045": null, "g__UMGS1124": null, "g__UMGS1217": null, "g__UMGS1449": null, "g__UMGS1572": null, "g__UMGS1611": null, "g__UMGS1613": null, "g__UMGS1648": null, "g__UMGS2016": null, "g__UMGS2068": null, "g__UMGS995": null}