{"s__Alloprevotella rava": null, "s__Alloprevotella sp900317635": 0.7954946856265277, "s__Alloprevotella sp900321445": 0.7951339113054827, "s__Alloprevotella tannerae": null}