{"s__CAG-83 sp000431575": null, "s__CAG-83 sp000435555": null, "s__CAG-83 sp000435975": null, "s__CAG-83 sp001916855": null, "s__CAG-83 sp002309395": null, "s__CAG-83 sp002392625": null, "s__CAG-83 sp002438575": null, "s__CAG-83 sp003487665": null, "s__CAG-83 sp003539495": null, "s__CAG-83 sp004555205": null, "s__CAG-83 sp004557655": null, "s__CAG-83 sp012719745": null, "s__CAG-83 sp900313295": 0.7647136645112564, "s__CAG-83 sp900317425": 0.6980864250574208, "s__CAG-83 sp900545495": null, "s__CAG-83 sp900545585": null, "s__CAG-83 sp900547745": null, "s__CAG-83 sp900548615": null, "s__CAG-83 sp900549395": null, "s__CAG-83 sp900550585": null, "s__CAG-83 sp900550615": null, "s__CAG-83 sp900551355": null, "s__CAG-83 sp900551995": null, "s__CAG-83 sp900552475": null, "s__CAG-83 sp900552725": null, "s__CAG-83 sp900554275": null, "s__CAG-83 sp900555735": null, "s__CAG-83 sp900556015": null, "s__CAG-83 sp900756715": null, "s__CAG-83 sp900757415": null, "s__CAG-83 sp902388735": null}