{"s__CAG-127 sp002369325": null, "s__CAG-127 sp002404515": null, "s__CAG-127 sp002431865": 0.7210796561811985, "s__CAG-127 sp002476495": null, "s__CAG-127 sp002493625": null, "s__CAG-127 sp900319515": 0.7196244325877323, "s__CAG-127 sp900321145": 0.7120945903898266, "s__CAG-127 sp900539705": null, "s__CAG-127 sp900553925": null, "s__CAG-127 sp900766925": null, "s__CAG-127 sp900767585": null, "s__CAG-127 sp902762955": null, "s__CAG-127 sp902780405": null, "s__CAG-127 sp902783015": null, "s__CAG-127 sp902788555": null, "s__CAG-127 sp902800325": null}