{"s__CAG-103 sp000432375": null, "s__CAG-103 sp004556965": null, "s__CAG-103 sp900316745": 0.6774572764866247, "s__CAG-103 sp900317855": 0.6722853311055768, "s__CAG-103 sp900317905": 0.798939865950183, "s__CAG-103 sp900543625": null, "s__CAG-103 sp900757655": null}