{"s__CAG-603 sp900066105": null, "s__CAG-603 sp900110975": null, "s__CAG-603 sp900314525": 0.7547161565052103, "s__CAG-603 sp900314555": 0.7807311149880358, "s__CAG-603 sp900315425": 0.7122362679656871, "s__CAG-603 sp900321855": 0.7974237998312719, "s__CAG-603 sp902767015": null, "s__CAG-603 sp902773095": null, "s__CAG-603 sp902786365": null}