{"s__Eubacterium_F sp000433735": null, "s__Eubacterium_F sp000434115": null, "s__Eubacterium_F sp000687695": null, "s__Eubacterium_F sp002362575": null, "s__Eubacterium_F sp002431395": null, "s__Eubacterium_F sp002435545": null, "s__Eubacterium_F sp002490465": null, "s__Eubacterium_F sp003453515": null, "s__Eubacterium_F sp003491505": null, "s__Eubacterium_F sp900318295": 0.7762778089877997, "s__Eubacterium_F sp900319095": 0.78912222444029, "s__Eubacterium_F sp900539115": null, "s__Eubacterium_F xylanophilum": null}