{"s__Eubacterium_H cellulosolvens_A": null, "s__Eubacterium_H sp000702845": null, "s__Eubacterium_H sp002368795": null, "s__Eubacterium_H sp002371335": null, "s__Eubacterium_H sp002394235": null, "s__Eubacterium_H sp003488475": 0.6442143194916705, "s__Eubacterium_H sp009696005": null, "s__Eubacterium_H sp900314295": 0.7925225836907612, "s__Eubacterium_H sp900317175": 0.5923696089169923, "s__Eubacterium_H sp900318405": 0.7804773771808966, "s__Eubacterium_H sp900318755": 0.7978520732247532, "s__Eubacterium_H sp900319355": 0.7388069141225737, "s__Eubacterium_H sp900770225": null, "s__Eubacterium_H sp902783945": null, "s__Eubacterium_H sp902795835": null, "s__Eubacterium_H sp902797025": null, "s__Eubacterium_H sp903789595": null}