{"s__Eubacterium_A minutum": null, "s__Eubacterium_A nodatum": null, "s__Eubacterium_A sp000688015": null, "s__Eubacterium_A sp001940235": null, "s__Eubacterium_A sp900315125": 0.730554374904903, "s__Eubacterium_A sp900321685": 0.7767575447238888}