{"s__Eubacterium_R coprostanoligenes": null, "s__Eubacterium_R sp000431535": null, "s__Eubacterium_R sp000433975": null, "s__Eubacterium_R sp000434995": null, "s__Eubacterium_R sp000436835": null, "s__Eubacterium_R sp002329285": null, "s__Eubacterium_R sp002361935": null, "s__Eubacterium_R sp002371215": null, "s__Eubacterium_R sp002493325": null, "s__Eubacterium_R sp002493595": null, "s__Eubacterium_R sp002494125": null, "s__Eubacterium_R sp003526845": null, "s__Eubacterium_R sp009774715": null, "s__Eubacterium_R sp009774735": null, "s__Eubacterium_R sp011958665": null, "s__Eubacterium_R sp014465955": null, "s__Eubacterium_R sp900316345": 0.7998934333002872, "s__Eubacterium_R sp900321905": 0.7974095733339814, "s__Eubacterium_R sp900539165": null, "s__Eubacterium_R sp900539325": null, "s__Eubacterium_R sp900539425": null, "s__Eubacterium_R sp900539775": null, "s__Eubacterium_R sp900539845": null, "s__Eubacterium_R sp900540235": null, "s__Eubacterium_R sp900540305": null, "s__Eubacterium_R sp900542875": null, "s__Eubacterium_R sp900543795": null, "s__Eubacterium_R sp900544515": null, "s__Eubacterium_R sp900546785": null, "s__Eubacterium_R sp900547915": null, "s__Eubacterium_R sp900548085": null, "s__Eubacterium_R sp900555015": null, "s__Eubacterium_R sp900761545": null, "s__Eubacterium_R sp900764665": null, "s__Eubacterium_R sp900766895": null, "s__Eubacterium_R sp900767025": null, "s__Eubacterium_R sp900772705": null}