{"s__F23-D06 sp002311645": null, "s__F23-D06 sp002392325": null, "s__F23-D06 sp900315245": 0.7766042173274854, "s__F23-D06 sp900315705": 0.7959002804238164, "s__F23-D06 sp900316305": 0.7972591012553603, "s__F23-D06 sp900317715": 0.7309776009515172, "s__F23-D06 sp900319925": 0.7626330415807654, "s__F23-D06 sp902770735": null, "s__F23-D06 sp902771655": null, "s__F23-D06 sp902786595": null, "s__F23-D06 sp902796805": null, "s__F23-D06 sp902797625": null, "s__F23-D06 sp902802755": null}