{"s__GCA-900199385 sp900176495": null, "s__GCA-900199385 sp900199385": null, "s__GCA-900199385 sp900315315": null, "s__GCA-900199385 sp900315675": 0.7168336241542226, "s__GCA-900199385 sp900318145": 0.7687188268348115, "s__GCA-900199385 sp900320755": null, "s__GCA-900199385 sp900322155": 0.5415935113003658, "s__GCA-900199385 sp902764875": null, "s__GCA-900199385 sp902795555": null}