{"s__Intestinibaculum porci": 0.7833333333333119, "s__Intestinibaculum sp900317015": 0.7828869035714285}