{"s__Methanobrevibacter_B boviskoreani": 0.7945945543133563, "s__Methanobrevibacter_B sp002208625": null, "s__Methanobrevibacter_B sp900314605": 0.774419070146362, "s__Methanobrevibacter_B wolinii": null}