{"s__Methanobrevibacter_A gottschalkii": null, "s__Methanobrevibacter_A millerae": null, "s__Methanobrevibacter_A millerae_A": null, "s__Methanobrevibacter_A oralis": null, "s__Methanobrevibacter_A smithii": null, "s__Methanobrevibacter_A smithii_A": null, "s__Methanobrevibacter_A sp001548675": null, "s__Methanobrevibacter_A sp002496065": null, "s__Methanobrevibacter_A sp900313645": 0.7682562655955345, "s__Methanobrevibacter_A sp900314615": 0.7418405002773831, "s__Methanobrevibacter_A sp900314695": 0.6527992944616725, "s__Methanobrevibacter_A sp900316895": 0.7089916932454727, "s__Methanobrevibacter_A sp900317865": 0.6696174816166325, "s__Methanobrevibacter_A sp900318035": 0.602974691270415, "s__Methanobrevibacter_A sp900319535": 0.40580171270089366, "s__Methanobrevibacter_A sp900319985": 0.6404763634351593, "s__Methanobrevibacter_A sp900320515": 0.7286883371539312, "s__Methanobrevibacter_A sp900320955": 0.7268580027291007, "s__Methanobrevibacter_A sp900766745": null, "s__Methanobrevibacter_A sp900769095": null, "s__Methanobrevibacter_A sp902763935": null, "s__Methanobrevibacter_A sp902764015": null, "s__Methanobrevibacter_A sp902764455": null, "s__Methanobrevibacter_A sp902768765": null, "s__Methanobrevibacter_A sp902770715": null, "s__Methanobrevibacter_A sp902771435": null, "s__Methanobrevibacter_A sp902772665": null, "s__Methanobrevibacter_A sp902774605": null, "s__Methanobrevibacter_A sp902777885": null, "s__Methanobrevibacter_A sp902782595": null, "s__Methanobrevibacter_A sp902783085": null, "s__Methanobrevibacter_A sp902785855": null, "s__Methanobrevibacter_A sp902788255": null, "s__Methanobrevibacter_A sp902789505": null, "s__Methanobrevibacter_A sp902794475": null, "s__Methanobrevibacter_A sp902796575": null, "s__Methanobrevibacter_A sp902801725": null, "s__Methanobrevibacter_A thaueri": null, "s__Methanobrevibacter_A woesei": null}