{"s__Oribacterium asaccharolyticum": null, "s__Oribacterium parvum": null, "s__Oribacterium sinus": null, "s__Oribacterium sp000160135": null, "s__Oribacterium sp000424445": null, "s__Oribacterium sp000513555": null, "s__Oribacterium sp000702885": null, "s__Oribacterium sp002007235": null, "s__Oribacterium sp002371295": null, "s__Oribacterium sp002396005": null, "s__Oribacterium sp002431355": null, "s__Oribacterium sp002449915": null, "s__Oribacterium sp004554245": null, "s__Oribacterium sp013394775": null, "s__Oribacterium sp900107835": null, "s__Oribacterium sp900113415": null, "s__Oribacterium sp900315665": 0.7386503022564483, "s__Oribacterium sp900318695": 0.7628079779608468, "s__Oribacterium sp900770445": null, "s__Oribacterium sp900772695": null}