{"s__Olsenella phocaeensis": null, "s__Olsenella profusa": 0.7498674066739597, "s__Olsenella sp001457795": null, "s__Olsenella sp003862195": null, "s__Olsenella sp900313175": 0.6945679154521422, "s__Olsenella sp900316105": 0.7564751984579792, "s__Olsenella sp900538935": null, "s__Olsenella sp900555995": null, "s__Olsenella sp902787335": null, "s__Olsenella uli": null, "s__Olsenella umbonata": null, "s__Olsenella umbonata_A": null, "s__Olsenella urininfantis": null}