{"s__RUG740 sp900316415": 0.7846727020885156, "s__RUG740 sp900321945": 0.7817363965062674, "s__RUG740 sp902778055": null, "s__RUG740 sp902797445": null}