{"s__RUG306 sp900313435": 0.7011846301241504, "s__RUG306 sp900314085": 0.7756674239663754, "s__RUG306 sp900316075": null, "s__RUG306 sp900317755": 0.7779205980349382, "s__RUG306 sp902772635": null}