{"s__RUG472 sp900319345": 0.6588596811029253, "s__RUG472 sp900545265": null, "s__RUG472 sp902761365": null, "s__RUG472 sp902765005": null, "s__RUG472 sp902768995": 0.6089930097493554, "s__RUG472 sp902786465": null, "s__RUG472 sp902798825": 0.764459608488572, "s__RUG472 sp902801845": null, "s__RUG472 sp902802575": null, "s__RUG472 sp902802805": null}