{"s__RUG592 sp900313125": 0.7702985148412875, "s__RUG592 sp900315255": null, "s__RUG592 sp900315715": 0.7090720410722693, "s__RUG592 sp900317025": 0.7985474565399826, "s__RUG592 sp900317815": 0.7780043553673657, "s__RUG592 sp900320535": 0.7696544281489226, "s__RUG592 sp902761025": null, "s__RUG592 sp902761345": null, "s__RUG592 sp902763835": null, "s__RUG592 sp902767285": null, "s__RUG592 sp902773045": null, "s__RUG592 sp902773165": null, "s__RUG592 sp902773245": null, "s__RUG592 sp902773395": null, "s__RUG592 sp902779615": null, "s__RUG592 sp902785425": null, "s__RUG592 sp902792115": null, "s__RUG592 sp902797065": null, "s__RUG592 sp902801245": null, "s__RUG592 sp902802975": null}