{"s__Ruminococcus_E bromii": null, "s__Ruminococcus_E bromii_A": 0.7961491403250618, "s__Ruminococcus_E bromii_B": null, "s__Ruminococcus_E sp002350765": null, "s__Ruminococcus_E sp002353935": null, "s__Ruminococcus_E sp002394725": null, "s__Ruminococcus_E sp002491825": null, "s__Ruminococcus_E sp002493005": null, "s__Ruminococcus_E sp002493635": null, "s__Ruminococcus_E sp003438075": null, "s__Ruminococcus_E sp003499325": null, "s__Ruminococcus_E sp003520555": null, "s__Ruminococcus_E sp003521625": null, "s__Ruminococcus_E sp003526955": null, "s__Ruminococcus_E sp004560275": null, "s__Ruminococcus_E sp900100595": 0.7748677424958021, "s__Ruminococcus_E sp900313865": 0.7985627700610543, "s__Ruminococcus_E sp900313895": 0.7929341889788806, "s__Ruminococcus_E sp900314705": null, "s__Ruminococcus_E sp900314795": 0.7593256411456479, "s__Ruminococcus_E sp900315085": 0.764442763580516, "s__Ruminococcus_E sp900315195": 0.699850888669574, "s__Ruminococcus_E sp900315605": 0.766399820724943, "s__Ruminococcus_E sp900315785": 0.7334020897440943, "s__Ruminococcus_E sp900315815": 0.7973137260232506, "s__Ruminococcus_E sp900316385": 0.7993231534420053, "s__Ruminococcus_E sp900316435": 0.766867318212965, "s__Ruminococcus_E sp900316555": 0.7783866500730747, "s__Ruminococcus_E sp900316815": 0.7665503391034598, "s__Ruminococcus_E sp900317315": 0.7543039212910134, "s__Ruminococcus_E sp900317595": 0.7967534780469867, "s__Ruminococcus_E sp900317875": 0.7647661389194664, "s__Ruminococcus_E sp900318495": 0.7998534843244811, "s__Ruminococcus_E sp900318905": 0.7344301926992058, "s__Ruminococcus_E sp900319615": 0.7001228488774913, "s__Ruminococcus_E sp900319655": 0.7670012198869307, "s__Ruminococcus_E sp900320415": 0.7972622165191963, "s__Ruminococcus_E sp900320995": 0.748320317146413, "s__Ruminococcus_E sp900543095": null, "s__Ruminococcus_E sp900755995": null, "s__Ruminococcus_E sp902761375": null, "s__Ruminococcus_E sp902763855": null, "s__Ruminococcus_E sp902764715": null, "s__Ruminococcus_E sp902765625": null, "s__Ruminococcus_E sp902766775": null, "s__Ruminococcus_E sp902766885": null, "s__Ruminococcus_E sp902767325": null, "s__Ruminococcus_E sp902767845": null, "s__Ruminococcus_E sp902771755": null, "s__Ruminococcus_E sp902772755": null, "s__Ruminococcus_E sp902773035": null, "s__Ruminococcus_E sp902773155": null, "s__Ruminococcus_E sp902773635": null, "s__Ruminococcus_E sp902774325": null, "s__Ruminococcus_E sp902776185": null, "s__Ruminococcus_E sp902776375": null, "s__Ruminococcus_E sp902776975": null, "s__Ruminococcus_E sp902777275": null, "s__Ruminococcus_E sp902779225": null, "s__Ruminococcus_E sp902784855": null, "s__Ruminococcus_E sp902785355": null, "s__Ruminococcus_E sp902785365": null, "s__Ruminococcus_E sp902787145": null, "s__Ruminococcus_E sp902790475": null, "s__Ruminococcus_E sp902790985": null, "s__Ruminococcus_E sp902792105": null, "s__Ruminococcus_E sp902793125": null, "s__Ruminococcus_E sp902794395": null, "s__Ruminococcus_E sp902796225": null, "s__Ruminococcus_E sp902797225": null, "s__Ruminococcus_E sp902797525": null, "s__Ruminococcus_E sp902797655": null, "s__Ruminococcus_E sp902798365": null, "s__Ruminococcus_E sp902798605": null, "s__Ruminococcus_E sp902798755": null, "s__Ruminococcus_E sp902799325": null}