{"s__RUG410 sp002361365": null, "s__RUG410 sp900313155": 0.7668435363479351, "s__RUG410 sp900313185": null, "s__RUG410 sp900318605": null, "s__RUG410 sp900320035": 0.798255422180973, "s__RUG410 sp900553115": null, "s__RUG410 sp900769705": null, "s__RUG410 sp902763155": null, "s__RUG410 sp902763905": null, "s__RUG410 sp902788365": null, "s__RUG410 sp902793695": null, "s__RUG410 sp902795745": null, "s__RUG410 sp902796625": null}