{"s__RC9 sp000431015": null, "s__RC9 sp000432515": null, "s__RC9 sp000432655": null, "s__RC9 sp000433355": null, "s__RC9 sp000434935": null, "s__RC9 sp000435075": null, "s__RC9 sp001602865": null, "s__RC9 sp001602885": null, "s__RC9 sp001915575": null, "s__RC9 sp002297815": null, "s__RC9 sp002298075": null, "s__RC9 sp002308935": null, "s__RC9 sp002309995": null, "s__RC9 sp002314195": null, "s__RC9 sp002314885": null, "s__RC9 sp002315815": null, "s__RC9 sp002315825": null, "s__RC9 sp002320605": null, "s__RC9 sp002321335": null, "s__RC9 sp002350615": null, "s__RC9 sp002354005": 0.5751299692845115, "s__RC9 sp002361625": null, "s__RC9 sp002371115": null, "s__RC9 sp002373715": null, "s__RC9 sp002392525": 0.6875791633653698, "s__RC9 sp002393895": null, "s__RC9 sp002393945": null, "s__RC9 sp002395605": null, "s__RC9 sp002395925": null, "s__RC9 sp002396335": null, "s__RC9 sp002437305": null, "s__RC9 sp002438635": null, "s__RC9 sp002438805": null, "s__RC9 sp002438845": null, "s__RC9 sp002438905": null, "s__RC9 sp002439095": null, "s__RC9 sp002439585": null, "s__RC9 sp002439805": null, "s__RC9 sp002439875": null, "s__RC9 sp002440085": null, "s__RC9 sp002451795": null, "s__RC9 sp002472565": null, "s__RC9 sp004552115": null, "s__RC9 sp004552615": null, "s__RC9 sp004552965": null, "s__RC9 sp004554455": null, "s__RC9 sp004555145": null, "s__RC9 sp004556005": null, "s__RC9 sp009774765": null, "s__RC9 sp012522855": null, "s__RC9 sp012744435": null, "s__RC9 sp012800665": null, "s__RC9 sp900167895": null, "s__RC9 sp900167925": null, "s__RC9 sp900313205": 0.5292471829370973, "s__RC9 sp900313275": null, "s__RC9 sp900314395": null, "s__RC9 sp900316045": 0.7379956910872298, "s__RC9 sp900316245": 0.7485223182855758, "s__RC9 sp900316525": 0.6663851900383031, "s__RC9 sp900316675": null, "s__RC9 sp900316955": 0.4367617989688389, "s__RC9 sp900317065": 0.7432343734968991, "s__RC9 sp900317845": 0.5798455379765453, "s__RC9 sp900317925": 0.7507172019475326, "s__RC9 sp900318015": 0.6164771444698418, "s__RC9 sp900318355": 0.7932997438424401, "s__RC9 sp900318445": 0.6191816008927324, "s__RC9 sp900318565": 0.7597643094291713, "s__RC9 sp900318955": null, "s__RC9 sp900319185": 0.7017229085323795, "s__RC9 sp900319375": null, "s__RC9 sp900319405": 0.7869893747114505, "s__RC9 sp900319485": 0.7818150625573561, "s__RC9 sp900319685": 0.7610553603925052, "s__RC9 sp900319855": null, "s__RC9 sp900319975": 0.5665069487850283, "s__RC9 sp900320185": 0.7862544745848687, "s__RC9 sp900320365": null, "s__RC9 sp900320385": 0.7967378205243063, "s__RC9 sp900320545": 0.7886717221092612, "s__RC9 sp900320795": 0.7403801018339538, "s__RC9 sp900320965": null, "s__RC9 sp900321245": 0.6588623014069048, "s__RC9 sp900321655": 0.6932346887487799, "s__RC9 sp900321715": 0.7421941112767796, "s__RC9 sp900541925": null, "s__RC9 sp900543205": null, "s__RC9 sp900544195": null, "s__RC9 sp900545245": null, "s__RC9 sp900546395": null, "s__RC9 sp900546445": null, "s__RC9 sp900546925": null, "s__RC9 sp900760425": null, "s__RC9 sp900767375": null, "s__RC9 sp900767405": null, "s__RC9 sp900769145": null, "s__RC9 sp900769905": null, "s__RC9 sp900771005": null, "s__RC9 sp902761655": null, "s__RC9 sp902762435": null, "s__RC9 sp902762655": null, "s__RC9 sp902766255": null, "s__RC9 sp902766985": null, "s__RC9 sp902767465": null, "s__RC9 sp902768665": null, "s__RC9 sp902768955": null, "s__RC9 sp902768985": null, "s__RC9 sp902772985": null, "s__RC9 sp902774045": null, "s__RC9 sp902774145": null, "s__RC9 sp902774155": null, "s__RC9 sp902774345": null, "s__RC9 sp902778105": null, "s__RC9 sp902779495": null, "s__RC9 sp902779765": null, "s__RC9 sp902779785": null, "s__RC9 sp902780175": null, "s__RC9 sp902780935": null, "s__RC9 sp902781705": null, "s__RC9 sp902782225": null, "s__RC9 sp902784435": null, "s__RC9 sp902784785": null, "s__RC9 sp902785065": null, "s__RC9 sp902785575": null, "s__RC9 sp902785825": null, "s__RC9 sp902787255": null, "s__RC9 sp902787295": null, "s__RC9 sp902788095": null, "s__RC9 sp902788175": null, "s__RC9 sp902789245": null, "s__RC9 sp902789395": null, "s__RC9 sp902790635": null, "s__RC9 sp902791945": null, "s__RC9 sp902792815": null, "s__RC9 sp902794005": null, "s__RC9 sp902794615": null, "s__RC9 sp902795445": null, "s__RC9 sp902795735": null, "s__RC9 sp902795785": null, "s__RC9 sp902796455": null, "s__RC9 sp902796555": null, "s__RC9 sp902797035": null, "s__RC9 sp902797435": null, "s__RC9 sp902798975": null, "s__RC9 sp902799895": null, "s__RC9 sp902801205": null, "s__RC9 sp902801885": null, "s__RC9 sp902803535": null, "s__RC9 sp902803715": null}