{"s__RUG762 sp900316455": 0.7999140673088039, "s__RUG762 sp900316495": 0.7986801727339479, "s__RUG762 sp900317765": 0.7688465443230457, "s__RUG762 sp900321515": 0.74441316633825, "s__RUG762 sp900322085": 0.7763460756824083, "s__RUG762 sp902762395": null, "s__RUG762 sp902762615": null, "s__RUG762 sp902799245": null, "s__RUG762 sp902802795": null, "s__RUG762 sp902803035": null}