{"s__Selenomonas_C bovis": 0.7707034964314374, "s__Selenomonas_C sp002351185": null, "s__Selenomonas_C sp900314825": 0.7307258069298312, "s__Selenomonas_C sp900315575": 0.7660997296775323, "s__Selenomonas_C sp900318215": 0.7297388666254292, "s__Selenomonas_C sp902780535": null}