{"s__Saccharofermentans sp000621765": null, "s__Saccharofermentans sp001604135": 0.7941381109014625, "s__Saccharofermentans sp002371375": null, "s__Saccharofermentans sp002394605": null, "s__Saccharofermentans sp002450095": null, "s__Saccharofermentans sp002450155": null, "s__Saccharofermentans sp003149065": 0.7980289005516765, "s__Saccharofermentans sp003543635": null, "s__Saccharofermentans sp012728275": null, "s__Saccharofermentans sp900099715": null, "s__Saccharofermentans sp900107185": null, "s__Saccharofermentans sp900111435": null, "s__Saccharofermentans sp900176545": null, "s__Saccharofermentans sp900313405": null, "s__Saccharofermentans sp900314745": null}