{"s__Sodaliphilus pleomorphus": 0.6897716325700007, "s__Sodaliphilus sp002314465": null, "s__Sodaliphilus sp002353285": null, "s__Sodaliphilus sp002353885": null, "s__Sodaliphilus sp002395965": null, "s__Sodaliphilus sp002396085": null, "s__Sodaliphilus sp002396125": null, "s__Sodaliphilus sp002476625": null, "s__Sodaliphilus sp004557565": null, "s__Sodaliphilus sp004559845": null, "s__Sodaliphilus sp900314215": 0.7808201005521846, "s__Sodaliphilus sp900316835": null, "s__Sodaliphilus sp900317325": 0.7568360918498707, "s__Sodaliphilus sp900317835": 0.784296133137474, "s__Sodaliphilus sp900318065": 0.7476979831680044, "s__Sodaliphilus sp900318205": 0.7663064477317307, "s__Sodaliphilus sp900318255": 0.7965735972795194, "s__Sodaliphilus sp900318335": 0.7593902761360456, "s__Sodaliphilus sp900318345": 0.7691649517306518, "s__Sodaliphilus sp900318535": 0.7415385224203239, "s__Sodaliphilus sp900318645": 0.7430170947351169, "s__Sodaliphilus sp900318865": 0.768414870260002, "s__Sodaliphilus sp900319525": 0.7579001504934284, "s__Sodaliphilus sp900320055": 0.7577913992224163, "s__Sodaliphilus sp900320245": 0.7656856705283128, "s__Sodaliphilus sp900322135": 0.7966939382811964, "s__Sodaliphilus sp900770215": null, "s__Sodaliphilus sp902760865": null, "s__Sodaliphilus sp902761475": null, "s__Sodaliphilus sp902762385": null, "s__Sodaliphilus sp902768435": null, "s__Sodaliphilus sp902772455": null, "s__Sodaliphilus sp902772965": null, "s__Sodaliphilus sp902774055": null, "s__Sodaliphilus sp902776435": null, "s__Sodaliphilus sp902776835": null, "s__Sodaliphilus sp902776955": null, "s__Sodaliphilus sp902777835": null, "s__Sodaliphilus sp902779125": null, "s__Sodaliphilus sp902781045": null, "s__Sodaliphilus sp902782465": null, "s__Sodaliphilus sp902782545": null, "s__Sodaliphilus sp902784675": null, "s__Sodaliphilus sp902785925": null, "s__Sodaliphilus sp902786725": null, "s__Sodaliphilus sp902787185": null, "s__Sodaliphilus sp902792435": null, "s__Sodaliphilus sp902792895": null, "s__Sodaliphilus sp902793405": null, "s__Sodaliphilus sp902800715": null}