{"s__UBA6382 sp002315195": null, "s__UBA6382 sp002372095": null, "s__UBA6382 sp002439755": null, "s__UBA6382 sp003446955": null, "s__UBA6382 sp900316315": 0.794625451866344, "s__UBA6382 sp900318305": 0.7170438943058597, "s__UBA6382 sp900557555": null, "s__UBA6382 sp902773055": null, "s__UBA6382 sp902788275": null, "s__UBA6382 sp902792555": null}