{"s__UBA3839 sp002305265": null, "s__UBA3839 sp002350855": 0.8, "s__UBA3839 sp002393575": null, "s__UBA3839 sp900313845": 0.7712508107700566, "s__UBA3839 sp900314125": 0.7981080796401769, "s__UBA3839 sp900319385": 0.749025544245548, "s__UBA3839 sp900321835": 0.7729282209022612, "s__UBA3839 sp902798705": null}