{"s__UBA4334 sp002317225": null, "s__UBA4334 sp002342585": null, "s__UBA4334 sp002353215": null, "s__UBA4334 sp002353575": null, "s__UBA4334 sp002363115": null, "s__UBA4334 sp002393555": 0.7690362481603432, "s__UBA4334 sp009177185": null, "s__UBA4334 sp012729225": null, "s__UBA4334 sp900316505": null, "s__UBA4334 sp900316975": null, "s__UBA4334 sp900318775": 0.761861785601295, "s__UBA4334 sp902768125": null, "s__UBA4334 sp902774005": null, "s__UBA4334 sp902786925": null, "s__UBA4334 sp902800305": null, "s__UBA4334 sp902801475": null, "s__UBA4334 sp902802265": null, "s__UBA4334 sp902803605": null}