{"s__UBA1213 sp002308635": null, "s__UBA1213 sp002309275": null, "s__UBA1213 sp002350705": null, "s__UBA1213 sp002351795": null, "s__UBA1213 sp900315465": 0.7355056527196073, "s__UBA1213 sp900315875": 0.7987805937079964, "s__UBA1213 sp900316485": 0.7847061773590316, "s__UBA1213 sp900316925": 0.7979823360504321, "s__UBA1213 sp900317215": 0.7982332082480741, "s__UBA1213 sp900317395": 0.797171359262332, "s__UBA1213 sp900317795": 0.7663915370282393, "s__UBA1213 sp900319255": null, "s__UBA1213 sp900320235": 0.7613932273562136, "s__UBA1213 sp900320925": null, "s__UBA1213 sp900321195": 0.7357356041548717, "s__UBA1213 sp900322105": 0.766426582086901, "s__UBA1213 sp900322145": 0.7976951220400221, "s__UBA1213 sp902762335": null, "s__UBA1213 sp902763365": null, "s__UBA1213 sp902764235": null, "s__UBA1213 sp902766305": null, "s__UBA1213 sp902766585": null, "s__UBA1213 sp902767125": null, "s__UBA1213 sp902767155": null, "s__UBA1213 sp902767175": null, "s__UBA1213 sp902768825": null, "s__UBA1213 sp902772855": null, "s__UBA1213 sp902772895": null, "s__UBA1213 sp902772955": null, "s__UBA1213 sp902773025": null, "s__UBA1213 sp902773065": null, "s__UBA1213 sp902773135": null, "s__UBA1213 sp902773325": null, "s__UBA1213 sp902778175": null, "s__UBA1213 sp902783065": null, "s__UBA1213 sp902783815": null, "s__UBA1213 sp902783855": null, "s__UBA1213 sp902785555": null, "s__UBA1213 sp902785765": null, "s__UBA1213 sp902786345": null, "s__UBA1213 sp902796475": null, "s__UBA1213 sp902800005": null, "s__UBA1213 sp902800065": null, "s__UBA1213 sp902801055": null, "s__UBA1213 sp902801715": null, "s__UBA1213 sp902802105": 0.750655804322031, "s__UBA1213 sp902802985": null, "s__UBA1213 sp902803125": null, "s__UBA1213 sp902803385": null, "s__UBA1213 sp902803585": null, "s__UBA1213 sp902803805": null}