{"s__UBA4372 sp002297545": null, "s__UBA4372 sp002314945": null, "s__UBA4372 sp002316015": null, "s__UBA4372 sp002317475": null, "s__UBA4372 sp002373535": null, "s__UBA4372 sp002391275": 0.7450353086268497, "s__UBA4372 sp002394305": null, "s__UBA4372 sp002395775": null, "s__UBA4372 sp002450165": null, "s__UBA4372 sp002494215": null, "s__UBA4372 sp004559785": null, "s__UBA4372 sp900313335": 0.7959041778419085, "s__UBA4372 sp900313705": 0.7900699935768094, "s__UBA4372 sp900316355": 0.7593647367853233, "s__UBA4372 sp900318115": 0.6857421804730588, "s__UBA4372 sp900320435": 0.5482485222467528, "s__UBA4372 sp900320565": 0.6803681862362323, "s__UBA4372 sp900320715": null, "s__UBA4372 sp900543815": null, "s__UBA4372 sp900766785": null, "s__UBA4372 sp900770805": null, "s__UBA4372 sp902763865": null, "s__UBA4372 sp902768605": null, "s__UBA4372 sp902770725": null, "s__UBA4372 sp902771725": 0.7901300517829406, "s__UBA4372 sp902775385": null, "s__UBA4372 sp902776455": null, "s__UBA4372 sp902778625": null, "s__UBA4372 sp902779165": null, "s__UBA4372 sp902779315": null, "s__UBA4372 sp902779845": null, "s__UBA4372 sp902781515": 0.7652297999579278, "s__UBA4372 sp902783655": null, "s__UBA4372 sp902783885": null, "s__UBA4372 sp902784475": null, "s__UBA4372 sp902788315": null, "s__UBA4372 sp902791295": null, "s__UBA4372 sp902791675": null, "s__UBA4372 sp902799985": null, "s__UBA4372 sp902801325": 0.7647474224281798, "s__UBA4372 sp902801485": null, "s__UBA4372 sp902802815": null, "s__UBA4372 sp902803195": null}