{"s__UBA4285 sp002394965": 0.7702490537255531, "s__UBA4285 sp900314255": 0.7455145546382538, "s__UBA4285 sp900542465": null, "s__UBA4285 sp900545225": null, "s__UBA4285 sp902764045": null, "s__UBA4285 sp902775895": null, "s__UBA4285 sp902781505": null, "s__UBA4285 sp902784025": null, "s__UBA4285 sp902784165": null, "s__UBA4285 sp903789615": null}