{"s__UBA1777 sp002315275": null, "s__UBA1777 sp002320035": null, "s__UBA1777 sp002350825": null, "s__UBA1777 sp002371675": null, "s__UBA1777 sp002431965": null, "s__UBA1777 sp002450075": null, "s__UBA1777 sp002493305": null, "s__UBA1777 sp003150355": null, "s__UBA1777 sp004560305": null, "s__UBA1777 sp900316205": 0.7912491720047645, "s__UBA1777 sp900316255": 0.7437049058341589, "s__UBA1777 sp900317375": null, "s__UBA1777 sp900319275": 0.7956051564607605, "s__UBA1777 sp900319465": 0.7659141412193238, "s__UBA1777 sp900319635": 0.7942113704926952, "s__UBA1777 sp900319695": 0.7967885085540451, "s__UBA1777 sp900319835": 0.798585129621981, "s__UBA1777 sp900319935": 0.7112429120214636, "s__UBA1777 sp900320465": 0.7988748154180287, "s__UBA1777 sp900320595": 0.6313922245184029, "s__UBA1777 sp900321275": 0.7452450761710256, "s__UBA1777 sp900546515": null, "s__UBA1777 sp900547315": null, "s__UBA1777 sp900549485": null, "s__UBA1777 sp900549545": null, "s__UBA1777 sp900549645": null, "s__UBA1777 sp900549865": null, "s__UBA1777 sp900754515": null}