{"s__UBA2730 sp900313345": 0.8, "s__UBA2730 sp900319955": 0.7944341806081168, "s__UBA2730 sp900320505": 0.7944341806081168}