{"s__UBA2912 sp900314775": 0.8, "s__UBA2912 sp900314845": 0.7930102273918869, "s__UBA2912 sp900317095": 0.7770594350886089, "s__UBA2912 sp902787905": null, "s__UBA2912 sp902796775": null}