{"s__UBA2897 sp002350105": null, "s__UBA2897 sp900315155": 0.7682514004216023, "s__UBA2897 sp900316275": 0.7644276752759191}