{"s__UBA3792 sp002369195": null, "s__UBA3792 sp900318745": 0.7995424831572857, "s__UBA3792 sp900318765": 0.7900712179354683, "s__UBA3792 sp902768795": null, "s__UBA3792 sp902789675": null, "s__UBA3792 sp902790115": null, "s__UBA3792 sp902792295": null}