{"s__UBA1711 sp001543385": null, "s__UBA1711 sp002309955": null, "s__UBA1711 sp002317325": null, "s__UBA1711 sp002349055": null, "s__UBA1711 sp002354035": null, "s__UBA1711 sp002368955": null, "s__UBA1711 sp002372855": null, "s__UBA1711 sp002373995": null, "s__UBA1711 sp002392965": null, "s__UBA1711 sp002394185": null, "s__UBA1711 sp900314925": 0.7986549381821184, "s__UBA1711 sp900315935": 0.7660708950434523, "s__UBA1711 sp900316055": null, "s__UBA1711 sp900316235": 0.741729954151537, "s__UBA1711 sp900316515": 0.79761494871267, "s__UBA1711 sp900317125": 0.7994354847519469, "s__UBA1711 sp900317285": 0.6959419072678399, "s__UBA1711 sp900317955": null, "s__UBA1711 sp900318175": 0.7440234623620532, "s__UBA1711 sp900318275": 0.7582974205628197, "s__UBA1711 sp900318665": 0.7976486454292833, "s__UBA1711 sp900318835": 0.7885851042916634, "s__UBA1711 sp900319865": 0.7391889534693323, "s__UBA1711 sp900320975": 0.7976579823348287, "s__UBA1711 sp900321975": 0.797050322176293, "s__UBA1711 sp900771365": null, "s__UBA1711 sp902762805": null, "s__UBA1711 sp902771735": null, "s__UBA1711 sp902774395": null, "s__UBA1711 sp902774845": null, "s__UBA1711 sp902775135": null, "s__UBA1711 sp902776365": null, "s__UBA1711 sp902777005": null, "s__UBA1711 sp902778925": null, "s__UBA1711 sp902782185": null, "s__UBA1711 sp902783595": null, "s__UBA1711 sp902784865": null, "s__UBA1711 sp902790215": null, "s__UBA1711 sp902791695": null, "s__UBA1711 sp902800395": null, "s__UBA1711 sp902803395": null}