{"s__UBA1066 sp002316215": null, "s__UBA1066 sp002350625": null, "s__UBA1066 sp002369495": null, "s__UBA1066 sp002371465": null, "s__UBA1066 sp003446335": null, "s__UBA1066 sp900313955": null, "s__UBA1066 sp900314565": 0.7868846666102292, "s__UBA1066 sp900315305": 0.7682373705098782, "s__UBA1066 sp900317045": 0.7982903193019202, "s__UBA1066 sp900317515": 0.7706853669972422, "s__UBA1066 sp900319795": 0.7355823714290466, "s__UBA1066 sp900320575": 0.7705126621920979, "s__UBA1066 sp900320615": 0.765409135627696, "s__UBA1066 sp902766655": null, "s__UBA1066 sp902766945": null, "s__UBA1066 sp902766955": null, "s__UBA1066 sp902773195": 0.7472228068731546, "s__UBA1066 sp902773435": null, "s__UBA1066 sp902776305": null, "s__UBA1066 sp902779245": null, "s__UBA1066 sp902783325": null, "s__UBA1066 sp902783935": null, "s__UBA1066 sp902785985": null, "s__UBA1066 sp902788035": null, "s__UBA1066 sp902797075": null, "s__UBA1066 sp902803245": null, "s__UBA1066 sp902803505": null, "s__UBA1066 sp902803635": null}