{"s__Weimerbacter bifida": null, "s__Weimerbacter sp002480925": null, "s__Weimerbacter sp900100095": null, "s__Weimerbacter sp900315505": 0.7970697770528434, "s__Weimerbacter sp900316165": 0.7745882787952436, "s__Weimerbacter sp900317825": 0.7949876484498715, "s__Weimerbacter sp902803645": null}