{"f__Atopobiaceae": 0.7986109176373073, "f__CADBOM01": null, "f__Coriobacteriaceae": null, "f__Eggerthellaceae": 0.7990259472458094, "f__QAMH01": null, "f__RUG033": 0.7929377642798754, "f__RUG844": null, "f__UBA8131": null, "f__UMGS124": null}