{"f__Erysipelatoclostridiaceae": 0.7976859803252039, "f__Erysipelotrichaceae": 0.7992416020060131}