{"f__Acutalibacteraceae": 0.7056705455171302, "f__BX7": null, "f__Butyricicoccaceae": null, "f__CAG-272": 0.6870814467058051, "f__CAG-382": null, "f__CAG-382_A": null, "f__Ethanoligenenaceae": null, "f__Oscillospiraceae": 0.7427681943688187, "f__QAKW01": null, "f__QAMX01": null, "f__Ruminococcaceae": 0.7147496145758085, "f__UBA1758": null, "f__UBA644": null, "f__UMGS1783": null, "f__WRJC01": null}