{"f__CAG-288": 0.7943875599485946, "f__CAG-449": null, "f__CAG-631": null, "f__CAG-826": 0.7999560697813097, "f__DUOF01": null, "f__UBA1709": null}