{"f__Treponemataceae": 0.7997362609784557, "f__Treponemataceae_B": null, "f__UBA12059": null, "f__UBA1318": null, "f__UBA8932": 0.7975367398217066}