{"c__Kiritimatiellae": 0.7991125333620774, "c__Lentisphaeria": 0.7969498643731769, "c__Verrucomicrobiae": null}