{"d__Archaea": 0.6441111937472779, "d__Bacteria": 0.7812957986666902}