{"o__Actinomycetales": 0.7878443821618397, "o__Mycobacteriales": 0.7645137430588878, "o__Propionibacteriales": 0.7016236345799467}