{"o__Acholeplasmatales": 0.7294470398008717, "o__Aneurinibacillales": null, "o__Bacillales": null, "o__Bacillales_A": null, "o__Bacillales_B": null, "o__Bacillales_D": 0.6860788283904069, "o__Bacillales_E": null, "o__Bacillales_G": null, "o__Erysipelotrichales": 0.7584865785517052, "o__Exiguobacterales": null, "o__Haloplasmatales_A": 0.7052750137640851, "o__Lactobacillales": 0.7583697621755332, "o__ML615J-28": 0.6556355273115406, "o__Mycoplasmatales": null, "o__Paenibacillales": null, "o__RF39": 0.7605334629988969, "o__RFN20": 0.7201541309100341, "o__Rubeoparvulales": null, "o__Staphylococcales": 0.6804446848171215, "o__Thermoactinomycetales": null}