{"o__Lachnospirales": 0.7414469114750439, "o__Oscillospirales": 0.7474115348977897, "o__Peptostreptococcales": 0.6519836159753054, "o__Tissierellales": 0.5668686886350551}