{"o__Clostridiales": null, "o__Eubacteriales": 0.42077801508572205, "o__Lachnospirales": 0.7386390733217343, "o__Monoglobales": null, "o__Monoglobales_A": null, "o__Oscillospirales": 0.7497930113273501, "o__Peptostreptococcales": 0.6467396438410289, "o__Saccharofermentanales": null, "o__TANB77": null, "o__Tissierellales": 0.5528408127664937, "o__UBA1212": 0.47115223625893227, "o__UMGS1810": null, "o__UMGS1840": null, "o__UMGS1883": null}