{"g__Acutalibacter": null, "g__An172": null, "g__Anaeromassilibacillus": 0.6094645088952182, "g__CAG-177": 0.7548801378305148, "g__CAG-180": 0.5922245090216172, "g__CAG-217": 0.4476051026091746, "g__CAG-488": 0.4791217085304211, "g__CAG-557": null, "g__CAG-964": 0.6544933298229731, "g__Caproiciproducens": null, "g__Clostridium_A": 0.5480665790513841, "g__Clostridium_E": 0.4571428864556511, "g__DTU089": null, "g__Eubacterium_R": 0.6225068381477823, "g__Hydrogeniiclostridium": null, "g__Marseille-P4683": null, "g__Pseudoruminococcus": null, "g__RUG420": 0.7161995530042928, "g__RUG806": null, "g__Ruminococcus_E": 0.4889593764449776, "g__UBA1081": 0.7666367867806603, "g__UBA1227": 0.6818242927725131, "g__UBA1417": 0.6685352569876579, "g__UBA1691": null, "g__UBA4871": null, "g__UBA5905": null, "g__UBA6857": null, "g__UBA737": null, "g__UBA945": null, "g__UMGS1071": null, "g__UMGS1224": null, "g__UMGS1279": null, "g__UMGS1397": null, "g__UMGS1474": null, "g__UMGS1484": null, "g__UMGS1487": null, "g__UMGS1491": null, "g__UMGS1532": null, "g__UMGS1591": 0.4771063665098531, "g__UMGS1623": null, "g__UMGS1690": null, "g__UMGS172": null, "g__UMGS1839": null, "g__UMGS1858": null, "g__UMGS1976": null, "g__UMGS263": 0.704890651234289, "g__UMGS403": 0.6093603857499326, "g__UMGS577": null, "g__UMGS856": null, "g__UMGS905": null}