{"g__Acutalibacter": 0.704067607224961, "g__Anaeromassilibacillus": 0.659887720777458, "g__CAG-177": 0.7444150165275631, "g__CAG-180": 0.5892840246919937, "g__CAG-217": 0.42278221576535985, "g__CAG-488": 0.5587510239709708, "g__CAG-964": 0.6955793893720175, "g__Clostridium_A": 0.6283952380976228, "g__Eubacterium_R": 0.6289668304265885, "g__Ruminococcus_E": 0.6121253675798011, "g__UBA1081": 0.7616001837473834, "g__UBA1417": 0.6399917187668931, "g__UMGS1491": 0.7469487455920454, "g__UMGS172": 0.7107654761562785, "g__UMGS403": 0.6658819881833165}