{"g__AM07-15": null, "g__Agathobaculum": 0.7700474016118994, "g__Butyricicoccus": 0.7364628017805266, "g__Butyricicoccus_A": null, "g__UBA4644": null, "g__UMGS1384": null}