{"g__CAG-314": 0.7879030548390968, "g__UMGS692": 0.7849756020939453}