{"g__Phil1": 0.7684078634400648, "g__UBA1685": 0.7539718141907488, "g__UMGS1241": 0.7903227710057144}