{"g__CAG-313": 0.6540131120660195, "g__UMGS1109": null, "g__UMGS75": 0.5635889100565781}