{"g__CAG-288": 0.7829548879621882, "g__CAG-345": 0.7260951725785878, "g__CAG-568": null, "g__UBA7642": 0.779245823921964}