{"g__CAG-724": 0.7304325134426997, "g__CAG-841": 0.760264386280163, "g__UMGS911": 0.7383962880213617}