{"g__CAG-313": 0.6662431239142661, "g__UMGS75": 0.5805738441163575}