{"g__CAG-1427": 0.7647037501491198, "g__Eggerthella": 0.5372614482571727, "g__Senegalimassilia": 0.660411059003039, "g__Slackia_A": 0.7356148608963173, "g__UMGS1519": 0.7103791640256607}