{"g__Lactobacillus": 0.6970827493599181, "g__Ligilactobacillus": 0.7354670715409346, "g__Limosilactobacillus": 0.6859418708065523, "g__Pediococcus": 1}