{"g__Acetatifactor": 0.5533611183181759, "g__Agathobacter": 0.4657266842505689, "g__Anaerosporobacter": 0.7106648378982485, "g__Anaerostipes": 0.412375514421952, "g__Bacteroides_F": 0.3986392615448778, "g__Bariatricus": 0.48977472975138975, "g__Blautia": 0.5299200822710826, "g__Blautia_A": 0.49539798137757735, "g__Butyrivibrio_A": 0.4223978832021826, "g__CAG-127": 0.578723872205231, "g__CAG-194": 0.6238810418059173, "g__CAG-303": 0.6053828814923685, "g__CAG-45": 0.5979394395630304, "g__CAG-510": 0.6470179953269015, "g__CAG-590": 0.48673222862680926, "g__CAG-603": 0.5192960992451507, "g__CAG-632": 0.6460300908222507, "g__CAG-81": 0.5402541590929306, "g__CAG-882": 0.6142704912185981, "g__Catenibacillus": 0.4858906339787648, "g__Clostridium_AP": 0.5079286015069995, "g__Clostridium_Q": 0.5840033838765069, "g__Coprococcus": 0.5972759202331457, "g__Dorea_A": 0.2680137947063014, "g__Enterocloster": 0.6555874587484911, "g__Eubacterium_F": 0.4015924071902029, "g__Eubacterium_G": 0.5996388445275918, "g__Faecalimonas": 0.44282346251557153, "g__Lachnospira": 0.5869079512142843, "g__Mediterraneibacter": 0.42179551679332844, "g__Roseburia": 0.4770910699604309, "g__Ruminococcus_B": 0.4763445632656725, "g__Schaedlerella": 0.36723071919629996, "g__Sellimonas": 0.49549471429210185, "g__TF01-11": 0.5480274237479628, "g__UBA4285": 0.6461644502513375, "g__UBA9502": 0.533683031510094, "g__UMGS1370": 0.43448495962297257}