{"g__CAG-1031": 0.7011354574666886, "g__CAG-279": 0.7536177978557621, "g__CAG-485": 0.708100724503733, "g__CAG-873": 0.7322941820116411}