{"g__Anaeroglobus": null, "g__Caecibacter": 0.7725696604480778, "g__Megasphaera": 0.7763055904275673, "g__UMGS915": 0.74995744744022}