{"g__Amulumruptor": null, "g__CAG-1031": 0.7164930768278681, "g__CAG-279": 0.7516129543871233, "g__CAG-485": 0.7091378331183975, "g__CAG-873": 0.7354251676163122, "g__Duncaniella": null, "g__Muribaculum": null, "g__Paramuribaculum": null, "g__Sodaliphilus": null, "g__UBA7173": null}