{"g__Fenollaria": 0.7707858276512218, "g__Peptoniphilus_A": 0.7612821069975839}