{"g__Arachnia": null, "g__Cutibacterium": 0.46673900804258, "g__Nigerium": null, "g__Propionibacterium": 0.6821302105998468}