{"g__Alistipes": 0.776950730886363, "g__Alistipes_A": 0.768134896647537, "g__Rikenella": null, "g__Tidjanibacter": 0.6217303229862523}