{"g__F0422": null, "g__Veillonella": 0.7807499764040997, "g__Veillonella_A": 0.7765038907218258}