{"s__Akkermansia sp001580195": 0.3777128163189521, "s__Akkermansia sp004167605": 0.3570962994081324, "s__Akkermansia sp900545155": null, "s__Akkermansia sp900548895": null}