{"s__Anaeromassilibacillus sp001305115": 0.6370593252602228, "s__Anaeromassilibacillus sp002159845": 0.5818343154566135}