{"s__Barnesiella intestinihominis": null, "s__Barnesiella sp002159975": 0.7808273298761932, "s__Barnesiella sp003150885": null, "s__Barnesiella sp900538555": 0.7203236109053297, "s__Barnesiella sp900538705": 0.6121324827838457, "s__Barnesiella sp900542255": null}