{"s__CAG-302 sp000431795": null, "s__CAG-302 sp001916775": null, "s__CAG-302 sp900543825": 0.06149576614322361, "s__CAG-302 sp900548425": 0.08021014106686625, "s__CAG-302 sp900549325": 0.04441843240089974, "s__CAG-302 sp900554615": 0.3489024899577256}