{"s__CAG-279 sp000437795": 0.6638045270051312, "s__CAG-279 sp900544305": 0.4971749462420377}