{"s__Caecibacter hominis": 0.7334043989668124, "s__Caecibacter massiliensis": null, "s__Caecibacter sp003467125": 0.6400117945826305, "s__Caecibacter sp900549385": null}