{"s__CAG-841 sp000437375": 0.7335279865478723, "s__CAG-841 sp900544285": 0.6724084653155953}