{"s__CAG-485 sp000437495": 0.700460549920257, "s__CAG-485 sp001701295": 0.660636570818357, "s__CAG-485 sp002361235": null, "s__CAG-485 sp002491165": null, "s__CAG-485 sp900541835": null, "s__CAG-485 sp900542185": null, "s__CAG-485 sp900547755": null, "s__CAG-485 sp900549375": null, "s__CAG-485 sp900550645": null, "s__CAG-485 sp900552315": null, "s__CAG-485 sp900554345": null, "s__CAG-485 sp900554845": 0.5892964555960474, "s__CAG-485 sp900555915": null, "s__CAG-485 sp900556595": null}