{"s__CAG-841 sp000437375": 0.7216090472535723, "s__CAG-841 sp002479075": null, "s__CAG-841 sp900544285": 0.6666569216486449}