{"s__CAG-488 sp000434055": 0.37826215083419484, "s__CAG-488 sp000434915": 0.5180567203147242}