{"s__CAG-882 sp000435595": 0.36613477755001383, "s__CAG-882 sp003486385": 0.32681030870281086}