{"s__CAG-313 sp000433035": 0.3857771919460307, "s__CAG-313 sp003539625": 0.7111150690910475}