{"s__Dysosmobacter sp000436875": null, "s__Dysosmobacter sp001916835": 0.34992846969590125, "s__Dysosmobacter sp900542115": null, "s__Dysosmobacter sp900544105": null, "s__Dysosmobacter sp900544615": null, "s__Dysosmobacter sp900544955": null, "s__Dysosmobacter sp900546705": null, "s__Dysosmobacter sp900548505": null, "s__Dysosmobacter sp900550685": null, "s__Dysosmobacter sp900551885": null, "s__Dysosmobacter sp900554425": null, "s__Dysosmobacter sp900556925": 0.6119504311067503, "s__Dysosmobacter welbionis": 0.6238741969874007}