{"s__Eubacterium_G sp000434315": 0.4117289111712455, "s__Eubacterium_G sp000435815": 1, "s__Eubacterium_G ventriosum": 0.5138739683462916}