{"s__Faecalimonas phoceensis": null, "s__Faecalimonas sp000209385": null, "s__Faecalimonas sp900546325": 0.5717279561851794, "s__Faecalimonas sp900550235": null, "s__Faecalimonas sp900550975": null, "s__Faecalimonas sp900551895": 0.5928227524456393, "s__Faecalimonas sp900555395": null, "s__Faecalimonas sp900556835": null, "s__Faecalimonas umbilicata": null}