{"s__Faecalibacterium prausnitzii_D": 1, "s__Faecalibacterium prausnitzii_H": 0.6643748802431553, "s__Faecalibacterium prausnitzii_M": 0.7265309219420122, "s__Faecalibacterium sp900539885": 0.6107784808872592, "s__Faecalibacterium sp900539945": 0.6514350875637309}