{"s__Gemmiger formicilis": 0.6682565112534735, "s__Gemmiger qucibialis": 0.7214895023723789, "s__Gemmiger sp004555405": null, "s__Gemmiger sp900539695": 0.539809052092169, "s__Gemmiger sp900540595": 0.5741344436751463, "s__Gemmiger sp900540775": 0.6010397672537537, "s__Gemmiger sp900545545": null, "s__Gemmiger sp900548355": null, "s__Gemmiger sp900554145": null, "s__Gemmiger sp900556255": null, "s__Gemmiger variabilis": null, "s__Gemmiger variabilis_B": null}