{"s__Gemmiger formicilis": 0.6255646117953737, "s__Gemmiger qucibialis": 0.7194590722919869, "s__Gemmiger sp900539695": 0.5492796049957731, "s__Gemmiger sp900540595": 0.6942344164932017, "s__Gemmiger sp900540775": 0.5944530233480578}