{"s__Ligilactobacillus murinus": 0.6038986061829079, "s__Ligilactobacillus salivarius": 0.4085048678890902}