{"s__Limosilactobacillus antri": null, "s__Limosilactobacillus fermentum": 0.6561586144437135, "s__Limosilactobacillus reuteri_E": null, "s__Limosilactobacillus sp900557215": 0.4345509774286765, "s__Limosilactobacillus vaginalis_A": 0.4465792442670771}