{"s__Parasutterella excrementihominis": null, "s__Parasutterella sp000980495": 0.362717617391571, "s__Parasutterella sp009767915": null, "s__Parasutterella sp900552195": 0.4601570778493506, "s__Parasutterella sp900554375": null}