{"s__Prevotellamassilia sp900539625": 0.7735829111007602, "s__Prevotellamassilia sp900540885": 0.6541371727922811, "s__Prevotellamassilia sp900542795": 0.5777300660153983}