{"s__RC9 sp000434935": 0.48808744515570474, "s__RC9 sp900541925": 0.6679645055987744, "s__RC9 sp900543205": 0.6618298817872903}