{"s__Ruminiclostridium_E siraeum": 0.2315279427812349, "s__Ruminiclostridium_E sp003512525": 0.4705955212997229, "s__Ruminiclostridium_E sp900539195": 0.22475555052750895, "s__Ruminiclostridium_E sp900556525": null}