{"s__RC9 sp000431015": null, "s__RC9 sp000432515": null, "s__RC9 sp000432655": null, "s__RC9 sp000433355": null, "s__RC9 sp000434935": 0.5342014391863796, "s__RC9 sp000435075": null, "s__RC9 sp001915575": null, "s__RC9 sp900541925": 0.6610883735366828, "s__RC9 sp900543205": 0.6604416341295276, "s__RC9 sp900544195": null, "s__RC9 sp900545245": null, "s__RC9 sp900546395": null, "s__RC9 sp900546445": null, "s__RC9 sp900546925": null}