{"s__": 0.7970548091041667, "s__Ruminococcus_D bicirculans": 0.712741582802966, "s__Ruminococcus_D sp000434695": 0.7376939871988508}