{"s__Streptococcus agalactiae": 0.3026532923645416, "s__Streptococcus lutetiensis": 1, "s__Streptococcus sp900543065": 0.45028844651345684, "s__Streptococcus sp900550895": 1}