{"s__Succiniclasticum sp900314855": 0.6652779438931422, "s__Succiniclasticum sp900315805": 0.41718632525443183, "s__Succiniclasticum sp900316935": 0.4349619107652402, "s__Succiniclasticum sp900544275": null}