{"s__TF01-11 sp001414325": 0.5973271871203281, "s__TF01-11 sp001916135": 0.643405049971318, "s__TF01-11 sp003529475": 0.6352423367172104}