{"s__UMGS911 sp900545935": 0.7362573419090741, "s__UMGS911 sp900557415": 0.7919071472563639}