{"f__Actinomycetaceae": 0.7395262671098011, "f__Bifidobacteriaceae": 0.7289826476039107}