{"f__Bacteroidaceae": 0.7291146386431984, "f__Barnesiellaceae": 0.5915436004158099, "f__Dysgonomonadaceae": 0.7109052788696233, "f__Marinifilaceae": 0.6594000398270103, "f__Muribaculaceae": 0.7119161274361818, "f__Porphyromonadaceae": 0.7700528436064118, "f__Rikenellaceae": 0.7543528722842407, "f__Tannerellaceae": 0.6137464852439167, "f__UBA11471": 0.5035744943897693, "f__UBA932": 0.6535286430911778}