{"f__Atopobiaceae": 0.6794056419795402, "f__Coriobacteriaceae": 0.7902009899031368, "f__Eggerthellaceae": 0.7360928890180762}