{"f__Erysipelatoclostridiaceae": 0.7650626316514799, "f__Erysipelotrichaceae": 0.7528222512368423}