{"f__Erysipelatoclostridiaceae": 0.7670945684008679, "f__Erysipelotrichaceae": 0.7534104518779954}