{"f__Enterococcaceae": 0.7549949491926184, "f__Lactobacillaceae": 0.7746418254927965, "f__Streptococcaceae": 0.7661202685643722}