{"f__Anaerovoracaceae": 0.7975334671724441, "f__Peptostreptococcaceae": 0.7982552785164125}