{"f__CAG-288": 0.7643440198733031, "f__CAG-631": 0.7577283845132752, "f__CAG-826": 0.7650930300669911}