{"f__Dialisteraceae": 0.7902214336840783, "f__Megasphaeraceae": 0.7919440383671639, "f__Negativicoccaceae": null, "f__Veillonellaceae": 0.7932490331076938}