{"c__Actinomycetia": 0.7636236204596989, "c__Coriobacteriia": 0.7980625769593939}