{"c__Kiritimatiellae": null, "c__Lentisphaeria": 0.7978128603253569, "c__Verrucomicrobiae": 0.7980436484850821}