{"o__Actinomycetales": 0.7979884360052585, "o__Bifidobacteriales": 0.7719871544948567, "o__Corynebacteriales": 0.5812067947761959, "o__Geodermatophilales": 0.9, "o__Micrococcales": 0.6560819871971608, "o__Propionibacteriales": 0.5546331887000959, "o__Streptomycetales": 0.5749126556799589, "o__Coriobacteriales": 0.797924189170057}