{"o__Bacillales": 0.7964776888389606, "o__Lactobacillales": 0.798868307180542}