{"o__Aeromonadales": 0.734572868266171, "o__Enterobacterales": 0.6975163207875617, "o__Pseudomonadales": 0.7763885194331304, "o__Enterobacteriales": 0.7971365525662562}