{"o__Acidaminococcales": 0.6538196059172399, "o__Selenomonadales": 0.6779168543186875, "o__Veillonellales": 0.7300000000000001}