{"p__Actinobacteria": 0.7919209477029301, "p__Bacteroidetes": 0.7960497788884247, "p__Firmicutes": 0.7957775785730221, "p__Fusobacteria": 0.7951901098487621, "p__Proteobacteria": 0.7856370503350532, "p__Spirochaeates": 0.6765904959187374, "p__Verrucomicrobia": 0.7691982202021235, "p__Spirochaetes": 0.7753631547736382, "p__Tenericutes": 0.7785406595100695}