{"g__Acidaminococcus": 0.7922177187159345, "g__Phascolarctobacterium": 0.7954798650493702, "g__Succiniclasticum": 0.7506129684822029}