{"g__Adlercreutzia": 0.7333274562435355, "g__Atopobium": 0.5952180381094527, "g__Collinsella": 0.7962041055521236, "g__Eggerthella": 0.7223309786722332, "g__Olsenella": 0.7365409037216599, "g__Slackia": 0.7707248364313692}