{"g__Anaerococcus": 0.7298127551424809, "g__Finegoldia": 0.8600000000000001, "g__Peptoniphilus": 0.770358395496757}