{"g__Citrobacter": 0.7037149852366162, "g__Edwardsiella": 0.7467233227537529, "g__Enterobacter": 0.7834965722719893, "g__Klebsiella": 0.7748762222815739, "g__Pantoea": 0.7843488879779097, "g__Proteus": 0.6688820166445757, "g__Providencia": 0.772612528622189}