{"g__Catenibacterium": 0.7579850294949746, "g__Coprobacillus": 0.32655218369502265, "g__Solobacterium": 0.7894528497481639}