{"g__Anaerosporobacter": 0.7652491105899506, "g__Anaerostipes": 0.7503163919239755, "g__Blautia": 0.6933475294230784, "g__Butyrivibrio": 0.7483559232087222, "g__Coprococcus": 0.6993674174648892, "g__Dorea": 0.6041970393212281, "g__Lachnobacterium": 0.7120055226828546, "g__Lachnoclostridium": 0.7653343731031022, "g__Lachnospira": 0.6909011294579028, "g__Marvinbryantia": 0.7710203164926801, "g__Pseudobutyrivibrio": 0.7816759699241007, "g__Robinsoniella": 0.7354981234335636, "g__Roseburia": 0.7058972633364096, "g__Ruminococcus": 0.7430238862770262, "g__14-2": 0.7737682566818513, "g__AC2028": 0.6497340452998788, "g__Acetatifactor": 0.6819251919333154, "g__Agathobacter": 0.723299784527236, "g__Anaerobutyricum": 0.778676210025955, "g__Anaerocolumna": 0.7630655002475939, "g__Bariatricus": 0.7176709766014686, "g__Blautia_A": 0.7165739946464746, "g__Butyrivibrio_A": 0.766682974837174, "g__CAG-127": 0.7391957196718579, "g__CAG-45": 0.7689021797751798, "g__CAG-510": 0.7712275341425636, "g__CAG-56": 0.7734881624673249, "g__CAG-590": 0.7780771383662706, "g__CAG-603": 0.7426788290839463, "g__CAG-632": 0.7830338910966363, "g__CAG-791": 0.6502161233102708, "g__CAG-81": 0.7337245693950516, "g__CAG-882": 0.7596961127545532, "g__CAG-95": 0.7572741990112966, "g__COE1": 0.7392637738110317, "g__Clostridium_AI": 0.7773578872081532, "g__Clostridium_Q": 0.695002230961786, "g__Clostridium_R": 0.7330728104162314, "g__Eisenbergiella": 0.7456185005174143, "g__Enterocloster": 0.6808314100760351, "g__Eubacterium_F": 0.6759859590071977, "g__Eubacterium_G": 0.7795980480024405, "g__Eubacterium_H": 0.7144844057701158, "g__Eubacterium_I": 0.7351336510179405, "g__Eubacterium_Q": 0.7290337592145442, "g__Faecalimonas": 0.6941193218464654, "g__GCA-900066575": 0.7736410574223864, "g__Herbinix": 0.6995356233165491, "g__Hungatella": 0.7254809576808356, "g__Hungatella_A": 0.7719017223774862, "g__ISDg": 0.7655358782776094, "g__Kineothrix": 0.7532189463739429, "g__Lachnoanaerobaculum": 0.7185405075537996, "g__Lachnoclostridium_A": 0.7481412840972408, "g__Mediterraneibacter": 0.6482355427189659, "g__Muricomes": 0.7348086750225178, "g__NK4A136": 0.6260333834246625, "g__NK4A144": 0.7467762613182913, "g__Oribacterium": 0.6931930929687997, "g__RUG191": 0.7814278103420913, "g__RUG306": 0.7771179113453726, "g__Ruminococcus_A": 0.7611614467662875, "g__Schaedlerella": 0.7426693867507752, "g__Sellimonas": 0.7177625628167361, "g__Stomatobaculum": 0.7612290879073849, "g__TF01-11": 0.5832379472164764, "g__UBA1066": 0.7010286513290167, "g__UBA1267": 0.7884651401656193, "g__UBA2856": 0.6748032231886707, "g__UBA2868": 0.7150057201626123, "g__UBA2882": 0.7619580998174722, "g__UBA2912": 0.7756758184432608, "g__UBA3282": 0.7375045221018612, "g__UBA3633": 0.7603059043353122, "g__UBA3766": 0.7581753538795968, "g__UBA4285": 0.7515071599701573, "g__UBA629": 0.7557478311174486, "g__UBA7160": 0.7711376876319331, "g__UBA7182": 0.7188738000969972, "g__UBA9502": 0.6820108905232847, "g__Weimerbacter": 0.6994480186630943}