{"g__Propionibacterium": 0.7999999999999778, "g__Propionimicrobium": 0.7548872142857144}