{"g__Phil12": 0.91, "g__UBA10566": 0.91, "g__UBA1217": 0.8782539682539683, "g__UBA1711": 0.8749122807017544, "g__UBA3388": 0.91}