{"g__Barnesiella": 0.7819815459637309, "g__Butyricimonas": 0.7783330817570961, "g__Dysgonomonas": 0.7907073670063196, "g__Odoribacter": 0.7832347628922391, "g__Parabacteroides": 0.7817195701445507, "g__Porphyromonas": 0.7430402311573128, "g__Sanguibacteroides": 0.6977115999150054}