{"g__Paraprevotella": 0.7835590854508512, "g__Prevotella": 0.7982488609641571, "g__Xylanibacter": 0.7159705688007911}