{"g__Anaeromassilibacillus": 0.7902126011436468, "g__Anaerotruncus": 0.7947515422674534, "g__Faecalibacterium": 0.7931455804186565, "g__Gemmiger": 0.7772715486628998, "g__Ruminococcus": 0.7974098502932432, "g__Subdoligranulum": 0.7387547306862423}