{"g__Megamona": 0.8099999999999778, "g__Selenomonas": 0.763125}