{"g__Dialister": 0.7788980087949846, "g__Megamonas": 0.7585752743036045, "g__Megasphaera": 0.7847510903575281, "g__Pelosinus": 0.7862585567080607, "g__Selenomonas": 0.7558887177526701, "g__Veillonella": 0.7929203993370115}