{"s__Acetatifactor muris": 0.91, "s__Acetatifactor sp002314715": 0.91, "s__Acetatifactor sp002368865": 0.87, "s__Acetatifactor sp002431915": 0.91, "s__Acetatifactor sp002490995": 0.91, "s__Acetatifactor sp003447295": 0.8350000000000001, "s__Acetatifactor sp003612485": 0.91, "s__Acetatifactor sp900066365": 0.8528571428571429, "s__Acetatifactor sp900066565": 0.91, "s__Acetatifactor sp900320485": 0.91, "s__Acetatifactor sp900554205": 0.91}