{"s__Butyrivibrio fibrisolvens": 0.8190909090909091, "s__Butyrivibrio fibrisolvens_C": 0.8805882352941177, "s__Butyrivibrio hungatei": 0.8242857142857143, "s__Butyrivibrio hungatei_A": 0.91, "s__Butyrivibrio hungatei_B": 0.828918918918919, "s__Butyrivibrio proteoclasticus": 0.91, "s__Butyrivibrio proteoclasticus_A": 0.91, "s__Butyrivibrio proteoclasticus_B": 0.8715384615384616, "s__Butyrivibrio sp000420825": 0.91, "s__Butyrivibrio sp000420845": 0.8645454545454546, "s__Butyrivibrio sp000420865": 0.835925925925926, "s__Butyrivibrio sp000420945": 0.8683333333333334, "s__Butyrivibrio sp000421405": 0.836829268292683, "s__Butyrivibrio sp000423925": 0.8190909090909091, "s__Butyrivibrio sp000423945": 0.8755172413793104, "s__Butyrivibrio sp000424145": 0.8132258064516129, "s__Butyrivibrio sp000424265": 0.8665217391304348, "s__Butyrivibrio sp000424285": 0.87875, "s__Butyrivibrio sp000424385": 0.8796969696969698, "s__Butyrivibrio sp000424545": 0.91, "s__Butyrivibrio sp000424585": 0.91, "s__Butyrivibrio sp000526935": 0.91, "s__Butyrivibrio sp000621565": 0.8665217391304348, "s__Butyrivibrio sp000621605": 0.8623809523809524, "s__Butyrivibrio sp000702265": 0.91, "s__Butyrivibrio sp000703165": 0.8190909090909091, "s__Butyrivibrio sp002372465": 0.91, "s__Butyrivibrio sp003625475": 0.8544444444444445, "s__Butyrivibrio sp003625485": 0.8266666666666667, "s__Butyrivibrio sp900102515": 0.91, "s__Butyrivibrio sp900103635": 0.8230434782608695, "s__Butyrivibrio sp900104155": 0.8350000000000001, "s__Butyrivibrio sp900108105": 0.91, "s__Butyrivibrio sp900112195": 0.91, "s__Butyrivibrio sp900116865": 0.91, "s__Butyrivibrio sp900116875": 0.8330769230769232}