{"s__CAG-791 sp000431495": 0.91, "s__CAG-791 sp002353635": 0.91, "s__CAG-791 sp002358875": 0.91, "s__CAG-791 sp002362155": 0.91, "s__CAG-791 sp002372815": 0.91, "s__CAG-791 sp002390025": 0.91, "s__CAG-791 sp002392385": 0.91, "s__CAG-791 sp002394525": 0.8645454545454546, "s__CAG-791 sp002395235": 0.8645454545454546, "s__CAG-791 sp002448395": 0.91, "s__CAG-791 sp002449595": 0.91, "s__CAG-791 sp003447895": 0.8266666666666667, "s__CAG-791 sp900101015": 0.91, "s__CAG-791 sp900107575": 0.91, "s__CAG-791 sp900313745": 0.91, "s__CAG-791 sp900315055": 0.91, "s__CAG-791 sp900316855": 0.91, "s__CAG-791 sp900317475": 0.91, "s__CAG-791 sp900317555": 0.91, "s__CAG-791 sp900318375": 0.8330769230769232, "s__CAG-791 sp900318875": 0.91, "s__CAG-791 sp900319245": 0.91, "s__CAG-791 sp900320025": 0.91, "s__CAG-791 sp900320325": 0.91, "s__CAG-791 sp900320335": 0.91, "s__CAG-791 sp900321785": 0.91, "s__CAG-791 sp900625025": 0.91}