{"s__Campylobacter fetus": 0.91, "s__Campylobacter hyointestinalis": 0.91, "s__Campylobacter iguaniorum": 0.91, "s__Campylobacter lanienae": 0.8796969696969698, "s__Campylobacter lawsonii": 0.91, "s__Campylobacter sp002139855": 0.91, "s__Campylobacter sp002139875": 0.8805882352941177, "s__Campylobacter sp002139915": 0.91, "s__Campylobacter sp002317305": 0.91, "s__Campylobacter sp900319915": 0.87, "s__Campylobacter testudinum": 0.91}