{"s__Clostridium baratii": 0.91, "s__Clostridium beijerinckii": 0.91, "s__Clostridium beijerinckii_A": 0.91, "s__Clostridium beijerinckii_D": 0.91, "s__Clostridium botulinum_A": 0.91, "s__Clostridium botulinum_B": 0.8230434782608695, "s__Clostridium butyricum": 0.885, "s__Clostridium celatum": 0.8683333333333334, "s__Clostridium chauvoei": 0.855945945945946, "s__Clostridium chromiireducens": 0.8310526315789474, "s__Clostridium cuniculi": 0.8266666666666667, "s__Clostridium disporicum_A": 0.8683333333333334, "s__Clostridium gasigenes": 0.91, "s__Clostridium isatidis": 0.91, "s__Clostridium neonatale": 0.91, "s__Clostridium nigeriense": 0.91, "s__Clostridium paraputrificum": 0.91, "s__Clostridium puniceum": 0.91, "s__Clostridium saccharobutylicum": 0.8822222222222222, "s__Clostridium saccharoperbutylacetonicum": 0.91, "s__Clostridium sartagoforme_A": 0.8544444444444445, "s__Clostridium sartagoforme_B": 0.91, "s__Clostridium saudiense": 0.91, "s__Clostridium septicum": 0.8766666666666667, "s__Clostridium sp000230835": 0.8350000000000001, "s__Clostridium sp000435835": 0.8822222222222222, "s__Clostridium sp000498355": 0.91, "s__Clostridium sp000753455": 0.8190909090909091, "s__Clostridium sp001916075": 0.8310526315789474, "s__Clostridium sp002760435": 0.8829729729729731, "s__Clostridium sp003539755": 0.91, "s__Clostridium sp007115085": 0.91, "s__Clostridium sp900116755": 0.91, "s__Clostridium sp900317445": 0.8645454545454546, "s__Clostridium sp900539375": 0.87, "s__Clostridium sp900540255": 0.91, "s__Clostridium sp900543325": 0.8266666666666667, "s__Clostridium sp900547475": 0.8544444444444445, "s__Clostridium taeniosporum": 0.91, "s__Clostridium tertium": 0.8544444444444445, "s__Clostridium thermobutyricum": 0.91, "s__Clostridium uliginosum": 0.91, "s__Clostridium vincentii": 0.91}