{"s__Clostridium_B kluyveri": 0.8843589743589744, "s__Clostridium_B ljungdahlii": 0.8266666666666667, "s__Clostridium_B ljungdahlii_A": 0.8433333333333334, "s__Clostridium_B luticellarii": 0.91, "s__Clostridium_B ragsdalei": 0.91, "s__Clostridium_B sp003497125": 0.91, "s__Clostridium_B sp004006395": 0.91, "s__Clostridium_B tyrobutyricum": 0.91}