{"s__Eubacterium_Q ruminantium": 0.91, "s__Eubacterium_Q ruminantium_A": 0.91, "s__Eubacterium_Q sp000687655": 0.885609756097561, "s__Eubacterium_Q sp000687975": 0.91, "s__Eubacterium_Q sp000702245": 0.91, "s__Eubacterium_Q sp000703065": 0.91, "s__Eubacterium_Q sp002349225": 0.91, "s__Eubacterium_Q sp002350525": 0.91, "s__Eubacterium_Q sp002368685": 0.91, "s__Eubacterium_Q sp002371025": 0.91, "s__Eubacterium_Q sp002372545": 0.91, "s__Eubacterium_Q sp002372755": 0.91, "s__Eubacterium_Q sp002391105": 0.91, "s__Eubacterium_Q sp002392655": 0.91, "s__Eubacterium_Q sp003520105": 0.91, "s__Eubacterium_Q sp003520205": 0.91, "s__Eubacterium_Q sp900110635": 0.91, "s__Eubacterium_Q sp900199595": 0.91, "s__Eubacterium_Q sp900314445": 0.91, "s__Eubacterium_Q sp900316715": 0.91, "s__Eubacterium_Q sp900321215": 0.91, "s__Eubacterium_Q sp900321505": 0.8330769230769232}