{"s__Eubacterium_H cellulosolvens_A": 0.91, "s__Eubacterium_H sp000702845": 0.91, "s__Eubacterium_H sp002368795": 0.91, "s__Eubacterium_H sp002371335": 0.8511764705882353, "s__Eubacterium_H sp002394235": 0.91, "s__Eubacterium_H sp003488475": 0.8266666666666667, "s__Eubacterium_H sp900314295": 0.91, "s__Eubacterium_H sp900317175": 0.821764705882353, "s__Eubacterium_H sp900318405": 0.91, "s__Eubacterium_H sp900318755": 0.91, "s__Eubacterium_H sp900319355": 0.91}