{"s__Lachnospira eligens": 0.8511764705882353, "s__Lachnospira eligens_B": 0.8645454545454546, "s__Lachnospira multipara": 0.812439024390244, "s__Lachnospira multipara_A": 0.91, "s__Lachnospira pectinoschiza_B": 0.8190909090909091, "s__Lachnospira rogosae": 0.91, "s__Lachnospira sp000436475": 0.91, "s__Lachnospira sp000436535": 0.91, "s__Lachnospira sp000437735": 0.91, "s__Lachnospira sp002394205": 0.91, "s__Lachnospira sp002435585": 0.8266666666666667, "s__Lachnospira sp003451515": 0.8132258064516129, "s__Lachnospira sp003537285": 0.8190909090909091, "s__Lachnospira sp900316325": 0.91, "s__Lachnospira sp900545725": 0.91, "s__Lachnospira sp900547255": 0.91, "s__Lachnospira sp900551945": 0.91}