{"s__Longicatena caecimuris": 0.91, "s__Longicatena dolichum": 0.91, "s__Longicatena innocuum": 0.8796969696969698, "s__Longicatena sp000165065": 0.91, "s__Longicatena sp003433845": 0.91, "s__Longicatena sp003481775": 0.8805882352941177, "s__Longicatena sp900411325": 0.91, "s__Longicatena sp900552125": 0.91}