{"s__NK4A136 sp000421045": 0.8147619047619048, "s__NK4A136 sp000621425": 0.91, "s__NK4A136 sp000687675": 0.8528571428571429, "s__NK4A136 sp002314855": 0.91, "s__NK4A136 sp002373855": 0.91, "s__NK4A136 sp002393955": 0.877741935483871, "s__NK4A136 sp002478505": 0.8829729729729731, "s__NK4A136 sp002479655": 0.91, "s__NK4A136 sp900102065": 0.91}