{"s__Oribacterium asaccharolyticum": 0.91, "s__Oribacterium parvum": 0.91, "s__Oribacterium sinus": 0.91, "s__Oribacterium sp000160135": 0.91, "s__Oribacterium sp000424445": 0.91, "s__Oribacterium sp000513555": 0.8645454545454546, "s__Oribacterium sp000702885": 0.8645454545454546, "s__Oribacterium sp002007235": 0.8230434782608695, "s__Oribacterium sp002371295": 0.8742857142857143, "s__Oribacterium sp002396005": 0.91, "s__Oribacterium sp002431355": 0.91, "s__Oribacterium sp002449915": 0.91, "s__Oribacterium sp004554245": 0.91, "s__Oribacterium sp900107835": 0.8410344827586207, "s__Oribacterium sp900113415": 0.8645454545454546, "s__Oribacterium sp900315665": 0.91, "s__Oribacterium sp900318695": 0.91}