{"s__Prevotellamassilia sp000437675": 0.91, "s__Prevotellamassilia sp002431845": 0.91, "s__Prevotellamassilia sp002933955": 0.91, "s__Prevotellamassilia sp004552155": 0.91, "s__Prevotellamassilia sp004552195": 0.91, "s__Prevotellamassilia sp004552865": 0.91, "s__Prevotellamassilia sp004555425": 0.8796969696969698, "s__Prevotellamassilia sp004556745": 0.8573684210526316, "s__Prevotellamassilia sp004557035": 0.91, "s__Prevotellamassilia sp004557185": 0.91, "s__Prevotellamassilia sp004558535": 0.91, "s__Prevotellamassilia sp004562975": 0.91, "s__Prevotellamassilia sp900539625": 0.91, "s__Prevotellamassilia sp900540885": 0.91, "s__Prevotellamassilia sp900541335": 0.91, "s__Prevotellamassilia sp900541575": 0.91, "s__Prevotellamassilia sp900542795": 0.91, "s__Prevotellamassilia sp900543155": 0.91, "s__Prevotellamassilia sp900546605": 0.91, "s__Prevotellamassilia sp900556465": 0.91, "s__Prevotellamassilia timonensis": 0.91}