{"s__Streptococcus acidominimus": 0.8796969696969698, "s__Streptococcus australis_A": 0.91, "s__Streptococcus azizii": 0.91, "s__Streptococcus criceti": 0.91, "s__Streptococcus cristatus_C": 0.91, "s__Streptococcus cristatus_E": 0.91, "s__Streptococcus devriesei": 0.91, "s__Streptococcus didelphis": 0.87, "s__Streptococcus downei": 0.91, "s__Streptococcus dysgalactiae": 0.855945945945946, "s__Streptococcus equinus": 0.8805882352941177, "s__Streptococcus gallolyticus": 0.8132258064516129, "s__Streptococcus gallolyticus_B": 0.8742857142857143, "s__Streptococcus halotolerans": 0.91, "s__Streptococcus hyointestinalis": 0.91, "s__Streptococcus infantarius": 0.8805882352941177, "s__Streptococcus infantis_I": 0.86, "s__Streptococcus macedonicus": 0.812439024390244, "s__Streptococcus marmotae": 0.91, "s__Streptococcus minor": 0.91, "s__Streptococcus mitis_AF": 0.8683333333333334, "s__Streptococcus mitis_AG": 0.8242857142857143, "s__Streptococcus mitis_AH": 0.91, "s__Streptococcus mitis_AR": 0.91, "s__Streptococcus mitis_AT": 0.8242857142857143, "s__Streptococcus mitis_AX": 0.8433333333333334, "s__Streptococcus mitis_BF": 0.91, "s__Streptococcus mitis_BH": 0.8665217391304348, "s__Streptococcus mitis_BI": 0.8665217391304348, "s__Streptococcus mitis_BL": 0.8729629629629629, "s__Streptococcus mitis_E": 0.8266666666666667, "s__Streptococcus mitis_I": 0.8433333333333334, "s__Streptococcus mitis_M": 0.8433333333333334, "s__Streptococcus oralis": 0.8266666666666667, "s__Streptococcus oralis_AA": 0.91, "s__Streptococcus oralis_BA": 0.821764705882353, "s__Streptococcus oralis_BF": 0.8511764705882353, "s__Streptococcus oralis_BJ": 0.8544444444444445, "s__Streptococcus oralis_E": 0.8829729729729731, "s__Streptococcus oralis_F": 0.821764705882353, "s__Streptococcus oralis_L": 0.8242857142857143, "s__Streptococcus oralis_Q": 0.91, "s__Streptococcus oralis_T": 0.8475, "s__Streptococcus oralis_U": 0.8511764705882353, "s__Streptococcus oralis_V": 0.91, "s__Streptococcus oralis_Y": 0.8310526315789474, "s__Streptococcus oralis_Z": 0.91, "s__Streptococcus orisasini": 0.91, "s__Streptococcus parasanguinis": 0.8242857142857143, "s__Streptococcus penaeicida": 0.91, "s__Streptococcus peroris": 0.91, "s__Streptococcus phocae": 0.91, "s__Streptococcus pluranimalium": 0.885, "s__Streptococcus pneumoniae": 0.8528571428571429, "s__Streptococcus pneumoniae_D": 0.8814285714285715, "s__Streptococcus pneumoniae_E": 0.8300000000000001, "s__Streptococcus porci": 0.91, "s__Streptococcus porcinus_A": 0.8300000000000001, "s__Streptococcus pseudopneumoniae_C": 0.91, "s__Streptococcus pseudopneumoniae_D": 0.91, "s__Streptococcus pseudopneumoniae_O": 0.91, "s__Streptococcus pseudopneumoniae_P": 0.8665217391304348, "s__Streptococcus pseudoporcinus": 0.8544444444444445, "s__Streptococcus ruminantium": 0.91, "s__Streptococcus sanguinis_A": 0.91, "s__Streptococcus sanguinis_C": 0.8147619047619048, "s__Streptococcus sanguinis_D": 0.8475, "s__Streptococcus sanguinis_E": 0.8190909090909091, "s__Streptococcus sinensis": 0.8829729729729731, "s__Streptococcus sp000187445": 0.91, "s__Streptococcus sp000220065": 0.91, "s__Streptococcus sp000235485": 0.91, "s__Streptococcus sp001182825": 0.91, "s__Streptococcus sp001578875": 0.91, "s__Streptococcus sp001587175": 0.91, "s__Streptococcus sp001811505": 0.91, "s__Streptococcus sp001937065": 0.91, "s__Streptococcus sp003086355": 0.91, "s__Streptococcus sp003428885": 0.8623809523809524, "s__Streptococcus sp003686955": 0.91, "s__Streptococcus sp004166885": 0.8230434782608695, "s__Streptococcus sp900543065": 0.91, "s__Streptococcus sp900550895": 0.91, "s__Streptococcus sp900555155": 0.8266666666666667, "s__Streptococcus suis_P": 0.828918918918919, "s__Streptococcus suis_R": 0.8230434782608695, "s__Streptococcus suis_U": 0.8573684210526316, "s__Streptococcus troglodytae": 0.91}