{"s__UBA4285 sp002394965": 0.91, "s__UBA4285 sp900314255": 0.8665217391304348, "s__UBA4285 sp900542465": 0.8683333333333334, "s__UBA4285 sp900545225": 0.91}