{"s__UBA2856 sp002350685": 0.91, "s__UBA2856 sp002371345": 0.8843589743589744, "s__UBA2856 sp002392705": 0.91, "s__UBA2856 sp002394165": 0.91, "s__UBA2856 sp002482005": 0.8715384615384616, "s__UBA2856 sp900313765": 0.91, "s__UBA2856 sp900318615": 0.91, "s__UBA2856 sp900319065": 0.91, "s__UBA2856 sp900321365": 0.91, "s__UBA2856 sp900555005": 0.91}