{"s__UBA1066 sp002316215": 0.91, "s__UBA1066 sp002350625": 0.91, "s__UBA1066 sp002369495": 0.91, "s__UBA1066 sp002371465": 0.86, "s__UBA1066 sp003446335": 0.91, "s__UBA1066 sp900313955": 0.91, "s__UBA1066 sp900314565": 0.8385714285714286, "s__UBA1066 sp900315305": 0.91, "s__UBA1066 sp900317045": 0.8805882352941177, "s__UBA1066 sp900317515": 0.91, "s__UBA1066 sp900319795": 0.91, "s__UBA1066 sp900320575": 0.91, "s__UBA1066 sp900320615": 0.91}