{"s__Victivallis sp002998355": 0.8822222222222222, "s__Victivallis sp900550905": 0.8645454545454546, "s__Victivallis sp900551245": 0.8665217391304348, "s__Victivallis vadensis": 0.8836842105263158}