{"f__Actinomycetaceae": 0.6838350585322361, "f__Brevibacteriaceae": 0.7353565758021776, "f__Corynebacteriaceae": 0.7503381100677928, "f__Micrococcaceae": 0.6347034752177965, "f__Propionibacteriaceae": 0.7235313957323961, "f__Streptomycetaceae": 0.6695710310842502}