{"f__Bacillaceae": 0.7964229814679475, "f__Listeriaceae": 0.5271212925921047, "f__Paenibacillaceae": 0.7742312849589288, "f__Staphylococcaceae": 0.797733579995987, "f__Exiguobacterium": 0.6782614096571538, "f__Gemella": 0.5258052097414627}