{"f__Bacteroidaceae": 0.7846233041744037, "f__Porphyromonadaceae": 0.7827565362059312, "f__Prevotellaceae": 0.7743986451600402, "f__Rikenellaceae": 0.7680953695796491}