{"f__Alcaligenaceae": 0.7512225819028033, "f__Burkholderiaceae": 0.6917955182519933, "f__Oxalobacteraceae": 0.81, "f__Sutterellaceae": 0.7988830965939699}