{"f__Brachyspiraceae": 0.7999999999999778, "f__Spirochaetaceae": 0.7964221826923077}