{"f__Selenomonadaceae": 0.7773913043478058, "f__Sporomusaceae": 0.81, "f__Acidaminococcaceae": 0.7855204990231779, "f__Veillonellaceae": 0.7760518542723878}