{"c__Actinobacteria": 0.6982111976064447, "c__Coriobacteriia": 0.6969372726140459}