{"c__Bacteroidia": 0.7998592822333659, "c__Flavobacteriia": 0.7567983011654975}