{"c__Bacilli": 0.7884347413672212, "c__Clostridia": 0.7965558394711545, "c__Erysipelotrichia": 0.3844041104229868, "c__Negativicutes": 0.7818812473002235, "c__Tissierellia": 0.6797775407191926}