{"o__Gemmatales": 0.79789675051962, "o__Isosphaerales": null, "o__Pan216": null, "o__Pirellulales": 0.7981838236242857, "o__Planctomycetales": null}