{"g__Atopobium": null, "g__CACXFF01": null, "g__CACZNT01": null, "g__CADAUA01": 0.6572831006470892, "g__CADBMC01": null, "g__Fannyhessea": null, "g__Lancefieldella": null, "g__NM07-P-09": null, "g__Olegusella": 0.7606205349163411, "g__Olsenella": 0.7288316008264921, "g__Olsenella_B": null, "g__Olsenella_D": null, "g__Olsenella_E": null, "g__Parolsenella": null, "g__RUG440": 0.7362435105086349, "g__RUG721": 0.7639379907559449, "g__UBA1367": 0.7652528960551892, "g__UBA7741": 0.7727255451299448, "g__UBA7748": null, "g__UMGS1418": null}