{"g__43-108": null, "g__Alloprevotella": 0.7599646165204175, "g__Bacteroides": null, "g__Bacteroides_E": null, "g__Bacteroides_G": null, "g__CAG-462": null, "g__CAG-617": null, "g__F0040": null, "g__Ga6A1": null, "g__HGM04593": null, "g__HGM04792": null, "g__JAAYSY01": null, "g__JAAYUD01": null, "g__OM05-12": null, "g__Paraprevotella": null, "g__Phocaeicola": 0.644118507216247, "g__Prevotella": 0.5462727713201048, "g__Prevotellamassilia": 0.6372263165174885, "g__RUG11857": null, "g__RUG13423": null, "g__RUG210": 0.7610610945525202, "g__UBA1179": 0.7799002300713818, "g__UBA1189": null, "g__UBA1786": null, "g__UBA1794": null, "g__UBA2918": 0.7808902680968399, "g__UBA3839": 0.7688529790922403, "g__UBA4293": 0.7257579563504613, "g__UBA4334": 0.7208908413426087, "g__UBA4372": 0.6817515634659648, "g__UBA6382": 0.7696140073175857, "g__UBA6398": 0.7618944181969662}