{"g__Bact-08": null, "g__Bact-11": null, "g__CAG-831": null, "g__DMER64": null, "g__RC9": 0.6219774372994755, "g__RUG11257": null, "g__UBA1232": 0.7527514606274561, "g__UBA3382": null, "g__UBA932": null, "g__WRBG01": null}