{"s__Butyrivibrio fibrisolvens": 0.7523809523809524, "s__Butyrivibrio fibrisolvens_C": 0.7711527217214351, "s__Butyrivibrio hungatei": 0.709090909090909, "s__Butyrivibrio hungatei_A": 0.8, "s__Butyrivibrio hungatei_B": 0.709090909090909, "s__Butyrivibrio proteoclasticus": 0.7729729729729731, "s__Butyrivibrio proteoclasticus_A": 0.7729645159214413, "s__Butyrivibrio proteoclasticus_B": 0.8, "s__Butyrivibrio sp000420825": 0.8, "s__Butyrivibrio sp000420845": 0.8, "s__Butyrivibrio sp000420865": 0.7642857142857142, "s__Butyrivibrio sp000420945": 0.8, "s__Butyrivibrio sp000421405": 0.8, "s__Butyrivibrio sp000423925": 0.7545454545454546, "s__Butyrivibrio sp000423945": 0.8, "s__Butyrivibrio sp000424145": 0.7285714285714286, "s__Butyrivibrio sp000424265": 0.7166666666666666, "s__Butyrivibrio sp000424285": 0.7442197074032848, "s__Butyrivibrio sp000424385": 0.7605594515846228, "s__Butyrivibrio sp000424545": 0.8, "s__Butyrivibrio sp000424585": 0.8, "s__Butyrivibrio sp000526935": 0.8, "s__Butyrivibrio sp000621565": 0.72, "s__Butyrivibrio sp000621605": 0.8, "s__Butyrivibrio sp000702265": 0.8, "s__Butyrivibrio sp000703165": 0.7523809523809524, "s__Butyrivibrio sp002372465": 0.8, "s__Butyrivibrio sp003625475": 0.7285714285714286, "s__Butyrivibrio sp003625485": 0.8, "s__Butyrivibrio sp900102515": 0.8, "s__Butyrivibrio sp900103635": 0.7047619047619047, "s__Butyrivibrio sp900104155": 0.7381707050094255, "s__Butyrivibrio sp900108105": 0.8, "s__Butyrivibrio sp900112195": 0.7386643477085457, "s__Butyrivibrio sp900116865": 0.8, "s__Butyrivibrio sp900116875": 0.70625}