{"s__Bulleidia extructa": null, "s__Bulleidia massiliensis_A": 0.799055219617339, "s__Bulleidia massiliensis_B": 0.7488299535311749, "s__Bulleidia moorei": null, "s__Bulleidia sp000701725": null, "s__Bulleidia sp002372175": null, "s__Bulleidia sp003446295": null, "s__Bulleidia sp009929095": null, "s__Bulleidia sp012516665": null, "s__Bulleidia sp900314345": null, "s__Bulleidia sp900314905": 0.7710273667300094, "s__Bulleidia sp900315065": 0.7620486539397591, "s__Bulleidia sp900315225": null, "s__Bulleidia sp900319505": 0.7481960020416176, "s__Bulleidia sp900320455": null, "s__Bulleidia sp900539965": null, "s__Bulleidia sp900554555": null, "s__Bulleidia sp900770275": null, "s__Bulleidia sp902761625": null, "s__Bulleidia sp902766005": null, "s__Bulleidia sp902766435": null, "s__Bulleidia sp902766675": null, "s__Bulleidia sp902775735": null, "s__Bulleidia sp902778375": null, "s__Bulleidia sp902782955": null, "s__Bulleidia sp902784015": null, "s__Bulleidia sp902786245": null, "s__Bulleidia sp902793635": null, "s__Bulleidia sp902795905": null, "s__Bulleidia sp902796465": null, "s__Bulleidia sp902797775": null, "s__Bulleidia sp903789495": null, "s__Bulleidia timonensis": null}