{"s__CAG-603 sp900066105": null, "s__CAG-603 sp900110975": null, "s__CAG-603 sp900314525": 0.7997851446258588, "s__CAG-603 sp900314555": 0.7729496700478735, "s__CAG-603 sp900315425": null, "s__CAG-603 sp900321855": 0.7435212534846325, "s__CAG-603 sp902767015": null, "s__CAG-603 sp902773095": null, "s__CAG-603 sp902786365": null}