{"s__CAG-127 sp002369325": 0.8, "s__CAG-127 sp002404515": 0.76, "s__CAG-127 sp002431865": 0.7749999999999999, "s__CAG-127 sp002476495": 0.8, "s__CAG-127 sp002493625": 0.8, "s__CAG-127 sp900319515": 0.8, "s__CAG-127 sp900321145": 0.8, "s__CAG-127 sp900539705": 0.7534883720930232, "s__CAG-127 sp900553925": 0.8, "s__CAG-127 sp900766925": 0.8, "s__CAG-127 sp900767585": 0.8, "s__CAG-127 sp902762955": 0.8, "s__CAG-127 sp902780405": 0.8, "s__CAG-127 sp902783015": 0.8, "s__CAG-127 sp902788555": 0.8, "s__CAG-127 sp902800325": 0.8}