{"s__CAG-590 sp000431135": 0.7928934951688407, "s__CAG-590 sp003530125": 0.7743589743589743, "s__CAG-590 sp900313855": 0.8, "s__CAG-590 sp900544905": 0.8, "s__CAG-590 sp900548855": 0.7714285714285714, "s__CAG-590 sp900552885": 0.7473684210526315, "s__CAG-590 sp900769115": 0.8, "s__CAG-590 sp902793335": 0.8}