{"s__Eubacterium_Q ruminantium": 0.8, "s__Eubacterium_Q ruminantium_A": 0.7967331748951834, "s__Eubacterium_Q sp000687655": 0.8, "s__Eubacterium_Q sp000687975": 0.7812718208229832, "s__Eubacterium_Q sp000702245": 0.8, "s__Eubacterium_Q sp000703065": 0.8, "s__Eubacterium_Q sp002349225": 0.7992850165476224, "s__Eubacterium_Q sp002350525": 0.8, "s__Eubacterium_Q sp002368685": 0.7736842105263158, "s__Eubacterium_Q sp002371025": 0.774273761883002, "s__Eubacterium_Q sp002372545": 0.8, "s__Eubacterium_Q sp002372755": 0.7230769230769232, "s__Eubacterium_Q sp002391105": 0.8, "s__Eubacterium_Q sp002392655": 0.8, "s__Eubacterium_Q sp003520105": 0.8, "s__Eubacterium_Q sp003520205": 0.8, "s__Eubacterium_Q sp900110635": 0.8, "s__Eubacterium_Q sp900199595": 0.8, "s__Eubacterium_Q sp900314445": 0.8, "s__Eubacterium_Q sp900316715": 0.8, "s__Eubacterium_Q sp900321215": 0.8, "s__Eubacterium_Q sp900321505": 0.8, "s__Eubacterium_Q sp902760755": 0.8, "s__Eubacterium_Q sp902772925": 0.8, "s__Eubacterium_Q sp902773185": 0.8, "s__Eubacterium_Q sp902774725": 0.8, "s__Eubacterium_Q sp902775555": 0.8, "s__Eubacterium_Q sp902776395": 0.8, "s__Eubacterium_Q sp902777655": 0.7714285714285714, "s__Eubacterium_Q sp902780985": 0.8, "s__Eubacterium_Q sp902781895": 0.8, "s__Eubacterium_Q sp902782695": 0.8, "s__Eubacterium_Q sp902782965": 0.8, "s__Eubacterium_Q sp902783605": 0.8, "s__Eubacterium_Q sp902789175": 0.8, "s__Eubacterium_Q sp902792005": 0.8, "s__Eubacterium_Q sp902795855": 0.8, "s__Eubacterium_Q sp902796375": 0.8, "s__Eubacterium_Q sp902796385": 0.8, "s__Eubacterium_Q sp902797155": 0.8}