{"s__Eubacterium_H cellulosolvens_A": 0.8, "s__Eubacterium_H sp000702845": 0.7953999537143146, "s__Eubacterium_H sp002368795": 0.7929549493912, "s__Eubacterium_H sp002371335": 0.8, "s__Eubacterium_H sp002394235": 0.8, "s__Eubacterium_H sp003488475": 0.7142857142857142, "s__Eubacterium_H sp009696005": 0.7568258143320132, "s__Eubacterium_H sp900314295": 0.8, "s__Eubacterium_H sp900317175": 0.7411764705882353, "s__Eubacterium_H sp900318405": 0.8, "s__Eubacterium_H sp900318755": 0.8, "s__Eubacterium_H sp900319355": 0.8, "s__Eubacterium_H sp900770225": 0.8, "s__Eubacterium_H sp902783945": 0.7880790581406816, "s__Eubacterium_H sp902795835": 0.8, "s__Eubacterium_H sp902797025": 0.8, "s__Eubacterium_H sp903789595": 0.8}