{"s__F23-D06 sp002311645": null, "s__F23-D06 sp002392325": null, "s__F23-D06 sp900315245": 0.7518527613601047, "s__F23-D06 sp900315705": 0.7970698202435269, "s__F23-D06 sp900316305": 0.7418926229103171, "s__F23-D06 sp900317715": 0.7333843846961592, "s__F23-D06 sp900319925": 0.793576291605272, "s__F23-D06 sp902770735": null, "s__F23-D06 sp902771655": null, "s__F23-D06 sp902786595": null, "s__F23-D06 sp902796805": null, "s__F23-D06 sp902797625": null, "s__F23-D06 sp902802755": null}