{"s__NK4A136 sp000421045": 0.7923867851718831, "s__NK4A136 sp000621425": 0.8, "s__NK4A136 sp000687675": 0.8, "s__NK4A136 sp002314855": 0.8, "s__NK4A136 sp002373855": 0.7730812148268338, "s__NK4A136 sp002393955": 0.7924524829298347, "s__NK4A136 sp002478505": 0.7844645760229456, "s__NK4A136 sp002479655": 0.8, "s__NK4A136 sp900102065": 0.8, "s__NK4A136 sp902779395": 0.8, "s__NK4A136 sp902787595": 0.8, "s__NK4A136 sp902793845": 0.7844904803197845}