{"s__Oribacterium asaccharolyticum": 0.7873252595200828, "s__Oribacterium parvum": 0.7583333333333333, "s__Oribacterium sinus": 0.8, "s__Oribacterium sp000160135": 0.8, "s__Oribacterium sp000424445": 0.7444444444444445, "s__Oribacterium sp000513555": 0.8, "s__Oribacterium sp000702885": 0.758539075805031, "s__Oribacterium sp002007235": 0.8, "s__Oribacterium sp002371295": 0.7600674006732544, "s__Oribacterium sp002396005": 0.8, "s__Oribacterium sp002431355": 0.8, "s__Oribacterium sp002449915": 0.8, "s__Oribacterium sp004554245": 0.7722222222222221, "s__Oribacterium sp013394775": 0.8, "s__Oribacterium sp900107835": 0.7210526315789474, "s__Oribacterium sp900113415": 0.7751502093797595, "s__Oribacterium sp900315665": 0.8, "s__Oribacterium sp900318695": 0.8, "s__Oribacterium sp900770445": 0.72, "s__Oribacterium sp900772695": 0.7278657631295924}