{"s__RUG210 sp003265305": 0.7857396992274115, "s__RUG210 sp900316575": 0.7866420334594804, "s__RUG210 sp902796835": null}