{"s__RUG592 sp900313125": null, "s__RUG592 sp900315255": 0.7999135587079551, "s__RUG592 sp900315715": 0.7999457477520091, "s__RUG592 sp900317025": null, "s__RUG592 sp900317815": null, "s__RUG592 sp900320535": 0.7473752213055656, "s__RUG592 sp902761025": null, "s__RUG592 sp902761345": null, "s__RUG592 sp902763835": null, "s__RUG592 sp902767285": null, "s__RUG592 sp902773045": null, "s__RUG592 sp902773165": null, "s__RUG592 sp902773245": null, "s__RUG592 sp902773395": null, "s__RUG592 sp902779615": null, "s__RUG592 sp902785425": null, "s__RUG592 sp902792115": null, "s__RUG592 sp902797065": null, "s__RUG592 sp902801245": null, "s__RUG592 sp902802975": null}