{"s__RF16 sp002308195": null, "s__RF16 sp002308815": null, "s__RF16 sp002309255": null, "s__RF16 sp002309835": null, "s__RF16 sp002310195": null, "s__RF16 sp002315745": null, "s__RF16 sp002317295": null, "s__RF16 sp002351925": null, "s__RF16 sp002352705": null, "s__RF16 sp002354055": null, "s__RF16 sp002368645": null, "s__RF16 sp002369075": null, "s__RF16 sp002371785": null, "s__RF16 sp002372135": null, "s__RF16 sp002373505": null, "s__RF16 sp002387325": null, "s__RF16 sp002392745": null, "s__RF16 sp002394335": null, "s__RF16 sp002394395": null, "s__RF16 sp002395805": null, "s__RF16 sp002440265": null, "s__RF16 sp002449665": null, "s__RF16 sp002452095": null, "s__RF16 sp002477945": null, "s__RF16 sp002479035": null, "s__RF16 sp900316005": 0.7917562505648565, "s__RF16 sp900316845": 0.7038971666874547, "s__RF16 sp900317345": 0.7872977500350355, "s__RF16 sp900317745": 0.7626307954932319, "s__RF16 sp900317885": 0.7274593046178897, "s__RF16 sp900318245": 0.7749593587386485, "s__RF16 sp900319005": 0.7512293862894435, "s__RF16 sp900319025": 0.7923770808382671, "s__RF16 sp900319035": 0.6628159732748924, "s__RF16 sp900319105": 0.7438876308632072, "s__RF16 sp900319645": 0.7691221575555536, "s__RF16 sp900319995": 0.7787554136894088, "s__RF16 sp900320865": 0.7320063189530583, "s__RF16 sp900321005": 0.7888567647204974, "s__RF16 sp900321605": 0.6016752498599212, "s__RF16 sp900321775": 0.7604115892710528, "s__RF16 sp900542355": null, "s__RF16 sp900556095": null, "s__RF16 sp900766775": null, "s__RF16 sp900767595": null, "s__RF16 sp900768725": null, "s__RF16 sp902762355": null, "s__RF16 sp902765485": null, "s__RF16 sp902769535": null, "s__RF16 sp902771935": null, "s__RF16 sp902774075": null, "s__RF16 sp902774185": null, "s__RF16 sp902774995": null, "s__RF16 sp902778935": null, "s__RF16 sp902779705": null, "s__RF16 sp902780235": null, "s__RF16 sp902780495": null, "s__RF16 sp902783545": null, "s__RF16 sp902784585": null, "s__RF16 sp902785605": null, "s__RF16 sp902785805": null, "s__RF16 sp902792535": null, "s__RF16 sp902792835": null, "s__RF16 sp902798015": null, "s__RF16 sp902798385": null, "s__RF16 sp902798965": null, "s__RF16 sp902799185": null, "s__RF16 sp902799555": null, "s__RF16 sp902799705": null, "s__RF16 sp902799875": null, "s__RF16 sp902800215": null, "s__RF16 sp902800525": null}