{"s__RUG306 sp900313435": 0.7892378050891904, "s__RUG306 sp900314085": 0.8, "s__RUG306 sp900316075": 0.7882180995347248, "s__RUG306 sp900317755": 0.8, "s__RUG306 sp902772635": 0.8}