{"s__UBA2730 sp900313345": 0.7714793984548229, "s__UBA2730 sp900319955": 0.7860893100051587, "s__UBA2730 sp900320505": 0.7744988453104267}