{"s__UBA2897 sp002350105": null, "s__UBA2897 sp900315155": 0.7642619202485281, "s__UBA2897 sp900316275": 0.7720642849667443}