{"s__UBA1066 sp002316215": 0.7629810951316591, "s__UBA1066 sp002350625": 0.7918110849455491, "s__UBA1066 sp002369495": 0.8, "s__UBA1066 sp002371465": 0.8, "s__UBA1066 sp003446335": 0.8, "s__UBA1066 sp900313955": 0.7982958838719312, "s__UBA1066 sp900314565": 0.7953685712667928, "s__UBA1066 sp900315305": 0.7911460581619572, "s__UBA1066 sp900317045": 0.8, "s__UBA1066 sp900317515": 0.8, "s__UBA1066 sp900319795": 0.7910337098070344, "s__UBA1066 sp900320575": 0.8, "s__UBA1066 sp900320615": 0.8, "s__UBA1066 sp902766655": 0.8, "s__UBA1066 sp902766945": 0.8, "s__UBA1066 sp902766955": 0.7944564522961823, "s__UBA1066 sp902773195": 0.8, "s__UBA1066 sp902773435": 0.8, "s__UBA1066 sp902776305": 0.8, "s__UBA1066 sp902779245": 0.7943511923118609, "s__UBA1066 sp902783325": 0.8, "s__UBA1066 sp902783935": 0.8, "s__UBA1066 sp902785985": 0.7230769230769232, "s__UBA1066 sp902788035": 0.8, "s__UBA1066 sp902797075": 0.8, "s__UBA1066 sp902803245": 0.7948240450166761, "s__UBA1066 sp902803505": 0.8, "s__UBA1066 sp902803635": 0.8}