{"s__UBA4951 sp002296455": null, "s__UBA4951 sp002297365": null, "s__UBA4951 sp002314915": null, "s__UBA4951 sp002395465": null, "s__UBA4951 sp002397465": 0.7682525641875069, "s__UBA4951 sp002404865": null, "s__UBA4951 sp002440125": null, "s__UBA4951 sp002449265": null, "s__UBA4951 sp900320745": 0.7807616833529936, "s__UBA4951 sp900321485": 0.5665299278360643, "s__UBA4951 sp900540385": null, "s__UBA4951 sp900542595": null, "s__UBA4951 sp902781615": null, "s__UBA4951 sp902791085": null, "s__UBA4951 sp902793515": null, "s__UBA4951 sp902800255": null, "s__UBA4951 sp902802355": null}