{"s__UBA2912 sp900314775": 0.8, "s__UBA2912 sp900314845": 0.7958353687188402, "s__UBA2912 sp900317095": 0.7972020114255589, "s__UBA2912 sp902787905": null, "s__UBA2912 sp902796775": null}