{"s__UBA1711 sp001543385": null, "s__UBA1711 sp002309955": null, "s__UBA1711 sp002317325": null, "s__UBA1711 sp002349055": null, "s__UBA1711 sp002354035": null, "s__UBA1711 sp002368955": null, "s__UBA1711 sp002372855": null, "s__UBA1711 sp002373995": null, "s__UBA1711 sp002392965": null, "s__UBA1711 sp002394185": null, "s__UBA1711 sp900314925": 0.796369947391905, "s__UBA1711 sp900315935": 0.7975441362919578, "s__UBA1711 sp900316055": 0.7687859451008887, "s__UBA1711 sp900316235": 0.7374564232443339, "s__UBA1711 sp900316515": 0.7938854702091742, "s__UBA1711 sp900317125": 0.7257389134195364, "s__UBA1711 sp900317285": 0.7888536857759065, "s__UBA1711 sp900317955": null, "s__UBA1711 sp900318175": 0.7490876684376258, "s__UBA1711 sp900318275": 0.7800041946150749, "s__UBA1711 sp900318665": null, "s__UBA1711 sp900318835": 0.7575911656992695, "s__UBA1711 sp900319865": 0.7825110579519428, "s__UBA1711 sp900320975": 0.7635327224431983, "s__UBA1711 sp900321975": 0.7959432477422639, "s__UBA1711 sp900771365": null, "s__UBA1711 sp902762805": null, "s__UBA1711 sp902771735": null, "s__UBA1711 sp902774395": null, "s__UBA1711 sp902774845": null, "s__UBA1711 sp902775135": null, "s__UBA1711 sp902776365": null, "s__UBA1711 sp902777005": null, "s__UBA1711 sp902778925": null, "s__UBA1711 sp902782185": null, "s__UBA1711 sp902783595": null, "s__UBA1711 sp902784865": null, "s__UBA1711 sp902790215": null, "s__UBA1711 sp902791695": null, "s__UBA1711 sp902800395": null, "s__UBA1711 sp902803395": null}