{"s__UBA1213 sp002308635": null, "s__UBA1213 sp002309275": null, "s__UBA1213 sp002350705": null, "s__UBA1213 sp002351795": null, "s__UBA1213 sp900315465": 0.799021668642869, "s__UBA1213 sp900315875": 0.7992962665172312, "s__UBA1213 sp900316485": 0.7337764388028991, "s__UBA1213 sp900316925": null, "s__UBA1213 sp900317215": 0.7682577844475504, "s__UBA1213 sp900317395": 0.7687668174336701, "s__UBA1213 sp900317795": 0.7969587072153035, "s__UBA1213 sp900319255": 0.7999324069246068, "s__UBA1213 sp900320235": 0.7705572702509882, "s__UBA1213 sp900320925": null, "s__UBA1213 sp900321195": 0.7391038624525441, "s__UBA1213 sp900322105": 0.7643522490489998, "s__UBA1213 sp900322145": null, "s__UBA1213 sp902762335": null, "s__UBA1213 sp902763365": null, "s__UBA1213 sp902764235": null, "s__UBA1213 sp902766305": null, "s__UBA1213 sp902766585": null, "s__UBA1213 sp902767125": null, "s__UBA1213 sp902767155": null, "s__UBA1213 sp902767175": null, "s__UBA1213 sp902768825": null, "s__UBA1213 sp902772855": null, "s__UBA1213 sp902772895": null, "s__UBA1213 sp902772955": null, "s__UBA1213 sp902773025": null, "s__UBA1213 sp902773065": null, "s__UBA1213 sp902773135": null, "s__UBA1213 sp902773325": null, "s__UBA1213 sp902778175": null, "s__UBA1213 sp902783065": null, "s__UBA1213 sp902783815": null, "s__UBA1213 sp902783855": null, "s__UBA1213 sp902785555": null, "s__UBA1213 sp902785765": null, "s__UBA1213 sp902786345": null, "s__UBA1213 sp902796475": null, "s__UBA1213 sp902800005": null, "s__UBA1213 sp902800065": null, "s__UBA1213 sp902801055": null, "s__UBA1213 sp902801715": null, "s__UBA1213 sp902802105": 0.7962819795811347, "s__UBA1213 sp902802985": null, "s__UBA1213 sp902803125": null, "s__UBA1213 sp902803385": null, "s__UBA1213 sp902803585": null, "s__UBA1213 sp902803805": null}