{"s__UBA1777 sp002315275": null, "s__UBA1777 sp002320035": null, "s__UBA1777 sp002350825": null, "s__UBA1777 sp002371675": null, "s__UBA1777 sp002431965": null, "s__UBA1777 sp002450075": null, "s__UBA1777 sp002493305": null, "s__UBA1777 sp003150355": null, "s__UBA1777 sp004560305": null, "s__UBA1777 sp900316205": null, "s__UBA1777 sp900316255": null, "s__UBA1777 sp900317375": 0.7264009969007408, "s__UBA1777 sp900319275": 0.7672724016539576, "s__UBA1777 sp900319465": 0.7981974377164924, "s__UBA1777 sp900319635": 0.7951583994060247, "s__UBA1777 sp900319695": 0.6898723291492346, "s__UBA1777 sp900319835": null, "s__UBA1777 sp900319935": 0.7089944242012562, "s__UBA1777 sp900320465": 0.7612170676162886, "s__UBA1777 sp900320595": 0.6856633171468327, "s__UBA1777 sp900321275": 0.6687472495859876, "s__UBA1777 sp900546515": null, "s__UBA1777 sp900547315": null, "s__UBA1777 sp900549485": null, "s__UBA1777 sp900549545": null, "s__UBA1777 sp900549645": null, "s__UBA1777 sp900549865": null, "s__UBA1777 sp900754515": null}