{"s__UBA2868 sp002350465": 0.7473684210526315, "s__UBA2868 sp002368575": 0.8, "s__UBA2868 sp002371615": 0.7565217391304349, "s__UBA2868 sp002373875": 0.8, "s__UBA2868 sp002394535": 0.7584691088222166, "s__UBA2868 sp003484785": 0.8, "s__UBA2868 sp003535955": 0.8, "s__UBA2868 sp004552595": 0.8, "s__UBA2868 sp900320345": 0.8, "s__UBA2868 sp902775485": 0.8, "s__UBA2868 sp902779305": 0.8, "s__UBA2868 sp902803305": 0.7999973730547911}