{"s__UBA1066 sp002316215": null, "s__UBA1066 sp002350625": null, "s__UBA1066 sp002369495": null, "s__UBA1066 sp002371465": null, "s__UBA1066 sp003446335": null, "s__UBA1066 sp900313955": null, "s__UBA1066 sp900314565": 0.794903242793858, "s__UBA1066 sp900315305": 0.7907249226313104, "s__UBA1066 sp900317045": 0.7924137390443258, "s__UBA1066 sp900317515": null, "s__UBA1066 sp900319795": 0.7244400957716568, "s__UBA1066 sp900320575": 0.7921521822191702, "s__UBA1066 sp900320615": 0.7584743262196025, "s__UBA1066 sp902766655": null, "s__UBA1066 sp902766945": null, "s__UBA1066 sp902766955": null, "s__UBA1066 sp902773195": null, "s__UBA1066 sp902773435": null, "s__UBA1066 sp902776305": null, "s__UBA1066 sp902779245": null, "s__UBA1066 sp902783325": null, "s__UBA1066 sp902783935": null, "s__UBA1066 sp902785985": null, "s__UBA1066 sp902788035": null, "s__UBA1066 sp902797075": null, "s__UBA1066 sp902803245": null, "s__UBA1066 sp902803505": null, "s__UBA1066 sp902803635": null}