{"s__UBA3839 sp002305265": null, "s__UBA3839 sp002350855": null, "s__UBA3839 sp002393575": null, "s__UBA3839 sp900313845": 0.7921542956790979, "s__UBA3839 sp900314125": 0.7802562733180649, "s__UBA3839 sp900319385": 0.7755981325421135, "s__UBA3839 sp900321835": 0.7981285134017073, "s__UBA3839 sp902798705": null}