{"f__Atopobiaceae": 0.7995170152001161, "f__CADBOM01": null, "f__Coriobacteriaceae": null, "f__Eggerthellaceae": 0.7997427427948058, "f__QAMH01": null, "f__RUG033": 0.7983748309632779, "f__RUG844": null, "f__UBA8131": null, "f__UMGS124": 0.7786566881763304}