{"f__JAAEEP01": null, "f__JACIVX01": null, "f__Methanomassiliicoccaceae": 0.799869098974685, "f__Methanomethylophilaceae": 0.7998472036655404, "f__UBA472": null}