{"f__Acutalibacteraceae": 0.7847614427141154, "f__BX7": null, "f__Butyricicoccaceae": null, "f__CAG-272": 0.7895233336008756, "f__CAG-382": null, "f__CAG-382_A": null, "f__Ethanoligenenaceae": null, "f__Oscillospiraceae": 0.7938616064731481, "f__QAKW01": null, "f__QAMX01": null, "f__Ruminococcaceae": 0.7857948685656206, "f__UBA1758": null, "f__UBA644": null, "f__UMGS1783": null, "f__WRJC01": null}