{"f__Dialisteraceae": 0.7981789597248043, "f__Megasphaeraceae": 0.7994090159710594, "f__Negativicoccaceae": null, "f__Veillonellaceae": null}