{"d__Archaea": 0.6706594628492124, "d__Bacteria": 0.7837304935972074}