{"g__43-108": null, "g__Bacteroides": 0.6132436678782063, "g__CAG-462": null, "g__CAG-617": null, "g__F0040": 0.0, "g__Paraprevotella": null, "g__Phocaeicola": 0.623798490821796, "g__Prevotella": 0.7330774180822288, "g__Prevotellamassilia": 0.693652095564147, "g__UBA4372": null, "g__UBA6382": null, "g__UBA6398": null}