{"g__CAG-826": null, "g__RUG131": null, "g__UBA4855": 0.7613749000041157, "g__UBA4951": 0.7667804684606621, "g__UBA733": 0.7761942300413913}