{"g__CAG-272": null, "g__CAG-390": null, "g__CAG-448": null, "g__CAG-724": 0.7288803463302185, "g__CAG-841": 0.7597966946230941, "g__Firm-07": null, "g__QALR01": null, "g__UBA11512": null, "g__UMGS1002": null, "g__UMGS1225": null, "g__UMGS1312": 0.7388229865189788, "g__UMGS1696": 0.7801150130652581, "g__UMGS1815": null, "g__UMGS1865": 0.7802977509624978, "g__UMGS2055": null, "g__UMGS731": null, "g__UMGS874": null, "g__UMGS902": 0.7731998621832021, "g__UMGS911": 0.7389417950991561}