{"g__CAG-274": 0.764446618209629, "g__UMGS1441": 0.7582396870254888}