{"g__Absicoccus": null, "g__Amedibacillus": 0.35724797484311105, "g__Amedibacterium": 0.608639937034863, "g__Bulleidia": 0.6909011899336353, "g__Clostridium_AQ": 0.681820937757263, "g__DONG20-135": null, "g__Dielma": null, "g__Faecalicoccus": null, "g__Faecalitalea": 0.5670194547963332, "g__Holdemanella": 0.7187679724039844, "g__Holdemania": null, "g__Longicatena": null, "g__Massilicoli": null, "g__Merdibacter": null, "g__NSJ-61": 0.676354080771097, "g__UBA636": 0.7243708560956359}