{"s__CAG-488 sp000434055": 0.32970456258051023, "s__CAG-488 sp000434915": 0.5145800691203659, "s__CAG-488 sp900539465": 0.7323482313334142, "s__CAG-488 sp900554995": null}