{"s__CAG-313 sp000433035": null, "s__CAG-313 sp003539625": 0.6170708051804648, "s__CAG-313 sp900539265": 0.5624337394719507}