{"s__ER4 sp000765235": 0.20228517038399862, "s__ER4 sp003522105": 0.29628901115450024, "s__ER4 sp900317525": 0.4138179899962962, "s__ER4 sp900546295": 0.14069034831489952, "s__ER4 sp900550165": null, "s__ER4 sp900552015": 0.08928980491598038, "s__ER4 sp900552375": null, "s__ER4 sp900556145": null}