{"s__Faecalibacillus faecis": 0.2104852281376579, "s__Faecalibacillus intestinalis": null, "s__Faecalibacillus sp003480255": 0.5375400971960635, "s__Faecalibacillus sp900544435": null}