{"s__Sutterella parvirubra": null, "s__Sutterella sp900543805": 0.37258469886153106, "s__Sutterella sp900545275": null, "s__Sutterella wadsworthensis": 0.6579082057445722, "s__Sutterella wadsworthensis_A": null}