{"f__Atopobiaceae": 0.6904370302470118, "f__Coriobacteriaceae": 0.7892475388368885, "f__Eggerthellaceae": 0.7360991320709129, "f__QAMH01": null, "f__UMGS124": null}