{"f__CAG-239": 0.7982340905464487, "f__CAG-977": 0.7941438846047066}