{"c__Actinomycetia": 0.7893415671951134, "c__Coriobacteriia": 0.799073689036198}