{"o__Acidothermales": 0.8, "o__Actinomycetales": 0.7745347698334966, "o__Euzebyales": 0.8, "o__JACCUZ01": 0.8, "o__JACCYY01": 0.8, "o__Jiangellales": 0.8, "o__Mycobacteriales": 0.7792640186915887, "o__Nanopelagicales": 0.7929947460595446, "o__Nitriliruptorales": 0.7827586206896551, "o__Propionibacteriales": 0.754656862745098, "o__RP-AC37": 0.8, "o__Sporichthyales": 0.8, "o__Streptomycetales": 0.7980237154150198, "o__Streptosporangiales": 0.7906191369606004}