{"p__Aenigmatarchaeota": 0.767741935483871, "p__Aenigmatarchaeota_A": 0.8, "p__Altarchaeota": 0.7166666666666666, "p__Asgardarchaeota": 0.7837398373983739, "p__EX4484-52": 0.7285714285714286, "p__Hadarchaeota": 0.7259259259259259, "p__Halobacteriota": 0.7686153846153847, "p__Huberarchaeota": 0.8, "p__Hydrothermarchaeota": 0.8, "p__Iainarchaeota": 0.7074074074074075, "p__Methanobacteriota": 0.7826254826254826, "p__Micrarchaeota": 0.7246575342465753, "p__Nanoarchaeota": 0.7299540821816815, "p__Nanohaloarchaeota": 0.7705882352941176, "p__PWEA01": 0.8, "p__QMZS01": 0.8, "p__SpSt-1190": 0.8, "p__Thermoplasmatota": 0.7673202614379084, "p__Thermoproteota": 0.7619047619047619, "p__Undinarchaeota": 0.8}