{"g__Acutalibacter": 0.7815345811302845, "g__An172": 0.789867162902504, "g__Anaeromassilibacillus": 0.7810211570913319, "g__CAG-177": 0.7586120821073912, "g__CAG-180": 0.7738803903642835, "g__CAG-217": 0.8, "g__CAG-488": 0.7870674061515435, "g__CAG-557": 0.8, "g__CAG-964": 0.8, "g__Caprobacter": 0.7844920507592474, "g__Caproiciproducens": 0.8, "g__Clostridium_A": 0.8, "g__Clostridium_E": 0.7871914700869704, "g__DTU033": 0.7656233623981019, "g__DTU053": 0.8, "g__DTU089": 0.8, "g__DULI01": 0.8, "g__Eubacterium_R": 0.7246266378195145, "g__HGM12789": 0.8, "g__HGM12814": 0.8, "g__Hydrogeniiclostridium": 0.8, "g__JAAZFZ01": 0.8, "g__Marseille-P4683": 0.7906016399960052, "g__NSJ-40": 0.8, "g__Pseudoruminococcus": 0.7873793070273543, "g__RUG14215": 0.8, "g__RUG14223": 0.8, "g__RUG420": 0.8, "g__RUG592": 0.7427525006313529, "g__RUG612": 0.8, "g__RUG714": 0.8, "g__RUG762": 0.8, "g__RUG806": 0.8, "g__RZYX01": 0.7925852355346961, "g__Ruminococcus_E": 0.733765208517325, "g__SFWF01": 0.8, "g__UBA1081": 0.8, "g__UBA1213": 0.7711455361629764, "g__UBA1227": 0.7435741714723265, "g__UBA1417": 0.7705665396940033, "g__UBA1425": 0.8, "g__UBA1447": 0.8, "g__UBA1691": 0.8, "g__UBA3753": 0.8, "g__UBA3903": 0.8, "g__UBA4871": 0.8, "g__UBA5905": 0.8, "g__UBA6857": 0.7849737377093755, "g__UBA7067": 0.8, "g__UBA737": 0.7821111775619991, "g__UBA8129": 0.8, "g__UBA8612": 0.8, "g__UBA945": 0.8, "g__UMGS1071": 0.8, "g__UMGS1224": 0.8, "g__UMGS1279": 0.8, "g__UMGS1397": 0.8, "g__UMGS1474": 0.8, "g__UMGS1484": 0.8, "g__UMGS1487": 0.8, "g__UMGS1491": 0.8, "g__UMGS1532": 0.8, "g__UMGS1591": 0.8, "g__UMGS1623": 0.8, "g__UMGS1690": 0.8, "g__UMGS172": 0.8, "g__UMGS1839": 0.8, "g__UMGS1858": 0.8, "g__UMGS1976": 0.8, "g__UMGS263": 0.8, "g__UMGS403": 0.8, "g__UMGS577": 0.8, "g__UMGS856": 0.8, "g__UMGS905": 0.8, "g__WRDE01": 0.7991273467203379, "g__WRKY01": 0.8, "g__WRMQ01": 0.8}