{"g__Atopobium": 0.7736842105263158, "g__CACXFF01": 0.8, "g__CACZNT01": 0.8, "g__CADAUA01": 0.7666666666666666, "g__CADBMC01": 0.8, "g__Fannyhessea": 0.8, "g__Lancefieldella": 0.8, "g__NM07-P-09": 0.8, "g__Olegusella": 0.8, "g__Olsenella": 0.7383456058427098, "g__Olsenella_B": 0.7736842105263158, "g__Olsenella_D": 0.7694759373062687, "g__Olsenella_E": 0.8, "g__Parolsenella": 0.7718845208987644, "g__RUG440": 0.8, "g__RUG721": 0.8, "g__UBA1367": 0.8, "g__UBA7741": 0.8, "g__UBA7748": 0.7714285714285714, "g__UMGS1418": 0.8}