{"g__Bacillus": 0.7955368566402017, "g__Bacillus_P": 0.7714285714285714, "g__Metabacillus": 0.7968702978953075, "g__Metabacillus_B": 0.8, "g__Metabacillus_C": 0.8}