{"g__Aeriscardovia": 0.8, "g__Alloscardovia": 0.7842907761814584, "g__Ancillula": 0.8, "g__Bifidobacterium": 0.7411764705882353, "g__Galliscardovia": 0.7722222222222221, "g__Parascardovia": 0.8, "g__Pseudoscardovia": 0.7731746158862225, "g__RUG039": 0.8, "g__Scardovia": 0.8}