{"g__Borkfalkia": 0.7917847031110146, "g__HGM11412": 0.8, "g__HGM11416": 0.8, "g__QALS01": 0.8, "g__UBA10281": 0.7714285714285714, "g__UBA11475": 0.8, "g__UBA11940": 0.8, "g__UBA1259": 0.8, "g__UBA4636": 0.7729729729729731, "g__UBA4675": 0.8, "g__UBA7597": 0.8, "g__UMGS1004": 0.8, "g__UMGS621": 0.8, "g__UMGS775": 0.8}