{"g__CAG-826": 0.8, "g__JAAYDH01": 0.8, "g__JAAYSA01": 0.8, "g__RUG13091": 0.7629629629629628, "g__RUG131": 0.8, "g__RUG14515": 0.7696969696969698, "g__UBA1361": 0.8, "g__UBA1424": 0.8, "g__UBA1719": 0.8, "g__UBA2450": 0.8, "g__UBA3207": 0.8, "g__UBA4855": 0.7848620135467139, "g__UBA4951": 0.7714285714285714, "g__UBA5455": 0.8, "g__UBA6120": 0.8, "g__UBA733": 0.8, "g__UBA7706": 0.8, "g__UBA970": 0.8}