{"g__Adlercreutzia": 0.8, "g__Arabia": 0.8, "g__CAAEEV01": 0.7968762821326183, "g__CACXMZ01": 0.8, "g__CAG-1427": 0.7808480310457346, "g__CAIFEB01": 0.7910455905646605, "g__Cryptobacterium": 0.8, "g__D16-34": 0.8, "g__D16-63": 0.8, "g__DNF00809": 0.8, "g__Denitrobacterium": 0.8, "g__Eggerthella": 0.8, "g__Ellagibacter": 0.8, "g__Enteroscipio": 0.8, "g__Gordonibacter": 0.8, "g__Paraeggerthella": 0.7992738436195566, "g__Parvibacter": 0.8, "g__Phoenicibacter": 0.8, "g__QWKK01": 0.8, "g__RUG013": 0.8, "g__Raoultibacter": 0.8, "g__Rubneribacter": 0.8, "g__Senegalimassilia": 0.8, "g__Slackia": 0.8, "g__Slackia_A": 0.7919856887940784, "g__UBA5808": 0.7939848894557588, "g__UBA9715": 0.8, "g__UMGS1293": 0.8, "g__UMGS1502": 0.8, "g__UMGS1519": 0.8, "g__W1P20-047": 0.8, "g__ZJ141": 0.8, "g__ZJ304": 0.8}