{"g__CAG-196": 0.7736842105263158, "g__CAG-306": 0.8, "g__CAG-484": 0.8, "g__CAIPUE01": 0.8, "g__Gastranaerophilus": 0.8, "g__QAMI01": 0.8, "g__QHMH01": 0.8, "g__RUG14219": 0.8, "g__RUG841": 0.8, "g__UBA1221": 0.8, "g__UBA2813": 0.75320045723666, "g__UBA2883": 0.7445244035471252, "g__UBA6984": 0.8, "g__UBA791": 0.7714285714285714, "g__UBA947": 0.8, "g__UMGS1477": 0.7902137905934421, "g__UMGS1585": 0.8, "g__UMGS951": 0.8, "g__Zag1": 0.7430558528165796, "g__Zag111": 0.8}