{"g__14-2": 0.7166666666666666, "g__1XD42-69": 0.7052606756915483, "g__1XD8-76": 0.8, "g__992a": 0.8, "g__AC2028": 0.7230769230769232, "g__AF33-28": 0.8, "g__AM51-8": 0.8, "g__ASTD01": 0.7714285714285714, "g__Acetatifactor": 0.72, "g__Acetitomaculum": 0.8, "g__Acetivibrio_A": 0.8, "g__Agathobacter": 0.7459459459459459, "g__An181": 0.8, "g__Anaerobium": 0.76, "g__Anaerobutyricum": 0.7453266702405112, "g__Anaerocolumna": 0.7736842105263158, "g__Anaerosacchariphilus": 0.7696969696969698, "g__Anaerosacchriphilus": 0.8, "g__Anaerosporobacter": 0.8, "g__Anaerostipes": 0.7531067796340709, "g__Bacteroides_F": 0.8, "g__Bariatricus": 0.7257293472381059, "g__Blautia": 0.7729729729729731, "g__Blautia_A": 0.7189189189189189, "g__Butyrivibrio": 0.7301444896460687, "g__Butyrivibrio_A": 0.8, "g__C-53": 0.8, "g__CAG-127": 0.7232966814686184, "g__CAG-194": 0.8, "g__CAG-303": 0.8, "g__CAG-317": 0.7528333576534403, "g__CAG-411": 0.7830950757140329, "g__CAG-45": 0.8, "g__CAG-510": 0.7688407534714008, "g__CAG-56": 0.8, "g__CAG-590": 0.7601087504155917, "g__CAG-603": 0.7086595492093517, "g__CAG-632": 0.8, "g__CAG-791": 0.7142857142857142, "g__CAG-81": 0.7722222222222221, "g__CAG-882": 0.8, "g__CAG-95": 0.730878746075019, "g__CHH4-2": 0.7834278765981277, "g__CHKCI001": 0.8, "g__COE1": 0.7230769230769232, "g__Catenibacillus": 0.7545867312553314, "g__Catonella": 0.8, "g__Clostridium_AI": 0.8, "g__Clostridium_AP": 0.8, "g__Clostridium_N": 0.8, "g__Clostridium_Q": 0.7721728660807223, "g__Clostridium_R": 0.8, "g__Coprococcus": 0.7761904761904761, "g__Coprococcus_A": 0.7761904761904761, "g__Cuneatibacter": 0.8, "g__Dorea": 0.8, "g__Dorea_A": 0.7480909886621372, "g__Dorea_B": 0.8, "g__Eisenbergiella": 0.76875, "g__Enterocloster": 0.7354838709677418, "g__Eubacterium_C": 0.8, "g__Eubacterium_F": 0.7544016630201611, "g__Eubacterium_G": 0.8, "g__Eubacterium_H": 0.7705882352941176, "g__Eubacterium_I": 0.7729729729729731, "g__Eubacterium_J": 0.7444925285712436, "g__Eubacterium_Q": 0.70625, "g__Eubacterium_S": 0.8, "g__Extibacter": 0.7729729729729731, "g__F0428": 0.8, "g__FD2005": 0.8, "g__Faecalimonas": 0.7575491190321202, "g__Frisingicoccus": 0.8, "g__Fusicatenibacter": 0.8, "g__G11": 0.8, "g__GCA-900066135": 0.8, "g__GCA-900066755": 0.8, "g__HGM12587": 0.7767643009703971, "g__Herbinix": 0.7411764705882353, "g__Hespellia": 0.8, "g__Hungatella": 0.8, "g__Hungatella_A": 0.8, "g__ISDg": 0.8, "g__JAAYNV01": 0.8, "g__JAAYRG01": 0.8, "g__JAAYYM01": 0.8, "g__Johnsonella": 0.8, "g__KLE1615": 0.8, "g__KM106-2": 0.8, "g__Kineothrix": 0.7670089285779342, "g__Lachnoanaerobaculum": 0.8, "g__Lachnobacterium": 0.8, "g__Lachnoclostridium": 0.8, "g__Lachnoclostridium_A": 0.8, "g__Lachnoclostridium_B": 0.7387215525001503, "g__Lachnospira": 0.7393939393939395, "g__Lachnotalea": 0.8, "g__Lacrimispora": 0.7454667824985473, "g__Lactonifactor": 0.8, "g__MD308": 0.7620651487947427, "g__Marvinbryantia": 0.7541401882577654, "g__Massilistercora": 0.8, "g__Mediterraneibacter": 0.72, "g__Mediterraneibacter_A": 0.8, "g__Merdimonas": 0.8, "g__Mobilisporobacter": 0.8, "g__Muricomes": 0.7189189189189189, "g__Murimonas": 0.8, "g__NC2004": 0.8, "g__NK4A136": 0.7166666666666666, "g__NK4A144": 0.7629629629629628, "g__NSJ-38": 0.8, "g__OF09-33XD": 0.8, "g__Oribacterium": 0.7285714285714286, "g__Parasporobacterium": 0.76, "g__Pseudobutyrivibrio": 0.8, "g__RUG11200": 0.8, "g__RUG11204": 0.8, "g__RUG11237": 0.8, "g__RUG115": 0.8, "g__RUG11623": 0.8, "g__RUG11977": 0.8, "g__RUG12045": 0.8, "g__RUG12461": 0.8, "g__RUG12871": 0.8, "g__RUG14107": 0.8, "g__RUG14243": 0.8, "g__RUG14282": 0.8, "g__RUG14319": 0.8, "g__RUG147": 0.8, "g__RUG191": 0.8, "g__RUG306": 0.8, "g__RUG842": 0.8, "g__Robinsoniella": 0.8, "g__Roseburia": 0.7259259259259259, "g__Ruminococcus_A": 0.8, "g__Ruminococcus_B": 0.7637966894697137, "g__Ruminococcus_G": 0.8, "g__SFDP01": 0.8, "g__SZUA-378": 0.8, "g__SZUA-448": 0.8, "g__Schaedlerella": 0.7444444444444445, "g__Sellimonas": 0.8, "g__Shuttleworthia": 0.8, "g__Stomatobaculum": 0.7714285714285714, "g__TF01-11": 0.7259259259259259, "g__TWA4": 0.8, "g__UBA1066": 0.7367282883559259, "g__UBA1066_A": 0.8, "g__UBA11774": 0.8, "g__UBA11957": 0.8, "g__UBA1201": 0.8, "g__UBA1258": 0.8, "g__UBA1267": 0.8, "g__UBA1712": 0.7459459459459459, "g__UBA1729": 0.8, "g__UBA1753": 0.8, "g__UBA1755": 0.8, "g__UBA1760": 0.8, "g__UBA2821": 0.8, "g__UBA2856": 0.7271972563592033, "g__UBA2868": 0.7407563939105986, "g__UBA2882": 0.8, "g__UBA2912": 0.7722222222222221, "g__UBA2942": 0.8, "g__UBA3212": 0.8, "g__UBA3282": 0.7529431419703723, "g__UBA3305": 0.8, "g__UBA3402": 0.8, "g__UBA3633": 0.8, "g__UBA3766": 0.7636330333715542, "g__UBA3774": 0.8, "g__UBA3775": 0.8, "g__UBA4285": 0.7241290273842864, "g__UBA4292": 0.8, "g__UBA5416": 0.8, "g__UBA629": 0.7459459459459459, "g__UBA6987": 0.8, "g__UBA7050": 0.8, "g__UBA7109": 0.8, "g__UBA7160": 0.7393939393939395, "g__UBA7182": 0.709090909090909, "g__UBA933": 0.8, "g__UBA935": 0.8, "g__UBA9414": 0.8, "g__UBA9502": 0.722130013363111, "g__UBA9722": 0.8, "g__UBA9775": 0.8, "g__UC5-1-2E3": 0.8, "g__UMGS1251": 0.8, "g__UMGS1370": 0.8, "g__UMGS1375": 0.8, "g__UMGS1472": 0.8, "g__UMGS2037": 0.8, "g__UMGS680": 0.8, "g__V9D3004": 0.7719811141152932, "g__VSOB01": 0.8, "g__VULY01": 0.7882336121934075, "g__VUNI01": 0.8, "g__WRBB01": 0.8, "g__Weimerbacter": 0.8, "g__XBB1006": 0.8, "g__XBB2008": 0.8, "g__XBD2001": 0.8}