{"g__An92": 0.7411764705882353, "g__CAG-103": 0.7696969696969698, "g__CAG-110": 0.7069767441860464, "g__CAG-170": 0.7189189189189189, "g__CAG-83": 0.7178048713101297, "g__DUOX01": 0.7568634112072603, "g__DUPK01": 0.8, "g__Dysosmobacter": 0.7142857142857142, "g__ER4": 0.8, "g__Evtepia": 0.8, "g__F23-B02": 0.7722222222222221, "g__Flavonifractor": 0.7210526315789474, "g__HGM12998": 0.8, "g__HGM13006": 0.8, "g__HGM13010": 0.8, "g__Intestinimonas": 0.7375622379358768, "g__JAAYAR01": 0.8, "g__JAAYBW01": 0.7593437314056468, "g__JAAYOP01": 0.8, "g__JAAYOS01": 0.8, "g__JAAYXM01": 0.8, "g__Lawsonibacter": 0.7032258064516128, "g__Marseille-P3106": 0.7736842105263158, "g__NK3B98": 0.7250000000000001, "g__NSJ-62": 0.8, "g__Oscillibacter": 0.8, "g__Papillibacter": 0.8, "g__Pseudoflavonifractor": 0.8, "g__RUG626": 0.8, "g__RUG678": 0.8, "g__Sporobacter": 0.8, "g__UBA1246": 0.8, "g__UBA1446": 0.8, "g__UBA1774": 0.8, "g__UBA1777": 0.72, "g__UBA2658": 0.7758150888102755, "g__UBA2922": 0.8, "g__UBA5446": 0.7808960149154338, "g__UBA738": 0.7636123767441632, "g__UBA929": 0.8, "g__UBA9475": 0.7666666666666666, "g__UMGS1202": 0.8, "g__UMGS1766": 0.8, "g__UMGS1872": 0.7487179487179487, "g__WQUU01": 0.7615384615384615, "g__WRAB01": 0.8, "g__WRAI01": 0.8, "g__WRCJ01": 0.8, "g__WRJA01": 0.8, "g__WRLJ01": 0.8, "g__WRMG01": 0.7705882352941176, "g__WRMH01": 0.7314941827887447}