{"g__F0058": 0.8, "g__H1": 0.8, "g__HGM05398": 0.8, "g__JAAYPI01": 0.8, "g__MVYY01": 0.8, "g__Microbacter": 0.8, "g__Paludibacter": 0.8, "g__QVMH01": 0.7751637829264153, "g__RF16": 0.7951643059336122, "g__RUG163": 0.784560776225141, "g__SFVR01": 0.8, "g__UBA1181": 0.8, "g__UBA1723": 0.8, "g__UBA1754": 0.8, "g__UBA3747": 0.8, "g__UBA4345": 0.8, "g__UBA4363": 0.8, "g__UPXZ01": 0.7904186038192069, "g__W0P28-013": 0.8, "g__WRGS01": 0.8}