{"g__Bact-08": 0.8, "g__Bact-11": 0.7736842105263158, "g__CAG-831": 0.8, "g__DMER64": 0.8, "g__RC9": 0.7302325581395348, "g__RUG11257": 0.8, "g__UBA1232": 0.7714285714285714, "g__UBA3382": 0.8, "g__UBA932": 0.8, "g__WRBG01": 0.7708787517819846}