{"g__CADCBS01": 0.8, "g__CAIZQW01": 0.8, "g__DUPH01": 0.787093640810727, "g__RUG572": 0.7822130117065254, "g__UBA1067": 0.7736842105263158, "g__UBA1200": 0.8, "g__UBA1211": 0.775041611573376, "g__UBA1731": 0.7775366763271858, "g__W1P29-020": 0.8, "g__WRJS01": 0.8}