{"g__CAG-1000": 0.7441550319621963, "g__CAG-1193": 0.7841381624624106, "g__CAG-302": 0.7822520191476157, "g__CAG-417": 0.7285714285714286, "g__CAG-433": 0.8, "g__CAG-451": 0.8, "g__CAG-460": 0.8, "g__CAG-533": 0.7374333222617955, "g__CAG-582": 0.8, "g__CAG-594": 0.7752221900430936, "g__CAG-605": 0.7830241217845293, "g__CAG-611": 0.8, "g__CAG-628": 0.8, "g__CAG-710": 0.8, "g__CAG-762": 0.8, "g__CAG-776": 0.8, "g__CAG-822": 0.8, "g__CAG-877": 0.7705882352941176, "g__CAG-878": 0.8, "g__CAG-884": 0.8, "g__CAG-914": 0.8, "g__CAG-988": 0.8, "g__CSBR16-113R1": 0.8, "g__CSBR16-174": 0.8, "g__CSSED10-109M": 0.8, "g__DUPI01": 0.7946477093610729, "g__DUUS01": 0.8, "g__DUWA01": 0.8, "g__HGM10766": 0.8, "g__HGM10818": 0.8, "g__HGM10836": 0.8, "g__HGM10873": 0.8, "g__JAAYGD01": 0.8, "g__JAAYOI01": 0.8, "g__JAAZBI01": 0.8, "g__JAAZHK01": 0.8, "g__JAAZHN01": 0.8, "g__RUG11198": 0.8, "g__RUG11215": 0.8, "g__RUG11224": 0.8, "g__RUG11241": 0.8, "g__RUG11788": 0.8, "g__RUG11867": 0.8, "g__RUG11890": 0.7856483620630623, "g__RUG12438": 0.8, "g__RUG12783": 0.8, "g__RUG12834": 0.8, "g__RUG12867": 0.8, "g__RUG13038": 0.8, "g__RUG13160": 0.8, "g__RUG13868": 0.774517565103759, "g__RUG14121": 0.8, "g__RUG14267": 0.8, "g__RUG14670": 0.8, "g__RUG14891": 0.8, "g__RUG14903": 0.7945135256380347, "g__RUG343": 0.7600482533780004, "g__RUG591": 0.8, "g__RUG705": 0.8, "g__RUG727": 0.8, "g__SKGN01": 0.8, "g__SKJH01": 0.8, "g__UBA11963": 0.8, "g__UBA2730": 0.8, "g__UBA3631": 0.7739311319927418, "g__UBA3789": 0.7629629629629628, "g__UBA5026": 0.7586041056504444, "g__UBA5348": 0.8, "g__UBA5364": 0.8, "g__UBA5578": 0.8, "g__UBA6414": 0.8, "g__UBA660": 0.8, "g__UBA6985": 0.8, "g__UBA7057": 0.8, "g__UMGS1045": 0.7259259259259259, "g__UMGS1124": 0.8, "g__UMGS1217": 0.8, "g__UMGS1449": 0.8, "g__UMGS1572": 0.8, "g__UMGS1611": 0.8, "g__UMGS1613": 0.8, "g__UMGS1648": 0.8, "g__UMGS2016": 0.8, "g__UMGS2068": 0.8, "g__UMGS995": 0.8}