{"s__Alloprevotella rava": 0.8, "s__Alloprevotella sp900317635": 0.8, "s__Alloprevotella sp900321445": 0.7895601779584251, "s__Alloprevotella tannerae": 0.7854574709538373}