{"s__Bacillus altitudinis": 0.7705882352941176, "s__Bacillus amyloliquefaciens": 0.7333333333333334, "s__Bacillus atrophaeus": 0.8, "s__Bacillus australimaris": 0.7375, "s__Bacillus cabrialesii": 0.7411764705882353, "s__Bacillus glycinifermentans": 0.7250000000000001, "s__Bacillus gobiensis": 0.8, "s__Bacillus halotolerans": 0.7333333333333334, "s__Bacillus haynesii": 0.8, "s__Bacillus inaquosorum": 0.8, "s__Bacillus intestinalis": 0.7230769230769232, "s__Bacillus licheniformis": 0.7032258064516128, "s__Bacillus mojavensis": 0.7285714285714286, "s__Bacillus nakamurai": 0.8, "s__Bacillus paralicheniformis": 0.7473684210526315, "s__Bacillus pumilus": 0.7166666666666666, "s__Bacillus pumilus_G": 0.8, "s__Bacillus pumilus_M": 0.7375, "s__Bacillus pumilus_N": 0.7166666666666666, "s__Bacillus safensis": 0.7166666666666666, "s__Bacillus siamensis": 0.8, "s__Bacillus sonorensis": 0.7444444444444445, "s__Bacillus sonorensis_A": 0.7666666666666666, "s__Bacillus sp010093085": 0.7130434782608694, "s__Bacillus sp013155385": 0.8, "s__Bacillus subtilis": 0.7047619047619047, "s__Bacillus subtilis_G": 0.7230769230769232, "s__Bacillus swezeyi": 0.7459459459459459, "s__Bacillus tequilensis": 0.709090909090909, "s__Bacillus vallismortis": 0.7166666666666666, "s__Bacillus velezensis": 0.8, "s__Bacillus xiamenensis": 0.8, "s__Bacillus zhangzhouensis": 0.7333333333333334}