{"s__CAG-103 sp000432375": 0.8, "s__CAG-103 sp004556965": 0.7905738899268455, "s__CAG-103 sp900316745": 0.8, "s__CAG-103 sp900317855": 0.7459459459459459, "s__CAG-103 sp900317905": 0.8, "s__CAG-103 sp900543625": 0.7776891347879984, "s__CAG-103 sp900757655": 0.7729729729729731}