{"s__CAG-196 sp002102975": 0.8, "s__CAG-196 sp002309875": 0.8, "s__CAG-196 sp900321205": 0.7921437517613876, "s__CAG-196 sp900549855": 0.8, "s__CAG-196 sp900553895": 0.8, "s__CAG-196 sp902760905": 0.8, "s__CAG-196 sp902763805": 0.8, "s__CAG-196 sp902775025": 0.7694111237202161, "s__CAG-196 sp902777605": 0.8, "s__CAG-196 sp902779645": 0.7744801763714015, "s__CAG-196 sp902780525": 0.7698365092610804, "s__CAG-196 sp902782905": 0.8, "s__CAG-196 sp902788575": 0.8, "s__CAG-196 sp902796585": 0.8, "s__CAG-196 sp902797575": 0.8, "s__CAG-196 sp902797965": 0.8, "s__CAG-196 sp902798645": 0.8, "s__CAG-196 sp902802935": 0.8, "s__CAG-196 sp902803165": 0.7952552951583973}