{"s__CAG-485 sp000437495": 0.8, "s__CAG-485 sp001701075": 0.8, "s__CAG-485 sp001701105": 0.7929414354019471, "s__CAG-485 sp001701295": 0.7927751158853622, "s__CAG-485 sp002361155": 0.7987704632810739, "s__CAG-485 sp002361215": 0.8, "s__CAG-485 sp002361235": 0.7189189189189189, "s__CAG-485 sp002362485": 0.8, "s__CAG-485 sp002404675": 0.7705882352941176, "s__CAG-485 sp002491165": 0.8, "s__CAG-485 sp002491945": 0.8, "s__CAG-485 sp002493045": 0.8, "s__CAG-485 sp002493515": 0.8, "s__CAG-485 sp003979075": 0.8, "s__CAG-485 sp004552395": 0.8, "s__CAG-485 sp004553095": 0.7903372526322083, "s__CAG-485 sp009177205": 0.8, "s__CAG-485 sp009775355": 0.8, "s__CAG-485 sp009775365": 0.8, "s__CAG-485 sp009775375": 0.789644055523842, "s__CAG-485 sp900321585": 0.7310344827586206, "s__CAG-485 sp900541835": 0.8, "s__CAG-485 sp900542185": 0.7285714285714286, "s__CAG-485 sp900547755": 0.8, "s__CAG-485 sp900549375": 0.8, "s__CAG-485 sp900550645": 0.8, "s__CAG-485 sp900552315": 0.8, "s__CAG-485 sp900554345": 0.8, "s__CAG-485 sp900554845": 0.8, "s__CAG-485 sp900555915": 0.8, "s__CAG-485 sp900556595": 0.8, "s__CAG-485 sp900759795": 0.8, "s__CAG-485 sp900760735": 0.7166666666666666, "s__CAG-485 sp900760815": 0.8, "s__CAG-485 sp900760885": 0.8, "s__CAG-485 sp900761855": 0.8, "s__CAG-485 sp900766975": 0.8, "s__CAG-485 sp900767075": 0.8}