{"s__Clostridium baratii": 0.8, "s__Clostridium beijerinckii": 0.8, "s__Clostridium beijerinckii_A": 0.8, "s__Clostridium beijerinckii_D": 0.7166666666666666, "s__Clostridium botulinum_A": 0.7473684210526315, "s__Clostridium botulinum_B": 0.7047619047619047, "s__Clostridium butyricum": 0.7621442061224626, "s__Clostridium celatum": 0.8, "s__Clostridium chauvoei": 0.7210526315789474, "s__Clostridium chromiireducens": 0.7393939393939395, "s__Clostridium cuniculi": 0.7047619047619047, "s__Clostridium disporicum_A": 0.7189189189189189, "s__Clostridium gasigenes": 0.8, "s__Clostridium isatidis": 0.8, "s__Clostridium neonatale": 0.8, "s__Clostridium nigeriense": 0.7268185204358337, "s__Clostridium paraputrificum": 0.8, "s__Clostridium puniceum": 0.7130434782608694, "s__Clostridium saccharobutylicum": 0.8, "s__Clostridium saccharoperbutylacetonicum": 0.7310344827586206, "s__Clostridium sartagoforme_A": 0.751219512195122, "s__Clostridium sartagoforme_B": 0.8, "s__Clostridium saudiense": 0.7729729729729731, "s__Clostridium septicum": 0.7375, "s__Clostridium sp000230835": 0.7166666666666666, "s__Clostridium sp000435835": 0.7259259259259259, "s__Clostridium sp000498355": 0.8, "s__Clostridium sp000753455": 0.8, "s__Clostridium sp001916075": 0.70625, "s__Clostridium sp002760435": 0.7729729729729731, "s__Clostridium sp003539755": 0.72, "s__Clostridium sp007115085": 0.8, "s__Clostridium sp009928485": 0.7166817611480165, "s__Clostridium sp012519155": 0.8, "s__Clostridium sp012519845": 0.8, "s__Clostridium sp012520205": 0.8, "s__Clostridium sp012843905": 0.72, "s__Clostridium sp900116755": 0.8, "s__Clostridium sp900317445": 0.7444444444444445, "s__Clostridium sp900539375": 0.7393939393939395, "s__Clostridium sp900540255": 0.8, "s__Clostridium sp900543325": 0.7411764705882353, "s__Clostridium sp900547475": 0.7444444444444445, "s__Clostridium sp900759995": 0.8, "s__Clostridium sp900766315": 0.7583333333333333, "s__Clostridium sp900769625": 0.8, "s__Clostridium sp902785295": 0.8, "s__Clostridium taeniosporum": 0.8, "s__Clostridium tertium": 0.7714285714285714, "s__Clostridium thermobutyricum": 0.8, "s__Clostridium uliginosum": 0.8, "s__Clostridium vincentii": 0.8}