{"s__CAG-180 sp000432435": 0.7864354226721268, "s__CAG-180 sp002314305": 0.7589366230041019, "s__CAG-180 sp002361875": 0.8, "s__CAG-180 sp002437245": 0.8, "s__CAG-180 sp002490425": 0.8, "s__CAG-180 sp002490525": 0.8, "s__CAG-180 sp004555265": 0.8, "s__CAG-180 sp004556705": 0.8, "s__CAG-180 sp900315985": 0.8, "s__CAG-180 sp900540295": 0.7930155085612036, "s__CAG-180 sp900545625": 0.8, "s__CAG-180 sp900766945": 0.7776410810383081}