{"s__CAG-110 sp000434635": 0.8, "s__CAG-110 sp000435995": 0.8, "s__CAG-110 sp002362145": 0.8, "s__CAG-110 sp002362625": 0.8, "s__CAG-110 sp002372735": 0.8, "s__CAG-110 sp002436765": 0.8, "s__CAG-110 sp002437585": 0.8, "s__CAG-110 sp002493965": 0.8, "s__CAG-110 sp003525905": 0.8, "s__CAG-110 sp004555705": 0.8, "s__CAG-110 sp004556205": 0.8, "s__CAG-110 sp004562395": 0.8, "s__CAG-110 sp900315595": 0.8, "s__CAG-110 sp900316335": 0.8, "s__CAG-110 sp900540635": 0.7995069156747636, "s__CAG-110 sp900544405": 0.8, "s__CAG-110 sp900544705": 0.7993547692907614, "s__CAG-110 sp900544945": 0.8, "s__CAG-110 sp900544975": 0.7957011272369805, "s__CAG-110 sp900546075": 0.7722222222222221, "s__CAG-110 sp900546415": 0.8, "s__CAG-110 sp900546915": 0.8, "s__CAG-110 sp900547405": 0.8, "s__CAG-110 sp900548795": 0.7773573530266511, "s__CAG-110 sp900549495": 0.8, "s__CAG-110 sp900549705": 0.8, "s__CAG-110 sp900551495": 0.8, "s__CAG-110 sp900553805": 0.8, "s__CAG-110 sp900554625": 0.8, "s__CAG-110 sp900554705": 0.8, "s__CAG-110 sp900556935": 0.8, "s__CAG-110 sp900752285": 0.8, "s__CAG-110 sp900762005": 0.8, "s__CAG-110 sp900762245": 0.8, "s__CAG-110 sp900762935": 0.7984265417904752, "s__CAG-110 sp900763965": 0.8, "s__CAG-110 sp900769835": 0.7939308358679387, "s__CAG-110 sp900769845": 0.8, "s__CAG-110 sp900769995": 0.8, "s__CAG-110 sp900770015": 0.8}