{"s__ER4 sp000765235": 0.774946589063467, "s__ER4 sp002405995": 0.8, "s__ER4 sp002437735": 0.8, "s__ER4 sp003522105": 0.7696969696969698, "s__ER4 sp900317525": 0.8, "s__ER4 sp900546295": 0.7545454545454546, "s__ER4 sp900550165": 0.8, "s__ER4 sp900552015": 0.8, "s__ER4 sp900552375": 0.8, "s__ER4 sp900556145": 0.8, "s__ER4 sp900763705": 0.7886869814626185, "s__ER4 sp900768135": 0.8}