{"s__Fibrobacter sp002210345": 0.8, "s__Fibrobacter sp002382975": 0.7827153826721587, "s__Fibrobacter sp900142545": 0.7832105347121139, "s__Fibrobacter sp900143055": 0.8, "s__Fibrobacter sp900177805": 0.7768088869230183, "s__Fibrobacter succinogenes_A": 0.8, "s__Fibrobacter succinogenes_C": 0.8, "s__Fibrobacter succinogenes_D": 0.8, "s__Fibrobacter succinogenes_F": 0.7660153729432002, "s__Fibrobacter succinogenes_G": 0.8, "s__Fibrobacter succinogenes_K": 0.8, "s__Fibrobacter succinogenes_Q": 0.8}