{"s__GCA-900199385 sp900176495": 0.8, "s__GCA-900199385 sp900199385": 0.7047619047619047, "s__GCA-900199385 sp900315315": 0.8, "s__GCA-900199385 sp900315675": 0.8, "s__GCA-900199385 sp900318145": 0.8, "s__GCA-900199385 sp900320755": 0.8, "s__GCA-900199385 sp900322155": 0.709090909090909, "s__GCA-900199385 sp902764875": 0.8, "s__GCA-900199385 sp902795555": 0.8}