{"s__Methanobrevibacter olleyae": 0.784555484003586, "s__Methanobrevibacter ruminantium": 0.8, "s__Methanobrevibacter ruminantium_A": 0.7909577121276283, "s__Methanobrevibacter sp900314635": 0.8, "s__Methanobrevibacter sp900321995": 0.8, "s__Methanobrevibacter sp902769175": 0.8, "s__Methanobrevibacter sp902774685": 0.8, "s__Methanobrevibacter sp902784195": 0.7476355854316108}