{"s__RUG592 sp900313125": 0.7983143247481232, "s__RUG592 sp900315255": 0.8, "s__RUG592 sp900315715": 0.8, "s__RUG592 sp900317025": 0.8, "s__RUG592 sp900317815": 0.8, "s__RUG592 sp900320535": 0.8, "s__RUG592 sp902761025": 0.8, "s__RUG592 sp902761345": 0.8, "s__RUG592 sp902763835": 0.8, "s__RUG592 sp902767285": 0.8, "s__RUG592 sp902773045": 0.8, "s__RUG592 sp902773165": 0.8, "s__RUG592 sp902773245": 0.8, "s__RUG592 sp902773395": 0.8, "s__RUG592 sp902779615": 0.8, "s__RUG592 sp902785425": 0.7964696868190351, "s__RUG592 sp902792115": 0.8, "s__RUG592 sp902797065": 0.8, "s__RUG592 sp902801245": 0.8, "s__RUG592 sp902802975": 0.8}