{"s__Ruminococcus_D albus": 0.8, "s__Ruminococcus_D albus_A": 0.7736842105263158, "s__Ruminococcus_D albus_B": 0.7411764705882353, "s__Ruminococcus_D albus_D": 0.7166666666666666, "s__Ruminococcus_D bicirculans": 0.8, "s__Ruminococcus_D sp000434695": 0.8, "s__Ruminococcus_D sp000621805": 0.8, "s__Ruminococcus_D sp000686125": 0.8, "s__Ruminococcus_D sp002358895": 0.8, "s__Ruminococcus_D sp002368715": 0.8, "s__Ruminococcus_D sp002371625": 0.8, "s__Ruminococcus_D sp002391065": 0.8, "s__Ruminococcus_D sp900104495": 0.8, "s__Ruminococcus_D sp900119155": 0.7921254974675354, "s__Ruminococcus_D sp900314975": 0.8, "s__Ruminococcus_D sp900318545": 0.7711727378119593, "s__Ruminococcus_D sp900319075": 0.8, "s__Ruminococcus_D sp900539095": 0.8, "s__Ruminococcus_D sp900539835": 0.8, "s__Ruminococcus_D sp900543145": 0.8, "s__Ruminococcus_D sp900604945": 0.8, "s__Ruminococcus_D sp900752625": 0.8, "s__Ruminococcus_D sp900770285": 0.8, "s__Ruminococcus_D sp902762735": 0.8, "s__Ruminococcus_D sp902766335": 0.8, "s__Ruminococcus_D sp902767035": 0.8, "s__Ruminococcus_D sp902776945": 0.8, "s__Ruminococcus_D sp902780505": 0.8, "s__Ruminococcus_D sp902781565": 0.7921370147338738, "s__Ruminococcus_D sp902786965": 0.8, "s__Ruminococcus_D sp902786975": 0.8, "s__Ruminococcus_D sp902787365": 0.8, "s__Ruminococcus_D sp902787825": 0.8, "s__Ruminococcus_D sp902788785": 0.8, "s__Ruminococcus_D sp902797485": 0.8, "s__Ruminococcus_D sp902797535": 0.8, "s__Ruminococcus_D sp902800795": 0.8}