{"s__Ruminococcus flavefaciens": 0.8, "s__Ruminococcus flavefaciens_A": 0.7685635404683988, "s__Ruminococcus flavefaciens_B": 0.8, "s__Ruminococcus flavefaciens_C": 0.8, "s__Ruminococcus flavefaciens_D": 0.7615384615384615, "s__Ruminococcus flavefaciens_E": 0.8, "s__Ruminococcus flavefaciens_F": 0.7570143357113843, "s__Ruminococcus flavefaciens_G": 0.7821552289619849, "s__Ruminococcus flavefaciens_H": 0.8, "s__Ruminococcus flavefaciens_I": 0.7519286043839548, "s__Ruminococcus flavefaciens_J": 0.7615384615384615, "s__Ruminococcus flavefaciens_K": 0.7728723958690029, "s__Ruminococcus flavefaciens_L": 0.7873580649761005, "s__Ruminococcus flavefaciens_M": 0.8, "s__Ruminococcus flavefaciens_N": 0.7840036891487951, "s__Ruminococcus flavefaciens_O": 0.8, "s__Ruminococcus flavefaciens_P": 0.7583333333333333, "s__Ruminococcus flavefaciens_Q": 0.7047619047619047, "s__Ruminococcus flavefaciens_R": 0.8, "s__Ruminococcus flavefaciens_S": 0.8, "s__Ruminococcus flavefaciens_T": 0.7749999999999999, "s__Ruminococcus flavefaciens_U": 0.8, "s__Ruminococcus flavefaciens_V": 0.7950086455720828, "s__Ruminococcus flavefaciens_W": 0.8, "s__Ruminococcus flavefaciens_X": 0.8, "s__Ruminococcus flavefaciens_Y": 0.8, "s__Ruminococcus flavefaciens_Z": 0.8, "s__Ruminococcus sp001604035": 0.8, "s__Ruminococcus sp002362135": 0.8, "s__Ruminococcus sp002362175": 0.8, "s__Ruminococcus sp002389995": 0.8, "s__Ruminococcus sp002394695": 0.8, "s__Ruminococcus sp002414125": 0.8, "s__Ruminococcus sp002438605": 0.8, "s__Ruminococcus sp003488415": 0.7966888968847787, "s__Ruminococcus sp009177225": 0.8, "s__Ruminococcus sp012718885": 0.8, "s__Ruminococcus sp900315755": 0.7867148870013596, "s__Ruminococcus sp900315975": 0.8, "s__Ruminococcus sp900318825": 0.8, "s__Ruminococcus sp900319195": 0.8, "s__Ruminococcus sp900321885": 0.8, "s__Ruminococcus sp900540005": 0.8, "s__Ruminococcus sp900545125": 0.8, "s__Ruminococcus sp900752785": 0.8, "s__Ruminococcus sp900761275": 0.8}