{"s__RUG762 sp900316455": 0.8, "s__RUG762 sp900316495": 0.7981665110497749, "s__RUG762 sp900317765": 0.8, "s__RUG762 sp900321515": 0.7944625753819559, "s__RUG762 sp900322085": 0.7775593301884476, "s__RUG762 sp902762395": 0.7817287638308719, "s__RUG762 sp902762615": 0.8, "s__RUG762 sp902799245": 0.7839011723503482, "s__RUG762 sp902802795": 0.7974056273870498, "s__RUG762 sp902803035": 0.8}