{"s__SFFH01 sp002395225": 0.8, "s__SFFH01 sp004555535": 0.7629629629629628, "s__SFFH01 sp004556985": 0.8, "s__SFFH01 sp004557905": 0.8, "s__SFFH01 sp900313545": 0.8, "s__SFFH01 sp900542395": 0.7987879518278747, "s__SFFH01 sp900542445": 0.786758858593964, "s__SFFH01 sp900548125": 0.7835575461954756, "s__SFFH01 sp902767305": 0.8, "s__SFFH01 sp902781095": 0.8}