{"s__UBA4951 sp002296455": 0.8, "s__UBA4951 sp002297365": 0.8, "s__UBA4951 sp002314915": 0.8, "s__UBA4951 sp002395465": 0.8, "s__UBA4951 sp002397465": 0.8, "s__UBA4951 sp002404865": 0.7957361824377935, "s__UBA4951 sp002440125": 0.8, "s__UBA4951 sp002449265": 0.7924378582646006, "s__UBA4951 sp900320745": 0.8, "s__UBA4951 sp900321485": 0.7722222222222221, "s__UBA4951 sp900540385": 0.8, "s__UBA4951 sp900542595": 0.8, "s__UBA4951 sp902781615": 0.7565217391304349, "s__UBA4951 sp902791085": 0.8, "s__UBA4951 sp902793515": 0.8, "s__UBA4951 sp902800255": 0.8, "s__UBA4951 sp902802355": 0.8}