{"s__UBA1081 sp002431305": 0.7736842105263158, "s__UBA1081 sp900314355": 0.8, "s__UBA1081 sp900321595": 0.8, "s__UBA1081 sp900543395": 0.7917668542503242}