{"s__UBA1217 sp002309155": 0.7780856285119884, "s__UBA1217 sp002309335": 0.8, "s__UBA1217 sp002371315": 0.8, "s__UBA1217 sp900316965": 0.8, "s__UBA1217 sp902784465": 0.8, "s__UBA1217 sp902788805": 0.7926858403118027, "s__UBA1217 sp902793295": 0.8, "s__UBA1217 sp902796265": 0.8}