{"s__UBA2450 sp002342545": 0.8, "s__UBA2450 sp002353275": 0.8, "s__UBA2450 sp002373085": 0.8, "s__UBA2450 sp002392945": 0.8, "s__UBA2450 sp900314865": 0.8, "s__UBA2450 sp902769185": 0.7825835823681664, "s__UBA2450 sp902797795": 0.7629629629629628, "s__UBA2450 sp902800025": 0.8, "s__UBA2450 sp902800355": 0.8, "s__UBA2450 sp902800645": 0.8, "s__UBA2450 sp902800905": 0.8, "s__UBA2450 sp902802905": 0.8, "s__UBA2450 sp902803285": 0.7762402767086487}