{"s__UBA1711 sp001543385": 0.8, "s__UBA1711 sp002309955": 0.8, "s__UBA1711 sp002317325": 0.8, "s__UBA1711 sp002349055": 0.8, "s__UBA1711 sp002354035": 0.8, "s__UBA1711 sp002368955": 0.8, "s__UBA1711 sp002372855": 0.7938049520156085, "s__UBA1711 sp002373995": 0.8, "s__UBA1711 sp002392965": 0.7615384615384615, "s__UBA1711 sp002394185": 0.7820049760978254, "s__UBA1711 sp900314925": 0.8, "s__UBA1711 sp900315935": 0.7967089664904912, "s__UBA1711 sp900316055": 0.7822620545609043, "s__UBA1711 sp900316235": 0.7673754556241374, "s__UBA1711 sp900316515": 0.8, "s__UBA1711 sp900317125": 0.7566041371761727, "s__UBA1711 sp900317285": 0.8, "s__UBA1711 sp900317955": 0.8, "s__UBA1711 sp900318175": 0.8, "s__UBA1711 sp900318275": 0.7838967773126966, "s__UBA1711 sp900318665": 0.8, "s__UBA1711 sp900318835": 0.8, "s__UBA1711 sp900319865": 0.789941465439191, "s__UBA1711 sp900320975": 0.8, "s__UBA1711 sp900321975": 0.8, "s__UBA1711 sp900771365": 0.8, "s__UBA1711 sp902762805": 0.8, "s__UBA1711 sp902771735": 0.7746076368374235, "s__UBA1711 sp902774395": 0.8, "s__UBA1711 sp902774845": 0.8, "s__UBA1711 sp902775135": 0.7883992064687895, "s__UBA1711 sp902776365": 0.7837700884818508, "s__UBA1711 sp902777005": 0.8, "s__UBA1711 sp902778925": 0.8, "s__UBA1711 sp902782185": 0.8, "s__UBA1711 sp902783595": 0.8, "s__UBA1711 sp902784865": 0.8, "s__UBA1711 sp902790215": 0.8, "s__UBA1711 sp902791695": 0.7275484065896023, "s__UBA1711 sp902800395": 0.7750578682736649, "s__UBA1711 sp902803395": 0.8}