{"s__UBA1179 sp002309915": 0.8, "s__UBA1179 sp002310015": 0.8, "s__UBA1179 sp002310175": 0.8, "s__UBA1179 sp002340405": 0.8, "s__UBA1179 sp900318995": 0.8, "s__UBA1179 sp900319225": 0.7955414332491981, "s__UBA1179 sp902760965": 0.8, "s__UBA1179 sp902763885": 0.7699403257615078, "s__UBA1179 sp902774275": 0.744623459989866, "s__UBA1179 sp902774335": 0.8, "s__UBA1179 sp902779875": 0.8, "s__UBA1179 sp902782245": 0.8, "s__UBA1179 sp902798685": 0.8, "s__UBA1179 sp902799685": 0.8, "s__UBA1179 sp902802285": 0.8}