{"f__4484-276": 0.8, "f__4572-128": 0.8, "f__Azobacteroidaceae": 0.8, "f__B18-G4": 0.8, "f__B39-G9": 0.8, "f__BBW3": 0.7729729729729731, "f__BM520": 0.8, "f__BM523": 0.8, "f__Bacteroidaceae": 0.7816023738872404, "f__Bacteroidaceae_A": 0.8, "f__Barnesiellaceae": 0.7285714285714286, "f__CAIWKO01": 0.8, "f__CAIXTV01": 0.8, "f__CAIXZF01": 0.8, "f__CG2-30-32-10": 0.709090909090909, "f__Cfx3-03": 0.7662359064170188, "f__Coprobacteraceae": 0.8, "f__DSWJ01": 0.8, "f__DTGW01": 0.8, "f__DTU049": 0.7375, "f__Dysgonomonadaceae": 0.7335131299529374, "f__F082": 0.7591836734693878, "f__FEN-979": 0.7441989990064628, "f__GCA-2711565": 0.8, "f__GCA-2748055": 0.8, "f__GWA2-32-17": 0.7166666666666666, "f__GWE2-29-8": 0.8, "f__GWF2-33-38": 0.8, "f__GWF2-35-48": 0.8, "f__GWF2-38-335": 0.8, "f__JAADGE01": 0.8, "f__JAADJA01": 0.8, "f__JAAYJT01": 0.8, "f__JAAYUG01": 0.8, "f__JACABE01": 0.8, "f__Lentimicrobiaceae": 0.7543286374289353, "f__ML635J-15": 0.7629629629629628, "f__Marinifilaceae": 0.8, "f__Marinilabiliaceae": 0.7076923076923076, "f__Muribaculaceae": 0.7912280701754386, "f__NBLH01": 0.8, "f__P3": 0.7760479041916168, "f__PUMT01": 0.7486351464181173, "f__PWNQ01": 0.8, "f__PXBB01": 0.8, "f__Paludibacteraceae": 0.7536448288305568, "f__Porphyromonadaceae": 0.7502657935658728, "f__Prolixibacteraceae": 0.7776119402985076, "f__Rikenellaceae": 0.7738884311809706, "f__SM23-62": 0.8, "f__SZUA-534": 0.8, "f__Salinivirgaceae": 0.7664781319364264, "f__TTA-H9": 0.8, "f__Tannerellaceae": 0.725531914893617, "f__UBA10428": 0.8, "f__UBA11471": 0.8, "f__UBA12077": 0.8, "f__UBA12170": 0.8, "f__UBA12481": 0.7511030825399876, "f__UBA1402": 0.8, "f__UBA1556": 0.8, "f__UBA1715": 0.8, "f__UBA3663": 0.8, "f__UBA3824": 0.8, "f__UBA4181": 0.8, "f__UBA5342": 0.8, "f__UBA6013": 0.8, "f__UBA6680": 0.8, "f__UBA7332": 0.8, "f__UBA7960": 0.7593495934959349, "f__UBA932": 0.7833333333333332, "f__VadinHA17": 0.7572764006130253, "f__W3P20-009": 0.8, "f__WCHB1-69": 0.7220779220779221, "f__WRGA01": 0.8, "f__WRLA01": 0.8, "f__Williamwhitmaniaceae": 0.8, "f__ZOR0009": 0.8}