{"f__Borkfalkiaceae": 0.7995647663361425, "f__CAG-1252": 0.8, "f__CAG-138": 0.8, "f__CAG-314": 0.8, "f__CAG-552": 0.8, "f__CAG-74": 0.8, "f__CAG-917": 0.8, "f__Christensenellaceae": 0.8, "f__DTU072": 0.8, "f__DUVY01": 0.8, "f__GCA-900066905": 0.8, "f__HGM11327": 0.8, "f__HGM11417": 0.8, "f__MARSEILLE-P3954": 0.8, "f__NSJ-53": 0.8, "f__QALW01": 0.8, "f__QAND01": 0.8, "f__RUG350": 0.8, "f__SZUA-584": 0.8, "f__UBA1242": 0.8, "f__UBA1431": 0.8, "f__UBA1750": 0.7990598006390452, "f__UBA3700": 0.8, "f__UBA6094": 0.8, "f__UBA941": 0.8, "f__UMGS416": 0.8, "f__WQRI01": 0.8}