{"f__Atopobiaceae": 0.7991500212494687, "f__CADBOM01": 0.8, "f__Coriobacteriaceae": 0.7998727735368956, "f__Eggerthellaceae": 0.8, "f__QAMH01": 0.8, "f__RUG033": 0.8, "f__RUG844": 0.8, "f__UBA8131": 0.8, "f__UMGS124": 0.8}