{"f__Erysipelatoclostridiaceae": 0.7987834549878345, "f__Erysipelotrichaceae": 0.7994835099792827}