{"f__Anaerotignaceae": 0.7210526315789474, "f__CAG-274": 0.709090909090909, "f__Cellulosilyticaceae": 0.7736842105263158, "f__DSM-24629": 0.8, "f__Defluviitaleaceae": 0.8, "f__JAAYNZ01": 0.8, "f__Lachnospiraceae": 0.7884809215262778, "f__UBA12420": 0.8, "f__UBA1390": 0.709090909090909, "f__UBA5962": 0.7230769230769232, "f__Vallitaleaceae": 0.7259259259259259, "f__Vallitaleaceae_A": 0.8, "f__WRAX01": 0.7386573647161017, "f__WRBF01": 0.7051075647489853}