{"c__Acidimicrobiia": 0.777213530864393, "c__Actinomycetia": 0.7946817635958141, "c__Coriobacteriia": 0.7914285714285714, "c__RBG-13-55-18": 0.775083498668119, "c__Rubrobacteria": 0.8, "c__Thermoleophilia": 0.7741784037558685, "c__UBA1414": 0.7615384615384615, "c__UBA4738": 0.7649122807017543, "c__UBA9087": 0.7583333333333333}