{"c__Alicyclobacillia": 0.7871794871794873, "c__Bacilli": 0.7988354111052622, "c__Desulfuribacillia": 0.8}