{"c__Alphaproteobacteria": 0.7956940504837962, "c__Gammaproteobacteria": 0.7960982326181745, "c__Magnetococcia": 0.8, "c__Zetaproteobacteria": 0.8}