{"d__Archaea": 0.8105235602094241, "d__Bacteria": 0.8952754044719142}