{"o__Actinomycetales": 0.79, "o__Mycobacteriales": 0.7909909909909909, "o__Propionibacteriales": 0.7863013698630137, "o__Streptomycetales": 0.8}