{"o__Bacteroidales": 0.7996464347574814, "o__Flavobacteriales": 0.7854296205822424}