{"o__Acholeplasmatales": 0.7307970593651842, "o__Bacillales_B": 0.6829124431147549, "o__Bacillales_D": 0.680247429833944, "o__Erysipelotrichales": 0.7600109904853942, "o__Haloplasmatales_A": 0.7182530762385249, "o__Lactobacillales": 0.7574934363779124, "o__ML615J-28": 0.6624829588968131, "o__Paenibacillales": 0.7748313691711828, "o__RF39": 0.7610073990288222, "o__RFN20": 0.720045194779386, "o__Staphylococcales": 0.6885459046974061, "o__Thermoactinomycetales": 0.473722303458657}