{"o__Acholeplasmatales": 0.7321380076622808, "o__Aneurinibacillales": null, "o__Bacillales": null, "o__Bacillales_A": null, "o__Bacillales_B": null, "o__Bacillales_D": null, "o__Bacillales_E": null, "o__Bacillales_G": null, "o__Erysipelotrichales": 0.7593481053043118, "o__Exiguobacterales": null, "o__Haloplasmatales_A": 0.7031477016355558, "o__Lactobacillales": 0.7578041712757033, "o__ML615J-28": 0.6624472098170471, "o__Mycoplasmatales": null, "o__Paenibacillales": 0.7749114118751477, "o__RF39": 0.7612059652547332, "o__RFN20": 0.720076108015471, "o__Rubeoparvulales": null, "o__Staphylococcales": 0.6831960065802549, "o__Thermoactinomycetales": null}