{"o__Clostridiales": 0.24726906608601684, "o__Eubacteriales": null, "o__Lachnospirales": 0.6621972125443529, "o__Monoglobales": 0.48751658263093683, "o__Monoglobales_A": 0.5268118517843987, "o__Oscillospirales": 0.6882644320563769, "o__Peptostreptococcales": 0.3860361796807045, "o__Saccharofermentanales": null, "o__TANB77": null, "o__Tissierellales": 0.5501771600593945, "o__UBA1212": null, "o__UMGS1810": null, "o__UMGS1840": null, "o__UMGS1883": null}