{"o__Clostridiales": 0.3388089149551971, "o__Eubacteriales": null, "o__Lachnospirales": 0.6617094325033954, "o__Monoglobales": 0.49072553285946224, "o__Monoglobales_A": 0.5187246204735583, "o__Oscillospirales": 0.6853713383517721, "o__Peptostreptococcales": 0.42734371498153784, "o__Saccharofermentanales": null, "o__TANB77": null, "o__Tissierellales": 0.5625383043758212, "o__UBA1212": null, "o__UMGS1810": null, "o__UMGS1840": null, "o__UMGS1883": null}