{"o__Clostridiales": 0.24726906608601684, "o__Eubacteriales": 0.5811158617195136, "o__Lachnospirales": 0.6621972125443529, "o__Monoglobales": 0.48751658263093683, "o__Monoglobales_A": 0.5268118517843987, "o__Oscillospirales": 0.6882644320563769, "o__Peptostreptococcales": 0.3860361796807045, "o__Saccharofermentanales": 0.6829876181177739, "o__TANB77": 0.7119271258713304, "o__Tissierellales": 0.5501771600593945, "o__UBA1212": 0.5408089238099811, "o__UMGS1810": null, "o__UMGS1840": null, "o__UMGS1883": null}