{"o__Clostridiales": 0.7055555555555555, "o__Eubacteriales": 0.7375, "o__Lachnospirales": 0.7523796687336572, "o__Monoglobales": 0.7777777777777777, "o__Monoglobales_A": 0.76875, "o__Oscillospirales": 0.7572765057627322, "o__Peptostreptococcales": 0.7123287671232876, "o__Saccharofermentanales": 0.7833333333333332, "o__TANB77": 0.7630606860158311, "o__Tissierellales": 0.7204545454545455, "o__UBA1212": 0.7230769230769232, "o__UMGS1810": 0.7375, "o__UMGS1840": 0.8, "o__UMGS1883": 0.8}