{"o__Burkholderiales": 0.7942037852106036, "o__Enterobacterales": 0.7928790324737507, "o__Pseudomonadales": null, "o__Xanthomonadales": null}