{"o__Burkholderiales": 0.7944579423795446, "o__Enterobacterales": 0.7930051138101548, "o__Pseudomonadales": null, "o__Xanthomonadales": null}