{"o__Acidaminococcales": 0.7967177242888404, "o__Selenomonadales": 0.7913793103448277, "o__Sporomusales": 0.8, "o__UMGS1260": 0.7786096256684492, "o__Veillonellales": 0.794610697940741}