{"o__Acidaminococcales": 0.7908870496859379, "o__Selenomonadales": null, "o__Sporomusales": null, "o__UMGS1260": null, "o__Veillonellales": 0.7931786790713848}