{"o__Acidaminococcales": 0.7909667844741874, "o__Veillonellales": 0.7934135844356263}