{"o__Acidaminococcales": 0.7908257680803339, "o__Selenomonadales": null, "o__Sporomusales": null, "o__UMGS1260": null, "o__Veillonellales": 0.7934623064020672}