{"p__Actinobacteriota": 0.7573779809576549, "p__Bacteroidota": 0.6771012734109192, "p__Campylobacterota": 0.7144093973944898, "p__Cyanobacteria": null, "p__Desulfobacterota": null, "p__Elusimicrobiota": 0.6671722899487171, "p__Firmicutes": 0.6471586484315828, "p__Firmicutes_A": 0.6959578273183042, "p__Firmicutes_B": null, "p__Firmicutes_C": 0.4487518325660886, "p__Fusobacteriota": 0.6141796833674478, "p__Patescibacteria": null, "p__Proteobacteria": 0.5276349645136065, "p__Spirochaetota": 0.7273464458499999, "p__Synergistota": null, "p__Verrucomicrobiota": 0.4964385991601519}