{"p__Actinobacteriota": 0.7596955610765193, "p__Bacteroidota": 0.6777198125697828, "p__Campylobacterota": 0.6534856934852933, "p__Cyanobacteria": null, "p__Desulfobacterota": 0.5423714961683115, "p__Elusimicrobiota": 0.7327069462128963, "p__Firmicutes": 0.6193467138284423, "p__Firmicutes_A": 0.6861962874038556, "p__Firmicutes_B": 0.4811509356068215, "p__Firmicutes_C": 0.39200071338923076, "p__Fusobacteriota": 0.5429781073956421, "p__Patescibacteria": null, "p__Proteobacteria": 0.414589529044142, "p__Spirochaetota": 0.6925050289649373, "p__Synergistota": null, "p__Verrucomicrobiota": null}