{"p__Actinobacteriota": 0.7584410501463632, "p__Firmicutes_A": 0.636693913236144, "p__Patescibacteria": 0.7055633422075696, "p__Spirochaetota": 0.7611727140583597}