{"p__Actinobacteriota": 0.7826109253307811, "p__Bacteroidota": 0.7471128599573018, "p__Campylobacterota": 0.5985104707727606, "p__Cyanobacteria": 0.6998776245145824, "p__Elusimicrobiota": 0.6571299141340554, "p__Firmicutes": 0.7101071638137193, "p__Firmicutes_A": 0.7531219873043078, "p__Firmicutes_C": 0.653416363475575, "p__Fusobacteriota": 0.6842046594369688, "p__Proteobacteria": 0.6822731892857963, "p__Spirochaetota": 0.6883187703700466, "p__Synergistota": 0.6866905271172103, "p__Verrucomicrobiota": 0.7213995312236094}