{"p__Actinobacteriota": 0.7940855323020928, "p__Bacteroidota": 0.7608895705521472, "p__Campylobacterota": 0.7642857142857142, "p__Cyanobacteria": 0.7353932584269662, "p__Desulfobacterota": 0.7893617021276595, "p__Elusimicrobiota": 0.7555555555555555, "p__Firmicutes": 0.7387755102040816, "p__Firmicutes_A": 0.7641405932547745, "p__Firmicutes_B": 0.7444444444444445, "p__Firmicutes_C": 0.7284649776453056, "p__Fusobacteriota": 0.7647887323943663, "p__Patescibacteria": 0.7705882352941176, "p__Proteobacteria": 0.7590163934426228, "p__Spirochaetota": 0.7649122807017543, "p__Synergistota": 0.8, "p__Verrucomicrobiota": 0.7822064056939502}