{"p__Actinobacteriota": 0.7464724436624712, "p__Bacteroidota": 0.7494921190594324, "p__Campylobacterota": 0.5494688694453742, "p__Cyanobacteria": null, "p__Desulfobacterota": null, "p__Elusimicrobiota": 0.6051540536405886, "p__Firmicutes": 0.7041009085425287, "p__Firmicutes_A": 0.7550191498133076, "p__Firmicutes_B": null, "p__Firmicutes_C": 0.6416098733698432, "p__Fusobacteriota": 0.6888549153303158, "p__Patescibacteria": null, "p__Proteobacteria": 0.6639584536117198, "p__Spirochaetota": 0.6999021058500476, "p__Synergistota": null, "p__Verrucomicrobiota": 0.7119308202135626}