{"g__BX12": null, "g__Bacilliculturomica": null, "g__CAG-145": 0.7055106731688168, "g__CAG-238": 0.7678172253239619, "g__Emergencia": null, "g__Eubacterium_M": null, "g__S5-A14a": null, "g__UBA1191": 0.7534846684594727, "g__UMGS973": 0.7695570173448545, "g__VUNA01": null}