{"g__BX12": null, "g__Bacilliculturomica": null, "g__CAG-145": 0.7026166738593793, "g__CAG-238": 0.7666558815618021, "g__Emergencia": null, "g__Eubacterium_M": null, "g__S5-A14a": null, "g__UBA1191": 0.7520690220790747, "g__UMGS973": 0.7616911816491312, "g__VUNA01": null}