{"g__Acutalibacter": 0.6951864982796658, "g__An172": null, "g__Anaeromassilibacillus": 0.49323430620047043, "g__CAG-177": 0.7315139207641048, "g__CAG-180": 0.6561727539853426, "g__CAG-217": 0.674996392734011, "g__CAG-488": 0.5559457119525095, "g__CAG-557": null, "g__CAG-964": 0.6616544658872494, "g__Caproiciproducens": null, "g__Clostridium_A": 0.5713145979322107, "g__Clostridium_E": null, "g__DTU089": null, "g__Eubacterium_R": 0.6397242513054993, "g__Hydrogeniiclostridium": null, "g__Marseille-P4683": null, "g__Pseudoruminococcus": 0.5239489749378672, "g__RUG420": null, "g__RUG806": null, "g__Ruminococcus_E": 0.5874893353423327, "g__UBA1081": 0.7731668718946543, "g__UBA1227": null, "g__UBA1417": 0.6477426282967431, "g__UBA1691": null, "g__UBA4871": null, "g__UBA5905": null, "g__UBA6857": null, "g__UBA737": null, "g__UBA945": null, "g__UMGS1071": null, "g__UMGS1224": null, "g__UMGS1279": null, "g__UMGS1397": null, "g__UMGS1474": null, "g__UMGS1484": null, "g__UMGS1487": null, "g__UMGS1491": 0.7440866999817715, "g__UMGS1532": null, "g__UMGS1591": null, "g__UMGS1623": null, "g__UMGS1690": null, "g__UMGS172": 0.713013376792782, "g__UMGS1839": null, "g__UMGS1858": 0.4757003833595737, "g__UMGS1976": null, "g__UMGS263": 0.7114319124930246, "g__UMGS403": 0.6899537211183808, "g__UMGS577": null, "g__UMGS856": null, "g__UMGS905": 0.6463190257406619}