{"g__Acidaminococcus": 0.7924732026167138, "g__Succiniclasticum": 0.7949610645004235}