{"g__Olsenella": 0.7545147706388782, "g__Olsenella_B": 0.7045977180142899}