{"g__Acutalibacter": 0.6800421509180627, "g__An172": null, "g__Anaeromassilibacillus": 0.5126444076996051, "g__CAG-177": 0.740139697296677, "g__CAG-180": 0.6192109094487914, "g__CAG-217": 0.6595584070579179, "g__CAG-488": 0.5704182737917687, "g__CAG-557": null, "g__CAG-964": 0.6798203031191918, "g__Caproiciproducens": null, "g__Clostridium_A": 0.5909425331068132, "g__Clostridium_E": null, "g__DTU089": null, "g__Eubacterium_R": 0.6424229162753872, "g__Hydrogeniiclostridium": null, "g__Marseille-P4683": null, "g__Pseudoruminococcus": 0.5133130680508935, "g__RUG420": null, "g__RUG806": null, "g__Ruminococcus_E": 0.5448152527731702, "g__UBA1081": 0.7698409514933016, "g__UBA1227": null, "g__UBA1417": 0.6510804185049883, "g__UBA1691": null, "g__UBA4871": null, "g__UBA5905": null, "g__UBA6857": null, "g__UBA737": null, "g__UBA945": null, "g__UMGS1071": null, "g__UMGS1224": null, "g__UMGS1279": null, "g__UMGS1397": null, "g__UMGS1474": null, "g__UMGS1484": null, "g__UMGS1487": null, "g__UMGS1491": 0.7301999554724137, "g__UMGS1532": null, "g__UMGS1591": null, "g__UMGS1623": null, "g__UMGS1690": null, "g__UMGS172": 0.7142852194189924, "g__UMGS1839": null, "g__UMGS1858": 0.4757003833595737, "g__UMGS1976": null, "g__UMGS263": 0.7016658148337329, "g__UMGS403": 0.6662710736445356, "g__UMGS577": null, "g__UMGS856": null, "g__UMGS905": 0.654389493161857}