{"g__43-108": null, "g__Bacteroides": 0.6065300246052172, "g__CAG-462": null, "g__CAG-617": null, "g__F0040": 0.0, "g__Paraprevotella": null, "g__Phocaeicola": 0.5958783898021061, "g__Prevotella": 0.7265428075987004, "g__Prevotellamassilia": 0.6856779098329395, "g__UBA4372": null, "g__UBA6382": null, "g__UBA6398": null}