{"g__Achromobacter": null, "g__CAG-521": 0.7864338422480668, "g__Duodenibacillus": 0.7833426157043075, "g__Mesosutterella": 0.7828590725750757, "g__Noviherbaspirillum": null, "g__Oxalobacter": null, "g__Parasutterella": 0.7589617329692586, "g__Ralstonia": null, "g__Sutterella": 0.7798488752377399, "g__Turicimonas": 0.7369504312097619}