{"g__AM07-15": 0.8, "g__Agathobaculum": 0.7751912714505638, "g__Butyricicoccus": 0.7596774193548388, "g__Butyricicoccus_A": 0.7920634920634921, "g__UBA4644": 0.7927007299270072, "g__UMGS1384": 0.7667203121098316}