{"g__AM07-15": null, "g__Agathobaculum": 0.7690672664484421, "g__Butyricicoccus": 0.7199896195897846, "g__Butyricicoccus_A": null, "g__UBA4644": null, "g__UMGS1384": null}