{"g__43-108": 0.8, "g__Bacteroides": 0.7014925373134329, "g__CAG-462": 0.8, "g__CAG-617": 0.8, "g__F0040": 0, "g__Paraprevotella": 0.8, "g__Phocaeicola": 0.701639344262295, "g__Prevotella": 0.7622833843017329, "g__Prevotellamassilia": 0.75, "g__UBA4372": 0.8, "g__UBA6382": 0.7714285714285714, "g__UBA6398": 0.751219512195122}