{"g__F0040": 1, "g__Phocaeicola": 0.6110656632218159, "g__Prevotella": 0.7325572978331698, "g__Prevotellamassilia": 0.6730417032022515}