{"g__43-108": null, "g__Bacteroides": 0.6045542314714476, "g__CAG-462": null, "g__CAG-617": null, "g__F0040": 0.0, "g__Paraprevotella": null, "g__Phocaeicola": 0.5926367281604548, "g__Prevotella": 0.7260672328585966, "g__Prevotellamassilia": 0.6764198673168365, "g__UBA4372": null, "g__UBA6382": null, "g__UBA6398": null}