{"g__Borkfalkia": 0.7906542056074766, "g__QALS01": 0.7952153110047846, "g__UBA10281": 0.7929101221590216, "g__UBA11940": 0.8, "g__UBA7597": 0.7947336326873427, "g__UMGS1004": 0.7934640522875818, "g__UMGS621": 0.8, "g__UMGS775": 0.7753086419753086}