{"g__Achromobacter": null, "g__CAG-521": 0.7869304755313762, "g__Duodenibacillus": 0.7843655536160297, "g__Mesosutterella": 0.7844839015881624, "g__Noviherbaspirillum": null, "g__Oxalobacter": null, "g__Parasutterella": 0.7571844119930702, "g__Ralstonia": null, "g__Sutterella": 0.7808884975917803, "g__Turicimonas": 0.7305192948862933}