{"g__Achromobacter": 0.8, "g__CAG-521": 0.7938144329896908, "g__Duodenibacillus": 0.7877862595419847, "g__Mesosutterella": 0.8, "g__Noviherbaspirillum": 0.8, "g__Oxalobacter": 0.8, "g__Parasutterella": 0.7676683046063875, "g__Ralstonia": 0.8, "g__Sutterella": 0.7914529914529915, "g__Turicimonas": 0.7780219780219779}