{"g__Achromobacter": null, "g__CAG-521": 0.7868197350096722, "g__Duodenibacillus": 0.7830156336452985, "g__Mesosutterella": 0.7822374845844628, "g__Noviherbaspirillum": null, "g__Oxalobacter": null, "g__Parasutterella": 0.7587421099688227, "g__Ralstonia": null, "g__Sutterella": 0.7783493126703809, "g__Turicimonas": null}