{"g__CAG-288": 0.7204669686798286, "g__CAG-345": 0.7326914378655138, "g__CAG-568": null, "g__UBA7642": 0.771746695382608}