{"g__CAG-313": 0.6662431239142661, "g__UMGS1109": null, "g__UMGS75": 0.5610335992870299}