{"g__CAG-826": null, "g__RUG131": null, "g__UBA4855": 0.7528303520026061, "g__UBA4951": 0.7631316375783241, "g__UBA733": 0.7738883594412389}