{"g__CAG-1024": null, "g__PeH17": null, "g__Phil1": 0.7709880635947826, "g__RUG472": null, "g__SFDB01": null, "g__SFEL01": null, "g__UBA1685": 0.7573492616591995, "g__UBA5394": null, "g__UMGS1241": null, "g__UMGS693": 0.7068388847288571, "g__UMGS946": null}