{"g__CAG-1138": 0.8, "g__CAG-349": 0.7940107790873914, "g__CAG-475": 0.7984644342981315, "g__CAG-917": 0.8, "g__UMGS1688": 0.8}