{"g__CAG-313": 0.672022987791804, "g__UMGS1109": null, "g__UMGS75": 0.5616813328551897}