{"g__CAG-1435": 0.7957264957264958, "g__CAG-314": 0.7924242424242425, "g__UMGS1707": 0.8, "g__UMGS692": 0.7856201176563156, "g__UMGS929": 0.7848415226044216}