{"g__CAG-1024": 0.761039269348222, "g__PeH17": 0.771436350197469, "g__Phil1": 0.7709880635947826, "g__RUG472": null, "g__SFDB01": null, "g__SFEL01": null, "g__UBA1685": 0.7573492616591995, "g__UBA5394": null, "g__UMGS1241": 0.7904100968067871, "g__UMGS693": null, "g__UMGS946": null}