{"g__CAG-1435": null, "g__CAG-314": 0.7879030548390968, "g__UMGS1707": null, "g__UMGS692": 0.7849756020939453, "g__UMGS929": null}