{"g__CAG-288": 0.7418920601693451, "g__CAG-345": 0.7287436288769609, "g__UBA7642": 0.776979446555079}