{"g__CAG-826": null, "g__RUG131": null, "g__UBA4855": 0.7533255639463803, "g__UBA4951": 0.7611369818118552, "g__UBA733": 0.7687455665646368}