{"g__51-20": 0.701117545540171, "g__CAG-267": null, "g__CAG-495": 0.7157588510968445, "g__RUG410": null}