{"g__CAG-272": null, "g__CAG-390": null, "g__CAG-448": null, "g__CAG-724": 0.7304325134426997, "g__CAG-841": 0.760264386280163, "g__Firm-07": null, "g__QALR01": 0.7575391822343354, "g__UBA11512": null, "g__UMGS1002": null, "g__UMGS1225": null, "g__UMGS1312": 0.7374773900368325, "g__UMGS1696": null, "g__UMGS1815": null, "g__UMGS1865": null, "g__UMGS2055": null, "g__UMGS731": null, "g__UMGS874": null, "g__UMGS902": 0.7726107743727813, "g__UMGS911": 0.7383962880213617}