{"g__CAG-1024": null, "g__PeH17": null, "g__Phil1": 0.7684078634400648, "g__RUG472": null, "g__SFDB01": null, "g__SFEL01": null, "g__UBA1685": 0.7539718141907488, "g__UBA5394": null, "g__UMGS1241": null, "g__UMGS693": 0.7279206528599924, "g__UMGS946": null}