{"g__CAG-826": 0.7752066115702478, "g__RUG131": 0.7724137931034483, "g__UBA4855": 0.7637681159420289, "g__UBA4951": 0.7829059829059828, "g__UBA733": 0.8}