{"g__Allisonella": 0.7705882352941176, "g__Dialister": 0.796345029239766, "g__UBA1822": 0.8, "g__UBA5809": 0.8}