{"g__Allisonella": null, "g__Dialister": 0.794615270434671, "g__UBA1822": 0.7881022253377015, "g__UBA5809": null}