{"g__Amedibacillus": 0.3593501327732784, "g__Amedibacterium": 0.6672596982438481, "g__Bulleidia": 0.6834843576185892, "g__Clostridium_AQ": 0.6820125981631511, "g__Faecalitalea": 0.5671689759045426}