{"g__Absicoccus": 0.7666666666666666, "g__Amedibacillus": 0.8, "g__Amedibacterium": 0.7049773755656108, "g__Bulleidia": 0.7757575757575756, "g__Clostridium_AQ": 0.7173492723203965, "g__DONG20-135": 0.7479166666666666, "g__Dielma": 0.8, "g__Faecalicoccus": 0.76875, "g__Faecalitalea": 0.707563025210084, "g__Holdemanella": 0.7354359152479575, "g__Holdemania": 0.7774324519892164, "g__Longicatena": 0, "g__Massilicoli": 0.8, "g__Merdibacter": 0.7757575757575756, "g__NSJ-61": 0.7383259911894273, "g__UBA636": 0.7767441860465116}