{"g__Adlercreutzia": null, "g__CAG-1427": 0.7647037501491198, "g__Eggerthella": 0.5372614482571727, "g__Ellagibacter": null, "g__Gordonibacter": null, "g__Paraeggerthella": null, "g__RUG013": null, "g__Senegalimassilia": 0.660411059003039, "g__Slackia_A": 0.7356148608963173, "g__UMGS1293": 0.7153716321118122, "g__UMGS1502": null, "g__UMGS1519": 0.7103791640256607}