{"g__Erysipelatoclostridium": 0.6927903780557536, "g__Faecalibacillus": 0.6782307993526182}