{"g__Adlercreutzia": 0.7777777777777777, "g__CAG-1427": 0.7740893798143975, "g__Eggerthella": 0.7696969696969698, "g__Ellagibacter": 0.7124999999999999, "g__Gordonibacter": 0.7285714285714286, "g__Paraeggerthella": 0.7318734793187347, "g__RUG013": 0.8, "g__Senegalimassilia": 0.7836065573770492, "g__Slackia_A": 0.7607508532423208, "g__UMGS1293": 0.7510489510489511, "g__UMGS1502": 0.7101123595505618, "g__UMGS1519": 0.7833333333333332}