{"g__Absicoccus": null, "g__Amedibacillus": 0.3593501327732784, "g__Amedibacterium": 0.6127394654761145, "g__Bulleidia": 0.6834843576185892, "g__Clostridium_AQ": 0.6820125981631511, "g__DONG20-135": null, "g__Dielma": null, "g__Faecalicoccus": null, "g__Faecalitalea": 0.5671689759045426, "g__Holdemanella": 0.7168437206037162, "g__Holdemania": null, "g__Longicatena": null, "g__Massilicoli": 0.7085842309946695, "g__Merdibacter": null, "g__NSJ-61": 0.6798572614711889, "g__UBA636": null}