{"g__Adlercreutzia": null, "g__CAG-1427": 0.7629051748364983, "g__Eggerthella": 0.5200535304680953, "g__Ellagibacter": null, "g__Gordonibacter": null, "g__Paraeggerthella": null, "g__RUG013": null, "g__Senegalimassilia": 0.6499920560147778, "g__Slackia_A": 0.7354562209519513, "g__UMGS1293": 0.7062106057866151, "g__UMGS1502": null, "g__UMGS1519": 0.7048002748327704}