{"g__Enterococcus": 0.383431799257085, "g__Enterococcus_A": 0.7392086144156456, "g__Enterococcus_B": 0.6543503144813505, "g__Enterococcus_C": null, "g__Enterococcus_D": 0.4793622688297425}