{"g__Cetobacterium_A": 0.7814814814814814, "g__Fusobacterium": 0.7558823529411764, "g__Fusobacterium_A": 0.7551371478906173, "g__Fusobacterium_B": 0.785155231411157, "g__Fusobacterium_C": 0.765591527207975}