{"g__AM51-8": null, "g__Acetatifactor": 0.42219357127665164, "g__Agathobacter": 0.197988567771611, "g__Anaerobutyricum": null, "g__Anaerosacchariphilus": 0.6351079195490672, "g__Anaerosporobacter": null, "g__Anaerostipes": null, "g__Bacteroides_F": 0.39660033801529276, "g__Bariatricus": 0.4775961518292173, "g__Blautia": 0.41734147270961724, "g__Blautia_A": 0.4257422815233735, "g__Butyrivibrio_A": 0.36360162024601667, "g__CAG-127": null, "g__CAG-194": 0.6095989943167239, "g__CAG-303": null, "g__CAG-317": null, "g__CAG-411": 0.37213575150418493, "g__CAG-45": null, "g__CAG-510": 0.6345447884259903, "g__CAG-56": null, "g__CAG-590": 0.43680042226697463, "g__CAG-603": null, "g__CAG-632": 0.6261796274414446, "g__CAG-791": 0.649119290548456, "g__CAG-81": 0.5067574168779576, "g__CAG-882": 0.6016281929539689, "g__CAG-95": null, "g__COE1": null, "g__Catenibacillus": 0.4204178075434301, "g__Clostridium_AP": 0.5044959091080561, "g__Clostridium_Q": 0.5092785851924511, "g__Coprococcus": 0.551878373830125, "g__Coprococcus_A": null, "g__Dorea": null, "g__Dorea_A": 0.15512076705147004, "g__Dorea_B": null, "g__Eisenbergiella": null, "g__Enterocloster": 0.6261987519047447, "g__Eubacterium_F": 0.4887773685566332, "g__Eubacterium_G": 0.5051219379426468, "g__Eubacterium_I": null, "g__Extibacter": null, "g__Faecalimonas": 0.3079484772729248, "g__Frisingicoccus": 0.30576459238305004, "g__Fusicatenibacter": null, "g__GCA-900066135": null, "g__GCA-900066755": null, "g__Hungatella": null, "g__Hungatella_A": null, "g__KLE1615": null, "g__Lachnoanaerobaculum": null, "g__Lachnoclostridium": null, "g__Lachnoclostridium_A": null, "g__Lachnoclostridium_B": null, "g__Lachnospira": 0.5762384503391129, "g__Lacrimispora": 0.586537493129768, "g__Marvinbryantia": null, "g__Mediterraneibacter": 0.14120178573483283, "g__Merdimonas": null, "g__Muricomes": null, "g__Murimonas": null, "g__NSJ-38": null, "g__Oribacterium": null, "g__RUG115": null, "g__Robinsoniella": null, "g__Roseburia": 0.3817891199417552, "g__Ruminococcus_A": null, "g__Ruminococcus_B": 0.5040895812232049, "g__Schaedlerella": 0.3483682160904397, "g__Sellimonas": 0.4295666255900718, "g__TF01-11": 0.40063315642609537, "g__UBA11774": null, "g__UBA2856": null, "g__UBA2882": null, "g__UBA3402": null, "g__UBA4285": null, "g__UBA5416": null, "g__UBA7160": null, "g__UBA7182": null, "g__UBA9502": 0.48762516714178133, "g__UC5-1-2E3": null, "g__UMGS1251": null, "g__UMGS1370": 0.3148975261627163, "g__UMGS1375": null, "g__UMGS1472": null, "g__UMGS2037": 0.14833678189073846, "g__UMGS680": null, "g__V9D3004": null}