{"g__AM51-8": null, "g__Acetatifactor": 0.43995133426108907, "g__Agathobacter": 0.1808433464168206, "g__Anaerobutyricum": null, "g__Anaerosacchariphilus": null, "g__Anaerosporobacter": null, "g__Anaerostipes": null, "g__Bacteroides_F": 0.4651170858169817, "g__Bariatricus": 0.4616519918786918, "g__Blautia": 0.41359136536136504, "g__Blautia_A": 0.43443254996214425, "g__Butyrivibrio_A": 0.37764591238788997, "g__CAG-127": null, "g__CAG-194": 0.6197366992083473, "g__CAG-303": 0.5880295950914707, "g__CAG-317": null, "g__CAG-411": null, "g__CAG-45": 0.5357718198422416, "g__CAG-510": 0.6426394398714226, "g__CAG-56": null, "g__CAG-590": 0.4221127507283498, "g__CAG-603": 0.4776313038931325, "g__CAG-632": 0.634157588601328, "g__CAG-791": 0.6580320894257585, "g__CAG-81": 0.5213359019704076, "g__CAG-882": 0.5976389781056632, "g__CAG-95": null, "g__COE1": null, "g__Catenibacillus": 0.4200626588484396, "g__Clostridium_AP": 0.4847314692802382, "g__Clostridium_Q": 0.4920918565563574, "g__Coprococcus": 0.555089100185127, "g__Coprococcus_A": null, "g__Dorea": null, "g__Dorea_A": 0.12853590693313655, "g__Dorea_B": null, "g__Eisenbergiella": null, "g__Enterocloster": 0.6366675294288078, "g__Eubacterium_F": 0.5009884708403758, "g__Eubacterium_G": 0.5048195779430473, "g__Eubacterium_I": null, "g__Extibacter": null, "g__Faecalimonas": 0.32246730482422975, "g__Frisingicoccus": 0.2884044090940393, "g__Fusicatenibacter": null, "g__GCA-900066135": null, "g__GCA-900066755": null, "g__Hungatella": null, "g__Hungatella_A": null, "g__KLE1615": null, "g__Lachnoanaerobaculum": null, "g__Lachnoclostridium": null, "g__Lachnoclostridium_A": null, "g__Lachnoclostridium_B": null, "g__Lachnospira": 0.5845156266058777, "g__Lacrimispora": null, "g__Marvinbryantia": null, "g__Mediterraneibacter": 0.14824657991055668, "g__Merdimonas": null, "g__Muricomes": null, "g__Murimonas": null, "g__NSJ-38": null, "g__Oribacterium": null, "g__RUG115": null, "g__Robinsoniella": null, "g__Roseburia": 0.35642109199536304, "g__Ruminococcus_A": null, "g__Ruminococcus_B": 0.49376058435527287, "g__Schaedlerella": 0.354596141954928, "g__Sellimonas": 0.42920822616141735, "g__TF01-11": 0.4068402258295997, "g__UBA11774": null, "g__UBA2856": null, "g__UBA2882": null, "g__UBA3402": null, "g__UBA4285": null, "g__UBA5416": null, "g__UBA7160": null, "g__UBA7182": null, "g__UBA9502": 0.49011261129642464, "g__UC5-1-2E3": null, "g__UMGS1251": null, "g__UMGS1370": 0.3039791581841181, "g__UMGS1375": null, "g__UMGS1472": null, "g__UMGS2037": null, "g__UMGS680": null, "g__V9D3004": null}