{"g__AM51-8": null, "g__Acetatifactor": 0.4607651926715562, "g__Agathobacter": null, "g__Anaerobutyricum": null, "g__Anaerosacchariphilus": null, "g__Anaerosporobacter": 0.698484254449603, "g__Anaerostipes": null, "g__Bacteroides_F": 0.37379980660153617, "g__Bariatricus": 0.4766697351074289, "g__Blautia": 0.4558302283184323, "g__Blautia_A": 0.37284200551800967, "g__Butyrivibrio_A": 0.4245312742667659, "g__CAG-127": 0.3124501004230393, "g__CAG-194": null, "g__CAG-303": 0.6244613931256628, "g__CAG-317": 0.15874713851336364, "g__CAG-411": null, "g__CAG-45": 0.6126936521460709, "g__CAG-510": null, "g__CAG-56": null, "g__CAG-590": 0.3788399300926825, "g__CAG-603": 0.5084194357967113, "g__CAG-632": 0.6357971744504773, "g__CAG-791": 0.6602682433494131, "g__CAG-81": 0.4691453722644678, "g__CAG-882": 0.5796925472164329, "g__CAG-95": null, "g__COE1": null, "g__Catenibacillus": null, "g__Clostridium_AP": 0.517853152633106, "g__Clostridium_Q": 0.547831571075519, "g__Coprococcus": 0.48492285207393676, "g__Coprococcus_A": null, "g__Dorea": null, "g__Dorea_A": null, "g__Dorea_B": null, "g__Eisenbergiella": null, "g__Enterocloster": 0.598401846217467, "g__Eubacterium_F": 0.45324724056838345, "g__Eubacterium_G": 0.5044588946168298, "g__Eubacterium_I": null, "g__Extibacter": null, "g__Faecalimonas": 0.3120420338109446, "g__Frisingicoccus": null, "g__Fusicatenibacter": null, "g__GCA-900066135": null, "g__GCA-900066755": null, "g__Hungatella": 0.4913214213162352, "g__Hungatella_A": null, "g__KLE1615": null, "g__Lachnoanaerobaculum": null, "g__Lachnoclostridium": null, "g__Lachnoclostridium_A": null, "g__Lachnoclostridium_B": null, "g__Lachnospira": 0.5892118819785319, "g__Lacrimispora": 0.5846714321433812, "g__Marvinbryantia": null, "g__Mediterraneibacter": 0.17510663294572365, "g__Merdimonas": null, "g__Muricomes": null, "g__Murimonas": null, "g__NSJ-38": null, "g__Oribacterium": null, "g__RUG115": null, "g__Robinsoniella": null, "g__Roseburia": null, "g__Ruminococcus_A": null, "g__Ruminococcus_B": null, "g__Schaedlerella": 0.32393407942309355, "g__Sellimonas": 0.44944322694460065, "g__TF01-11": 0.4117097324497962, "g__UBA11774": 0.24459257564720022, "g__UBA2856": null, "g__UBA2882": null, "g__UBA3402": null, "g__UBA4285": 0.6630277633503683, "g__UBA5416": null, "g__UBA7160": null, "g__UBA7182": null, "g__UBA9502": 0.42258293502712413, "g__UC5-1-2E3": null, "g__UMGS1251": null, "g__UMGS1370": null, "g__UMGS1375": null, "g__UMGS1472": null, "g__UMGS2037": 0.27020301217950665, "g__UMGS680": null, "g__V9D3004": null}