{"g__Amulumruptor": null, "g__CAG-1031": 0.7013715637905933, "g__CAG-279": 0.7531461948519873, "g__CAG-485": 0.7077161242819632, "g__CAG-873": 0.7326486275317243, "g__Duncaniella": null, "g__Muribaculum": null, "g__Paramuribaculum": null, "g__Sodaliphilus": null, "g__UBA7173": null}