{"g__Anaeroglobus": null, "g__Caecibacter": 0.7708524012905882, "g__Megasphaera": 0.7756554819350439, "g__UMGS915": 0.7563524746081767}