{"g__Anaeroglobus": 0.8, "g__Caecibacter": 0.7867109634551495, "g__Megasphaera": 0.7805151763025471, "g__UMGS915": 0.7912280701754386}