{"g__An92": null, "g__CAG-103": 0.7068561935330331, "g__CAG-110": 0.7499001300238608, "g__CAG-170": null, "g__CAG-83": 0.7456732120191865, "g__Dysosmobacter": 0.7194368698296474, "g__ER4": 0.7621454069177618, "g__Evtepia": null, "g__F23-B02": null, "g__Flavonifractor": null, "g__Intestinimonas": null, "g__Lawsonibacter": null, "g__Marseille-P3106": null, "g__NK3B98": null, "g__Oscillibacter": null, "g__Pseudoflavonifractor": null, "g__UBA1777": 0.7513361674360526, "g__UBA5446": null, "g__UBA738": null, "g__UBA9475": null, "g__UMGS1202": null, "g__UMGS1766": null, "g__UMGS1872": null}