{"g__An92": 0.709090909090909, "g__CAG-103": 0.7763313609467455, "g__CAG-110": 0.7692556634304206, "g__CAG-170": 0.7430099041701224, "g__CAG-83": 0.7672131147540984, "g__Dysosmobacter": 0.737292787066113, "g__ER4": 0.7729483254809584, "g__Evtepia": 0.795575221238938, "g__F23-B02": 0.7898785425101214, "g__Flavonifractor": 0.7272727272727273, "g__Intestinimonas": 0.7430379746835443, "g__Lawsonibacter": 0.7246691875943825, "g__Marseille-P3106": 0.76875, "g__NK3B98": 0.7636363636363637, "g__Oscillibacter": 0.7497716894977169, "g__Pseudoflavonifractor": 0.7398914658445568, "g__UBA1777": 0.7832041343669252, "g__UBA5446": 0.7914529914529915, "g__UBA738": 0.788888888888889, "g__UBA9475": 0.7023255813953488, "g__UMGS1202": 0.7881656804733728, "g__UMGS1766": 0.7305555555555556, "g__UMGS1872": 0.766183574879227}