{"g__An92": null, "g__CAG-103": 0.7029622225435777, "g__CAG-110": 0.7497940830361933, "g__CAG-170": null, "g__CAG-83": 0.7466956611082671, "g__Dysosmobacter": 0.7193851724502669, "g__ER4": 0.7608894684050547, "g__Evtepia": null, "g__F23-B02": null, "g__Flavonifractor": null, "g__Intestinimonas": null, "g__Lawsonibacter": null, "g__Marseille-P3106": null, "g__NK3B98": null, "g__Oscillibacter": null, "g__Pseudoflavonifractor": null, "g__UBA1777": 0.7532541428988764, "g__UBA5446": null, "g__UBA738": null, "g__UBA9475": null, "g__UMGS1202": null, "g__UMGS1766": null, "g__UMGS1872": null}