{"g__Arachnia": 0.7166666666666666, "g__Cutibacterium": 0.8, "g__Nigerium": 0.8, "g__Propionibacterium": 0.7074074074074075}