{"g__Porphyromonas": 0.7983584083464392, "g__Porphyromonas_A": 0.7971689856367108}