{"g__Arachnia": null, "g__Cutibacterium": 0.4958411358436085, "g__Nigerium": null, "g__Propionibacterium": 0.6866062132352524}