{"g__Anaerotruncus": 0.7954954954954956, "g__Angelakisella": 0.7921875, "g__Bittarella": 0.8, "g__CAG-115": 0.7848484848484849, "g__CAG-353": 0.7285714285714286, "g__D5": 0.7449541284403669, "g__Faecalibacterium": 0.7887260428410372, "g__Fournierella": 0.7950248756218905, "g__Gemmiger": 0.7903100775193799, "g__Massilimaliae": 0.8, "g__Massilioclostridium": 0.7285714285714286, "g__Negativibacillus": 0.7918699186991869, "g__Phocea": 0.8, "g__Pygmaiobacter": 0.7953271028037383, "g__QAMM01": 0.7875000000000001, "g__Ruminiclostridium_E": 0.7823677581863979, "g__Ruminococcus": 0.7528795811518325, "g__Ruminococcus_C": 0.7924585218702866, "g__Ruminococcus_D": 0.7733727810650888, "g__Ruminococcus_F": 0, "g__Ruthenibacterium": 0.8, "g__SFJ001": 0.7807692307692307, "g__UBA1394": 0.7351032448377581, "g__UBA1409": 0.7911504424778761, "g__UBA3818": 0.791304347826087, "g__UBA5884": 0.8, "g__UBA866": 0.7780219780219779, "g__UMGS1601": 0.7655172413793103, "g__UMGS1668": 0.7913793103448277, "g__UMGS1826": 0.788826815642458, "g__UMGS1889": 0.7843260188087775, "g__UMGS363": 0.7885931558935362, "g__UMGS599": 0.7491525423728813, "g__UMGS966": 0.7917355371900827}