{"g__Anaerotruncus": null, "g__Angelakisella": null, "g__Bittarella": null, "g__CAG-115": 0.7509146963613333, "g__CAG-353": 0.7020339095956236, "g__D5": null, "g__Faecalibacterium": 0.7715064642802336, "g__Fournierella": null, "g__Gemmiger": 0.7725717890730743, "g__Massilimaliae": null, "g__Massilioclostridium": null, "g__Negativibacillus": null, "g__Phocea": null, "g__Pygmaiobacter": null, "g__QAMM01": null, "g__Ruminiclostridium_E": 0.7500920273475251, "g__Ruminococcus": 0.7151155634177002, "g__Ruminococcus_C": 0.768246155989327, "g__Ruminococcus_D": 0.7345513877731542, "g__Ruminococcus_F": 0.0, "g__Ruthenibacterium": null, "g__SFJ001": null, "g__UBA1394": 0.6993628914266936, "g__UBA1409": 0.7604868680120838, "g__UBA3818": null, "g__UBA5884": null, "g__UBA866": null, "g__UMGS1601": null, "g__UMGS1668": null, "g__UMGS1826": null, "g__UMGS1889": null, "g__UMGS363": null, "g__UMGS599": null, "g__UMGS966": null}