{"g__Alistipes": 0.7835082458770615, "g__Alistipes_A": 0.7749999999999999, "g__Rikenella": 0.7689922480620155, "g__Tidjanibacter": 0.8}