{"g__Anaerotruncus": null, "g__Angelakisella": null, "g__Bittarella": null, "g__CAG-115": 0.7532246626148329, "g__CAG-353": 0.7139078686348947, "g__D5": null, "g__Faecalibacterium": 0.771177054873563, "g__Fournierella": null, "g__Gemmiger": 0.773702733806801, "g__Massilimaliae": null, "g__Massilioclostridium": null, "g__Negativibacillus": null, "g__Phocea": null, "g__Pygmaiobacter": null, "g__QAMM01": null, "g__Ruminiclostridium_E": 0.7498114619211227, "g__Ruminococcus": 0.7171202769775618, "g__Ruminococcus_C": 0.7684983581124014, "g__Ruminococcus_D": 0.7303878612174115, "g__Ruminococcus_F": 0.0, "g__Ruthenibacterium": null, "g__SFJ001": null, "g__UBA1394": 0.7019129217620896, "g__UBA1409": 0.7594597617630969, "g__UBA3818": null, "g__UBA5884": null, "g__UBA866": null, "g__UMGS1601": null, "g__UMGS1668": null, "g__UMGS1826": null, "g__UMGS1889": null, "g__UMGS363": null, "g__UMGS599": null, "g__UMGS966": null}