{"g__Alistipes": 0.7785096366694899, "g__Alistipes_A": 0.7670612542768918, "g__Rikenella": null, "g__Tidjanibacter": 0.6217303229862523}