{"g__CAG-115": 0.7532246626148329, "g__CAG-353": 0.7139078686348947, "g__Faecalibacterium": 0.771177054873563, "g__Gemmiger": 0.773702733806801, "g__Ruminiclostridium_E": 0.7498114619211227, "g__Ruminococcus": 0.7171202769775618, "g__Ruminococcus_C": 0.7684983581124014, "g__Ruminococcus_D": 0.7303878612174115, "g__Ruminococcus_F": 1, "g__UBA1409": 0.7594597617630969}