{"g__Alistipes": 0.7802297297042837, "g__Alistipes_A": 0.7644501654131219, "g__Rikenella": null, "g__Tidjanibacter": 0.5196689662344269}