{"g__Anaerobiospirillum": 0.7963737469573382, "g__Succinatimonas": 0.7834903002626159, "g__Succinivibrio": 0.7837837837837838, "g__WG-1": 0.7936083701482657}