{"g__Staphylococcus": 0.5252236964401857, "g__Staphylococcus_A": 0.3936616491368858}