{"g__Staphylococcus": 0.5008322870186117, "g__Staphylococcus_A": 0.3324279595234468}