{"g__CAG-1000": null, "g__CAG-1193": null, "g__CAG-302": 0.6577510457523703, "g__CAG-417": null, "g__CAG-433": null, "g__CAG-451": null, "g__CAG-460": null, "g__CAG-533": null, "g__CAG-582": null, "g__CAG-594": null, "g__CAG-605": 0.6137841766518384, "g__CAG-611": null, "g__CAG-628": null, "g__CAG-710": null, "g__CAG-762": null, "g__CAG-776": null, "g__CAG-822": null, "g__CAG-877": null, "g__CAG-878": null, "g__CAG-914": null, "g__CAG-988": 0.6686447075947832, "g__HGM10818": null, "g__RUG705": null, "g__UBA11963": null, "g__UBA3631": null, "g__UBA3789": null, "g__UBA5026": null, "g__UBA7057": 0.6093889989861756, "g__UMGS1045": null, "g__UMGS1124": null, "g__UMGS1217": null, "g__UMGS1449": null, "g__UMGS1572": null, "g__UMGS1611": null, "g__UMGS1613": null, "g__UMGS1648": null, "g__UMGS2016": null, "g__UMGS2068": null, "g__UMGS995": null}