{"g__CAG-1000": 0.7052631578947368, "g__CAG-1193": 0.7032258064516128, "g__CAG-302": 0.7036144578313253, "g__CAG-417": 0.8, "g__CAG-433": 0.7157894736842105, "g__CAG-451": 0.7012345679012346, "g__CAG-460": 0.703765690376569, "g__CAG-533": 0.7069767441860464, "g__CAG-582": 0.709090909090909, "g__CAG-594": 0.70625, "g__CAG-605": 0.7203539823008849, "g__CAG-611": 0.7428571428571429, "g__CAG-628": 0.7645390070921985, "g__CAG-710": 0.7375, "g__CAG-762": 0.8, "g__CAG-776": 0.7298245614035088, "g__CAG-822": 0.7137931034482758, "g__CAG-877": 0.7034090909090909, "g__CAG-878": 0.709090909090909, "g__CAG-914": 0.709090909090909, "g__CAG-988": 0.7749999999999999, "g__HGM10818": 0.8, "g__RUG705": 0.7047619047619047, "g__UBA11963": 0.70625, "g__UBA3631": 0.7130434782608694, "g__UBA3789": 0.7014084507042253, "g__UBA5026": 0.7026548672566371, "g__UBA7057": 0.7523809523809524, "g__UMGS1045": 0.7117647058823529, "g__UMGS1124": 0.7047619047619047, "g__UMGS1217": 0.7166666666666666, "g__UMGS1449": 0.709090909090909, "g__UMGS1572": 0.7041095890410958, "g__UMGS1611": 0.7032258064516128, "g__UMGS1613": 0.8, "g__UMGS1648": 0.7302325581395348, "g__UMGS2016": 0.8, "g__UMGS2068": 0.782142857142857, "g__UMGS995": 0.7166666666666666}