{"g__CAG-302": 0.6710619306066707, "g__CAG-605": 0.6137841766518384, "g__CAG-988": 0.6686447075947832, "g__UBA7057": 0.6093889989861756}