{"g__F0422": null, "g__Veillonella": 0.7806254125500087, "g__Veillonella_A": 0.7749459418546463}