{"s__51-20 sp001917175": 0.7785338375059467, "s__51-20 sp900539605": 0.7601856262790976, "s__51-20 sp900542055": null}