{"s__51-20 sp001917175": 0.7762286515701686, "s__51-20 sp900539605": 0.7554938201353492, "s__51-20 sp900542055": null}