{"s__Alistipes communis": 0.8, "s__Alistipes dispar": 0.7473684210526315, "s__Alistipes onderdonkii": 0.8, "s__Alistipes provencensis": 0, "s__Alistipes putredinis": 0.8, "s__Alistipes senegalensis": 0, "s__Alistipes shahii": 0, "s__Alistipes sp000434235": 0.7047619047619047, "s__Alistipes sp002358415": 0.7444444444444445, "s__Alistipes sp900021155": 0.7629629629629628, "s__Alistipes sp900290115": 0.7012345679012346, "s__Alistipes sp900541585": 0.709090909090909, "s__Alistipes sp900542505": 0.7166666666666666, "s__Alistipes sp900544265": 0.75, "s__Alistipes sp900546065": 0.8, "s__Alistipes sp900548155": 0.8, "s__Alistipes sp900549305": 0.7375, "s__Alistipes sp900550375": 0.7354838709677418, "s__Alistipes sp900550925": 0.8, "s__Alistipes sp900552955": 0.8, "s__Alistipes sp900553175": 0.7574468085106383, "s__Alistipes sp902363575": 0, "s__Alistipes timonensis": 0}