{"s__Agathobaculum butyriciproducens": 0.6191383315672017, "s__Agathobaculum desmolans": null, "s__Agathobaculum sp003481705": null, "s__Agathobaculum sp900291975": 0.6737690709848514, "s__Agathobaculum sp900544475": null, "s__Agathobaculum sp900555465": null, "s__Agathobaculum sp900557315": null}