{"s__Agathobaculum butyriciproducens": 0.6191383315672017, "s__Agathobaculum sp900291975": 0.6945250648531498}