{"s__Alistipes dispar": 0.6000505467048969, "s__Alistipes sp900541585": 0.5855610230431099, "s__Alistipes sp900550375": 0.6429720645282329}