{"s__Alistipes_A ihumii": 0.8, "s__Alistipes_A indistinctus": 0.8, "s__Alistipes_A sp900240235": 0.7885714285714285, "s__Alistipes_A sp900539755": 0.7047619047619047, "s__Alistipes_A sp900545315": 0.7183673469387755, "s__Alistipes_A sp900546005": 0.7733333333333334, "s__Alistipes_A sp900549685": 0.7811320754716982}