{"s__Alistipes_A ihumii": 0.6831036816295402, "s__Alistipes_A indistinctus": null, "s__Alistipes_A sp900240235": 0.7767960762607065, "s__Alistipes_A sp900539755": null, "s__Alistipes_A sp900545315": null, "s__Alistipes_A sp900546005": null, "s__Alistipes_A sp900549685": null}