{"s__Anaerotignum faecicola": 0.7999999999999778, "s__Anaerotignum sp001304995": 0.7872448971428572}