{"s__Alistipes communis": -0.01018526972198372, "s__Alistipes dispar": 0.6086947156251765, "s__Alistipes onderdonkii": 0.42268121259417596, "s__Alistipes provencensis": null, "s__Alistipes putredinis": null, "s__Alistipes senegalensis": null, "s__Alistipes shahii": null, "s__Alistipes sp000434235": null, "s__Alistipes sp002358415": null, "s__Alistipes sp900021155": null, "s__Alistipes sp900290115": null, "s__Alistipes sp900541585": null, "s__Alistipes sp900542505": null, "s__Alistipes sp900544265": null, "s__Alistipes sp900546065": null, "s__Alistipes sp900548155": null, "s__Alistipes sp900549305": null, "s__Alistipes sp900550375": null, "s__Alistipes sp900550925": null, "s__Alistipes sp900552955": null, "s__Alistipes sp900553175": null, "s__Alistipes sp902363575": null, "s__Alistipes timonensis": null}