{"s__Akkermansia sp001580195": 0.3226900804809589, "s__Akkermansia sp004167605": 0.33302056471058566, "s__Akkermansia sp900545155": null, "s__Akkermansia sp900548895": null}