{"s__Anaeromassilibacillus sp001305115": 0.7305555555555556, "s__Anaeromassilibacillus sp002159845": 0.7056603773584906}