{"s__Akkermansia sp001580195": 0.36884532711478896, "s__Akkermansia sp004167605": 0.3402007201210166, "s__Akkermansia sp900545155": null, "s__Akkermansia sp900548895": null}