{"s__Acidaminococcus intestini": 0, "s__Acidaminococcus massiliensis": 0, "s__Acidaminococcus provencensis": 0.8, "s__Acidaminococcus sp000437815": 0.7444444444444445, "s__Acidaminococcus sp900538365": 0.7878048780487805, "s__Acidaminococcus sp900554515": 0.8, "s__Acidaminococcus timonensis": 0.7393939393939395}