{"s__Alistipes communis": null, "s__Alistipes dispar": 0.5962324003601303, "s__Alistipes onderdonkii": null, "s__Alistipes provencensis": null, "s__Alistipes putredinis": null, "s__Alistipes senegalensis": null, "s__Alistipes shahii": null, "s__Alistipes sp000434235": null, "s__Alistipes sp002358415": null, "s__Alistipes sp900021155": null, "s__Alistipes sp900290115": null, "s__Alistipes sp900541585": 0.5086906910476445, "s__Alistipes sp900542505": null, "s__Alistipes sp900544265": null, "s__Alistipes sp900546065": null, "s__Alistipes sp900548155": null, "s__Alistipes sp900549305": null, "s__Alistipes sp900550375": 0.644660212079651, "s__Alistipes sp900550925": 0.5730477543263908, "s__Alistipes sp900552955": null, "s__Alistipes sp900553175": null, "s__Alistipes sp902363575": null, "s__Alistipes timonensis": null}