{"s__Anaeromassilibacillus sp001305115": 0.6461317450589159, "s__Anaeromassilibacillus sp002159845": 0.6108699459647573}