{"s__Alistipes_A ihumii": 0.7332090524055748, "s__Alistipes_A indistinctus": null, "s__Alistipes_A sp900240235": 0.7775666075685084, "s__Alistipes_A sp900539755": null, "s__Alistipes_A sp900545315": null, "s__Alistipes_A sp900546005": null, "s__Alistipes_A sp900549685": null}