{"s__": 0.7986622765170339, "s__Anaerotignum faecicola": 0.7385607997989148}