{"s__Barnesiella sp002159975": 0.7821451375371911, "s__Barnesiella sp900538705": 0.621617232978694}