{"s__Blautia coccoides": null, "s__Blautia hansenii": null, "s__Blautia hominis": null, "s__Blautia sp000432195": null, "s__Blautia sp001304935": null, "s__Blautia sp003287895": null, "s__Blautia sp900539145": 0.3364465733519331, "s__Blautia sp900541955": null, "s__Blautia sp900543715": null, "s__Blautia sp900547685": null, "s__Blautia sp900555025": null, "s__Blautia sp900556555": null, "s__Blautia stercoris": 0.6021983209675204}