{"s__Barnesiella intestinihominis": 0.8, "s__Barnesiella sp002159975": 0.7957264957264958, "s__Barnesiella sp003150885": 0.8, "s__Barnesiella sp900538555": 0.7434433478421543, "s__Barnesiella sp900538705": 0.7285714285714286, "s__Barnesiella sp900542255": 0.7847328244274809}