{"s__Barnesiella intestinihominis": null, "s__Barnesiella sp002159975": 0.7821451375371911, "s__Barnesiella sp003150885": null, "s__Barnesiella sp900538555": 0.7343585664722274, "s__Barnesiella sp900538705": 0.621617232978694, "s__Barnesiella sp900542255": null}