{"s__CAG-302 sp001916775": 0.45261978976839895, "s__CAG-302 sp900543825": 0.38818790381575524, "s__CAG-302 sp900548425": 0.6688134092104043, "s__CAG-302 sp900549325": 0.6844361467800157}