{"s__CAG-81 sp000435795": 0.7152542372881356, "s__CAG-81 sp900066785": 0.7056603773584906}