{"s__CAG-279 sp000437795": 0.6638045270051312, "s__CAG-279 sp900541555": null, "s__CAG-279 sp900541935": null, "s__CAG-279 sp900544305": 0.3255363812946909, "s__CAG-279 sp900548875": 0.41843290966126573, "s__CAG-279 sp900550025": null, "s__CAG-279 sp900556245": null}