{"s__CAG-110 sp000434635": 0.5372305610286963, "s__CAG-110 sp000435995": null, "s__CAG-110 sp003525905": 0.7575076154888896, "s__CAG-110 sp900540635": null, "s__CAG-110 sp900544405": null, "s__CAG-110 sp900544705": null, "s__CAG-110 sp900544945": 0.708346101766181, "s__CAG-110 sp900544975": 0.608036706932787, "s__CAG-110 sp900546075": null, "s__CAG-110 sp900546415": null, "s__CAG-110 sp900546915": null, "s__CAG-110 sp900547405": null, "s__CAG-110 sp900548795": null, "s__CAG-110 sp900549495": null, "s__CAG-110 sp900549705": null, "s__CAG-110 sp900551495": null, "s__CAG-110 sp900553805": null, "s__CAG-110 sp900554625": null, "s__CAG-110 sp900554705": null, "s__CAG-110 sp900556935": null}