{"s__Caecibacter hominis": 0.7308979776003826, "s__Caecibacter massiliensis": null, "s__Caecibacter sp003467125": 0.6348840855831166, "s__Caecibacter sp900549385": null}