{"s__CAG-313 sp000433035": null, "s__CAG-313 sp003539625": 0.6006816966674287, "s__CAG-313 sp900539265": 0.5374194237110219}