{"s__CAG-279 sp000437795": 0.8, "s__CAG-279 sp900541555": 0.8, "s__CAG-279 sp900541935": 0.7903846153846155, "s__CAG-279 sp900544305": 0.8, "s__CAG-279 sp900548875": 0.8, "s__CAG-279 sp900550025": 0.7426751592356688, "s__CAG-279 sp900556245": 0.7241379310344827}