{"s__": 0.7996463932107496, "s__CAG-345 sp000433315": 0.7333333333333334}