{"s__CAG-145 sp000435715": 0.5827778784294224, "s__CAG-145 sp900540145": null, "s__CAG-145 sp900542295": 0.7188690201219954, "s__CAG-145 sp900542565": null, "s__CAG-145 sp900545135": 0.6514295283234859}