{"s__CAG-1427 sp000431675": null, "s__CAG-1427 sp000434775": null, "s__CAG-1427 sp000435475": null, "s__CAG-1427 sp000435675": null, "s__CAG-1427 sp000436075": null, "s__CAG-1427 sp900538545": 0.41419939910815456, "s__CAG-1427 sp900539675": null, "s__CAG-1427 sp900540345": null, "s__CAG-1427 sp900542265": null, "s__CAG-1427 sp900542525": 0.1377968916874615, "s__CAG-1427 sp900544455": null, "s__CAG-1427 sp900546175": null, "s__CAG-1427 sp900547965": null, "s__CAG-1427 sp900548955": null, "s__CAG-1427 sp900551155": null, "s__CAG-1427 sp900553605": null, "s__CAG-1427 sp900554685": null, "s__CAG-1427 sp900555755": null, "s__CAG-1427 sp900556585": null}