{"s__CAG-488 sp000434055": 0.3340050016033686, "s__CAG-488 sp000434915": 0.5026007030671948, "s__CAG-488 sp900539465": null, "s__CAG-488 sp900554995": null}