{"s__CAG-177 sp000431775": 0.5950188720119276, "s__CAG-177 sp003514385": 0.3153390978889154, "s__CAG-177 sp003538135": 0.4175864979217498}