{"s__CAG-145 sp000435715": 0.5380359584892354, "s__CAG-145 sp900540145": null, "s__CAG-145 sp900542295": 0.6965609444500205, "s__CAG-145 sp900542565": null, "s__CAG-145 sp900545135": 0.6321338935800069}