{"s__": 0.7970282106193733, "s__CAG-495 sp000432275": 0.6110961923422702, "s__CAG-495 sp000436375": 0.7123145341688628, "s__CAG-495 sp001917125": 0.6654831435381394, "s__CAG-495 sp900538765": 0.6556044786016106}