{"s__CAG-495 sp000432275": 0.4662342720887687, "s__CAG-495 sp000436375": 0.6487038465004387, "s__CAG-495 sp001917125": 0.4847262261966801, "s__CAG-495 sp900538765": 0.3882375151575264, "s__CAG-495 sp900540425": 0.4981351219500982, "s__CAG-495 sp900551585": null}