{"s__CAG-882 sp000435595": 0.2760563886431998, "s__CAG-882 sp003486385": 0.32681030870281086, "s__CAG-882 sp900545175": null, "s__CAG-882 sp900545455": 0.5545579131598777}