{"s__": 0.7976465050600141, "s__CAG-313 sp000433035": 0.8, "s__CAG-313 sp003539625": 0.7375, "s__CAG-313 sp900539265": 0.7268292682926829}