{"s__CAG-81 sp000435795": 0.6612288499049164, "s__CAG-81 sp900066785": 0.43537467763676213}