{"s__CAG-495 sp000432275": 0.45933120604298167, "s__CAG-495 sp000436375": 0.6577078353001555, "s__CAG-495 sp001917125": 0.48871651067467897, "s__CAG-495 sp900538765": 0.36375344008519445, "s__CAG-495 sp900540425": 0.5170751697106248, "s__CAG-495 sp900551585": null}