{"s__CAG-521 sp000437635": null, "s__CAG-521 sp002329575": 0.2661266548525724, "s__CAG-521 sp900544345": null, "s__CAG-521 sp900545335": null, "s__CAG-521 sp900546995": 0.48444048193775685, "s__CAG-521 sp900553105": null, "s__CAG-521 sp900554675": null}