{"s__CAG-841 sp000437375": 0.7666666666666666, "s__CAG-841 sp002479075": 0.7482103763738641, "s__CAG-841 sp900544285": 0.7117647058823529}