{"s__CAG-521 sp000437635": null, "s__CAG-521 sp002329575": 0.2677832152819746, "s__CAG-521 sp900544345": null, "s__CAG-521 sp900545335": null, "s__CAG-521 sp900546995": 0.47698384881599826, "s__CAG-521 sp900553105": null, "s__CAG-521 sp900554675": 0.585094223912874}