{"s__CAG-302 sp000431795": null, "s__CAG-302 sp001916775": null, "s__CAG-302 sp900543825": 0.07346776624228074, "s__CAG-302 sp900548425": 0.0931373206002285, "s__CAG-302 sp900549325": 0.050420650990319116, "s__CAG-302 sp900554615": 0.34838482666179377}