{"s__CAG-180 sp000432435": 0.6610842119214717, "s__CAG-180 sp004556705": 0.7806370604920396, "s__CAG-180 sp900540295": null, "s__CAG-180 sp900545625": 0.7915285383189892}