{"s__CAG-307 sp001916215": 0.7852941176470589, "s__CAG-307 sp900547045": 0.7644874630962322}