{"s__CAG-488 sp000434055": 0.3562617908744629, "s__CAG-488 sp000434915": 0.5114344944257634, "s__CAG-488 sp900539465": 0.7206846871986956, "s__CAG-488 sp900554995": null}