{"s__CAG-81 sp000435795": 0.5876183654512857, "s__CAG-81 sp900066055": null, "s__CAG-81 sp900066535": null, "s__CAG-81 sp900066785": 0.43537467763676213, "s__CAG-81 sp900541255": null, "s__CAG-81 sp900556965": null}