{"s__CAG-485 sp000437495": 0.8, "s__CAG-485 sp001701295": 0.700990099009901, "s__CAG-485 sp002361235": 0.8, "s__CAG-485 sp002491165": 0.7621212121212122, "s__CAG-485 sp900541835": 0.78, "s__CAG-485 sp900542185": 0.8, "s__CAG-485 sp900547755": 0.7393939393939395, "s__CAG-485 sp900549375": 0.721875, "s__CAG-485 sp900550645": 0.7907407407407407, "s__CAG-485 sp900552315": 0.7591836734693878, "s__CAG-485 sp900554345": 0.7846938775510204, "s__CAG-485 sp900554845": 0.7068627450980391, "s__CAG-485 sp900555915": 0.7024390243902439, "s__CAG-485 sp900556595": 0.7629629629629628}