{"s__": 0.7990576039580635, "s__CAG-1427 sp000431675": 0.8, "s__CAG-1427 sp000434775": 0.7333333333333334, "s__CAG-1427 sp000435475": 0.8, "s__CAG-1427 sp000435675": 0, "s__CAG-1427 sp000436075": 0.8, "s__CAG-1427 sp900538545": 0.709090909090909, "s__CAG-1427 sp900539675": 0.709090909090909, "s__CAG-1427 sp900540345": 0.7411764705882353, "s__CAG-1427 sp900542265": 0.7629629629629628, "s__CAG-1427 sp900542525": 0.8, "s__CAG-1427 sp900544455": 0.8, "s__CAG-1427 sp900546175": 0.8, "s__CAG-1427 sp900547965": 0.8, "s__CAG-1427 sp900548955": 0.8, "s__CAG-1427 sp900551155": 0.8, "s__CAG-1427 sp900553605": 0.8, "s__CAG-1427 sp900554685": 0.7021739130434783, "s__CAG-1427 sp900555755": 0.7029126213592234, "s__CAG-1427 sp900556585": 0.7310344827586206}