{"s__CAG-81 sp000435795": 0.585828141894144, "s__CAG-81 sp900066055": null, "s__CAG-81 sp900066535": null, "s__CAG-81 sp900066785": 0.4098187051085897, "s__CAG-81 sp900541255": null, "s__CAG-81 sp900556965": null}