{"s__Dialister hominis": null, "s__Dialister sp000434475": 0.3184319751942232, "s__Dialister sp002320515": 0.4960311040311906, "s__Dialister sp900538805": 0.5510116876795894, "s__Dialister sp900541485": null, "s__Dialister sp900541605": 0.6778229615102405, "s__Dialister sp900543165": null, "s__Dialister sp900543455": null, "s__Dialister sp900545785": null, "s__Dialister sp900547785": null, "s__Dialister sp900555245": null, "s__Dialister sp900557365": null, "s__Dialister succinatiphilus": null}