{"s__Dysosmobacter sp000436875": null, "s__Dysosmobacter sp001916835": 0.3519516660439059, "s__Dysosmobacter sp900542115": null, "s__Dysosmobacter sp900544105": null, "s__Dysosmobacter sp900544615": null, "s__Dysosmobacter sp900544955": null, "s__Dysosmobacter sp900546705": null, "s__Dysosmobacter sp900548505": null, "s__Dysosmobacter sp900550685": null, "s__Dysosmobacter sp900551885": null, "s__Dysosmobacter sp900554425": null, "s__Dysosmobacter sp900556925": 0.6113775859354655, "s__Dysosmobacter welbionis": 0.5741543684176615}