{"s__Dialister hominis": 0.76, "s__Dialister sp000434475": 0.8, "s__Dialister sp002320515": 0.7041095890410958, "s__Dialister sp900538805": 0.70625, "s__Dialister sp900541485": 0.8, "s__Dialister sp900541605": 0.758904109589041, "s__Dialister sp900543165": 0.8, "s__Dialister sp900543455": 0.7333333333333334, "s__Dialister sp900545785": 0.7527559055118109, "s__Dialister sp900547785": 0.7285714285714286, "s__Dialister sp900555245": 0.7470198675496689, "s__Dialister sp900557365": 0.8, "s__Dialister succinatiphilus": 0}