{"s__Eubacterium_R sp000433975": 0.778723404255319, "s__Eubacterium_R sp000434995": 0.8, "s__Eubacterium_R sp000436835": 0.709090909090909, "s__Eubacterium_R sp003526845": 0.7444444444444445, "s__Eubacterium_R sp900539425": 0.7210526315789474, "s__Eubacterium_R sp900539775": 0.7333333333333334, "s__Eubacterium_R sp900540235": 0.7393939393939395, "s__Eubacterium_R sp900546785": 0.7558823529411764}