{"s__Eubacterium_G sp000432355": null, "s__Eubacterium_G sp000434315": 0.4117289111712455, "s__Eubacterium_G sp000435815": 0.15329750693226296, "s__Eubacterium_G sp900548465": null, "s__Eubacterium_G sp900550135": null, "s__Eubacterium_G sp900552275": null, "s__Eubacterium_G sp900556905": 0.28767341895603327, "s__Eubacterium_G ventriosum": 0.27963106860906123}