{"s__Eubacterium_F sp000433735": 0.6699206207444934, "s__Eubacterium_F sp000434115": 0.623384457073648, "s__Eubacterium_F sp003491505": 0.7127031059554498, "s__Eubacterium_F sp900539115": 0.4806372086777469}