{"s__ER4 sp000765235": 0.2110914357343205, "s__ER4 sp003522105": 0.3089284254156616, "s__ER4 sp900317525": 0.3723689450926562, "s__ER4 sp900546295": 0.13895110639053282, "s__ER4 sp900550165": null, "s__ER4 sp900552015": 0.09030719308917001, "s__ER4 sp900552375": null, "s__ER4 sp900556145": null}