{"s__Eubacterium_F sp000433735": 0.6841209586096655, "s__Eubacterium_F sp000434115": null, "s__Eubacterium_F sp003491505": 0.7176011942378588, "s__Eubacterium_F sp900539115": 0.49298680552068636}