{"s__Eubacterium_F sp000433735": 0.8, "s__Eubacterium_F sp003491505": 0.7333333333333334, "s__Eubacterium_F sp900539115": 0.7117647058823529}