{"s__Eubacterium_R coprostanoligenes": null, "s__Eubacterium_R sp000431535": null, "s__Eubacterium_R sp000433975": 0.6762012542553639, "s__Eubacterium_R sp000434995": 0.6315208861598798, "s__Eubacterium_R sp000436835": 0.35457134575426, "s__Eubacterium_R sp002493325": null, "s__Eubacterium_R sp003526845": 0.6461478312127664, "s__Eubacterium_R sp014465955": null, "s__Eubacterium_R sp900539165": null, "s__Eubacterium_R sp900539325": null, "s__Eubacterium_R sp900539425": 0.5929205148749688, "s__Eubacterium_R sp900539775": 0.6249531994356052, "s__Eubacterium_R sp900539845": null, "s__Eubacterium_R sp900540235": null, "s__Eubacterium_R sp900540305": null, "s__Eubacterium_R sp900542875": null, "s__Eubacterium_R sp900543795": null, "s__Eubacterium_R sp900544515": null, "s__Eubacterium_R sp900546785": null, "s__Eubacterium_R sp900547915": null, "s__Eubacterium_R sp900548085": null, "s__Eubacterium_R sp900555015": null}