{"s__Eubacterium_R sp000433975": 0.778723404255319, "s__Eubacterium_R sp000434995": 0.8, "s__Eubacterium_R sp000436835": 0.709090909090909, "s__Eubacterium_R sp003526845": 0.7444444444444445}