{"s__Eubacterium_R sp000433975": 0.6510525013137543, "s__Eubacterium_R sp000434995": 0.5971634409146838, "s__Eubacterium_R sp000436835": 0.40953774071647314, "s__Eubacterium_R sp003526845": 0.6553402976157365, "s__Eubacterium_R sp900539425": 0.6276134738669406, "s__Eubacterium_R sp900539775": 0.6521563683560032, "s__Eubacterium_R sp900540235": 0.7061864887964635, "s__Eubacterium_R sp900546785": 0.6833521903610087}