{"s__Faecalibacillus faecis": 0.23098551941976847, "s__Faecalibacillus intestinalis": null, "s__Faecalibacillus sp003480255": 0.5375935648979078, "s__Faecalibacillus sp900544435": null}