{"s__Faecalimonas phoceensis": null, "s__Faecalimonas sp000209385": null, "s__Faecalimonas sp900546325": 0.5936821861162811, "s__Faecalimonas sp900550235": null, "s__Faecalimonas sp900550975": null, "s__Faecalimonas sp900551895": 0.5943939180653546, "s__Faecalimonas sp900555395": null, "s__Faecalimonas sp900556835": null, "s__Faecalimonas umbilicata": null}