{"s__Faecalibacterium prausnitzii": null, "s__Faecalibacterium prausnitzii_C": null, "s__Faecalibacterium prausnitzii_D": null, "s__Faecalibacterium prausnitzii_H": 0.39351283732121795, "s__Faecalibacterium prausnitzii_I": 0.6049031997915295, "s__Faecalibacterium prausnitzii_M": null, "s__Faecalibacterium sp900539885": 0.20270067914049222, "s__Faecalibacterium sp900539945": 0.5197385170095266, "s__Faecalibacterium sp900540455": 0.6214930612323604, "s__Faecalibacterium sp900551435": null}