{"s__": 0.7918067655476577, "s__Faecalibacillus faecis": 0.7310344827586206, "s__Faecalibacillus intestinalis": 0.8, "s__Faecalibacillus sp003480255": 0.7183673469387755, "s__Faecalibacillus sp900544435": 0.7285714285714286}