{"s__Faecalimonas phoceensis": null, "s__Faecalimonas sp000209385": null, "s__Faecalimonas sp900546325": null, "s__Faecalimonas sp900550235": null, "s__Faecalimonas sp900550975": null, "s__Faecalimonas sp900551895": 0.6010216231847065, "s__Faecalimonas sp900555395": null, "s__Faecalimonas sp900556835": null, "s__Faecalimonas umbilicata": 0.22962267803186448}