{"s__Gemmiger formicilis": 0.8, "s__Gemmiger qucibialis": 0.7417989417989417, "s__Gemmiger sp004555405": 0.8, "s__Gemmiger sp900539695": 0.712280701754386, "s__Gemmiger sp900540595": 0.709090909090909, "s__Gemmiger sp900540775": 0.7493670886075949, "s__Gemmiger sp900545545": 0.7166666666666666, "s__Gemmiger sp900548355": 0.7863013698630137, "s__Gemmiger sp900554145": 0.7319727891156462, "s__Gemmiger sp900556255": 0.7280575539568346, "s__Gemmiger variabilis": 0, "s__Gemmiger variabilis_B": 0.7047619047619047}