{"s__Gemmiger formicilis": 0.6537788211079094, "s__Gemmiger qucibialis": 0.7223610418254833, "s__Gemmiger sp004555405": null, "s__Gemmiger sp900539695": 0.5583647557696845, "s__Gemmiger sp900540595": 0.5919399259766538, "s__Gemmiger sp900540775": 0.5995637282572037, "s__Gemmiger sp900545545": null, "s__Gemmiger sp900548355": null, "s__Gemmiger sp900554145": null, "s__Gemmiger sp900556255": null, "s__Gemmiger variabilis": null, "s__Gemmiger variabilis_B": null}