{"s__Gemmiger formicilis": 0.6255646117953737, "s__Gemmiger qucibialis": 0.7194590722919869, "s__Gemmiger sp004555405": null, "s__Gemmiger sp900539695": 0.5492796049957731, "s__Gemmiger sp900540595": 0.5811954469723328, "s__Gemmiger sp900540775": 0.5944530233480578, "s__Gemmiger sp900545545": null, "s__Gemmiger sp900548355": null, "s__Gemmiger sp900554145": null, "s__Gemmiger sp900556255": null, "s__Gemmiger variabilis": null, "s__Gemmiger variabilis_B": null}