{"s__Lachnospira eligens_A": null, "s__Lachnospira rogosae_A": 0.6169891884105494, "s__Lachnospira sp000436475": 0.5381503645688668, "s__Lachnospira sp000436535": 0.38440346585734836, "s__Lachnospira sp000437735": null, "s__Lachnospira sp003451515": 0.34002415961967863, "s__Lachnospira sp003537285": null, "s__Lachnospira sp900316325": 0.4166046648239606, "s__Lachnospira sp900545725": null, "s__Lachnospira sp900547255": null, "s__Lachnospira sp900551945": null, "s__Lachnospira sp900552795": null}