{"s__Lachnospira rogosae_A": 0.6187208784426357, "s__Lachnospira sp000436475": 0.5452671183908391, "s__Lachnospira sp000436535": 0.37094148240661956, "s__Lachnospira sp003451515": 0.6381946564094396, "s__Lachnospira sp900316325": 0.4249232702712524}