{"s__Lachnospira rogosae_A": 0.7285714285714286, "s__Lachnospira sp000436475": 0.7019607843137254, "s__Lachnospira sp000436535": 0.7714285714285714, "s__Lachnospira sp003451515": 0.8}