{"s__Ligilactobacillus animalis": null, "s__Ligilactobacillus murinus": 0.5978239874936535, "s__Ligilactobacillus ruminis": 0.5263949198130802, "s__Ligilactobacillus salivarius": 0.4085048678890902}