{"s__Limosilactobacillus antri": null, "s__Limosilactobacillus fermentum": 0.6533704149318091, "s__Limosilactobacillus reuteri_E": null, "s__Limosilactobacillus sp900557215": 0.4517770022338539, "s__Limosilactobacillus vaginalis_A": 0.4386537817022213}