{"s__Lachnospira eligens_A": null, "s__Lachnospira rogosae_A": 0.6187208784426357, "s__Lachnospira sp000436475": 0.5452671183908391, "s__Lachnospira sp000436535": 0.37094148240661956, "s__Lachnospira sp000437735": 0.712017068309686, "s__Lachnospira sp003451515": 0.3212421506795485, "s__Lachnospira sp003537285": null, "s__Lachnospira sp900316325": 0.4249232702712524, "s__Lachnospira sp900545725": null, "s__Lachnospira sp900547255": null, "s__Lachnospira sp900551945": null, "s__Lachnospira sp900552795": null}