{"s__Megasphaera massiliensis": 0.12687134894961444, "s__Megasphaera sp000417505": 0.5049796514155023, "s__Megasphaera sp002319965": 0.08648991618056501, "s__Megasphaera sp900539295": null, "s__Megasphaera sp900540735": null, "s__Megasphaera sp900548635": null, "s__Megasphaera sp900554215": 0.4294815879652621, "s__Megasphaera stantonii": 0.20841880057656603}