{"s__Megasphaera massiliensis": 0.1235682736382202, "s__Megasphaera sp000417505": 0.5056095953968933, "s__Megasphaera sp002319965": null, "s__Megasphaera sp900539295": null, "s__Megasphaera sp900540735": null, "s__Megasphaera sp900548635": null, "s__Megasphaera sp900554215": null, "s__Megasphaera stantonii": null}