{"s__Pauljensenia bouchesdurhonensis": null, "s__Pauljensenia polynesiensis": null, "s__Pauljensenia radingae_A": null, "s__Pauljensenia sp000308055": null, "s__Pauljensenia sp000411415": null, "s__Pauljensenia sp000758755": null, "s__Pauljensenia sp001064145": null, "s__Pauljensenia sp001838165": null, "s__Pauljensenia sp900541895": 0.39283459042826635, "s__Pauljensenia sp900554605": null, "s__Pauljensenia sp900556405": 0.37694455148696265}