{"s__Prevotellamassilia sp000437675": 0.8, "s__Prevotellamassilia sp900539625": 0.8, "s__Prevotellamassilia sp900540885": 0.7191176470588234, "s__Prevotellamassilia sp900541335": 0.7223300970873787, "s__Prevotellamassilia sp900541575": 0.7647058823529411, "s__Prevotellamassilia sp900542795": 0.705511811023622, "s__Prevotellamassilia sp900543155": 0.7026548672566371, "s__Prevotellamassilia sp900546605": 0.7528301886792452, "s__Prevotellamassilia sp900556465": 0.8, "s__Prevotellamassilia timonensis": 0.7814814814814814}