{"s__Prevotella copri": null, "s__Prevotella copri_A": null, "s__Prevotella hominis": null, "s__Prevotella lascolaii": null, "s__Prevotella multisaccharivorax": null, "s__Prevotella oralis": null, "s__Prevotella pectinovora": null, "s__Prevotella rara": null, "s__Prevotella salivae": null, "s__Prevotella sp000431975": null, "s__Prevotella sp000433175": null, "s__Prevotella sp000434975": 0.5554089240702809, "s__Prevotella sp000435635": null, "s__Prevotella sp000436035": null, "s__Prevotella sp000436595": null, "s__Prevotella sp000436695": null, "s__Prevotella sp000436915": null, "s__Prevotella sp002251295": null, "s__Prevotella sp002251365": null, "s__Prevotella sp002251385": null, "s__Prevotella sp002265625": 0.5977844271433566, "s__Prevotella sp002299635": null, "s__Prevotella sp002300055": null, "s__Prevotella sp002350355": null, "s__Prevotella sp002481295": null, "s__Prevotella sp003447235": 0.6432111000299121, "s__Prevotella sp900290275": 0.5181436129067929, "s__Prevotella sp900313215": null, "s__Prevotella sp900315955": null, "s__Prevotella sp900540375": null, "s__Prevotella sp900540415": null, "s__Prevotella sp900543585": null, "s__Prevotella sp900543975": null, "s__Prevotella sp900544495": -0.01680063284610145, "s__Prevotella sp900544825": null, "s__Prevotella sp900545525": null, "s__Prevotella sp900546345": null, "s__Prevotella sp900546535": null, "s__Prevotella sp900546575": null, "s__Prevotella sp900547005": null, "s__Prevotella sp900547085": null, "s__Prevotella sp900548195": null, "s__Prevotella sp900548535": null, "s__Prevotella sp900548585": null, "s__Prevotella sp900548745": null, "s__Prevotella sp900549175": null, "s__Prevotella sp900550035": null, "s__Prevotella sp900550365": null, "s__Prevotella sp900551055": null, "s__Prevotella sp900551275": null, "s__Prevotella sp900551985": null, "s__Prevotella sp900552515": null, "s__Prevotella sp900552675": null, "s__Prevotella sp900552965": null, "s__Prevotella sp900553155": null, "s__Prevotella sp900553465": null, "s__Prevotella sp900553595": null, "s__Prevotella sp900553965": null, "s__Prevotella sp900554045": null, "s__Prevotella sp900554545": null, "s__Prevotella sp900554695": null, "s__Prevotella sp900554835": null, "s__Prevotella sp900555035": null, "s__Prevotella sp900556275": null, "s__Prevotella sp900556395": null, "s__Prevotella sp900556795": null, "s__Prevotella sp900556825": null, "s__Prevotella sp900557035": null, "s__Prevotella sp900557255": null, "s__Prevotella sp900557405": null, "s__Prevotella stercorea": 0.417580234949765}