{"s__Prevotellamassilia sp000437675": 0.7256350991732083, "s__Prevotellamassilia sp900539625": 0.7735829111007602, "s__Prevotellamassilia sp900540885": 0.6541371727922811, "s__Prevotellamassilia sp900541335": null, "s__Prevotellamassilia sp900541575": null, "s__Prevotellamassilia sp900542795": 0.49908136881762616, "s__Prevotellamassilia sp900543155": null, "s__Prevotellamassilia sp900546605": null, "s__Prevotellamassilia sp900556465": null, "s__Prevotellamassilia timonensis": null}