{"s__Parasutterella excrementihominis": null, "s__Parasutterella sp000980495": 0.3765211331779002, "s__Parasutterella sp009767915": null, "s__Parasutterella sp900552195": 0.45986487419491645, "s__Parasutterella sp900554375": null}