{"s__Peptoniphilus_A grossensis": 0.5228344581785274, "s__Peptoniphilus_A lacydonensis": 0.5176554621577882, "s__Peptoniphilus_A sp900538655": 1}