{"s__": 0.7978751032935898, "s__Porphyromonas sp900538385": 0.7375, "s__Porphyromonas sp900539155": 0.7104477611940299, "s__Porphyromonas sp900539765": 0.8, "s__Porphyromonas sp900546675": 0.7166666666666666, "s__Porphyromonas sp900548415": 0.8, "s__Porphyromonas uenonis": 0.8}