{"s__Parasutterella excrementihominis": 0.34589528622336035, "s__Parasutterella sp000980495": 0.3697958833462442, "s__Parasutterella sp009767915": null, "s__Parasutterella sp900552195": null, "s__Parasutterella sp900554375": null}