{"s__Ruminococcus_E bromii": 0.5057748986997628, "s__Ruminococcus_E bromii_B": null, "s__Ruminococcus_E sp003438075": null, "s__Ruminococcus_E sp003526955": 0.3753615096310791, "s__Ruminococcus_E sp900314705": 0.7357244399885183, "s__Ruminococcus_E sp900543095": null}