{"s__Ruminococcus_D bicirculans": 0.5177996871675858, "s__Ruminococcus_D sp000434695": 0.7446339302915717, "s__Ruminococcus_D sp900539095": null, "s__Ruminococcus_D sp900539835": null, "s__Ruminococcus_D sp900543145": null}