{"s__Ruminococcus_E bromii": 0.5159932428984066, "s__Ruminococcus_E bromii_B": null, "s__Ruminococcus_E sp003438075": null, "s__Ruminococcus_E sp003526955": 0.381041742543662, "s__Ruminococcus_E sp900314705": null, "s__Ruminococcus_E sp900543095": null}