{"s__RC9 sp000431015": 0.7259259259259259, "s__RC9 sp000432515": 0.7137931034482758, "s__RC9 sp000432655": 0.711111111111111, "s__RC9 sp000433355": 0.8, "s__RC9 sp000434935": 0.7534883720930232, "s__RC9 sp000435075": 0.72, "s__RC9 sp001915575": 0.7765625, "s__RC9 sp900541925": 0.8, "s__RC9 sp900543205": 0.701639344262295, "s__RC9 sp900544195": 0.8, "s__RC9 sp900545245": 0.7080459770114942, "s__RC9 sp900546395": 0.7777777777777777, "s__RC9 sp900546445": 0.8, "s__RC9 sp900546925": 0.7761904761904761}