{"s__Ruminococcus_D bicirculans": 0.5419996967467913, "s__Ruminococcus_D sp000434695": 0.7606695977268434, "s__Ruminococcus_D sp900539095": 0.7072904240522875, "s__Ruminococcus_D sp900539835": null, "s__Ruminococcus_D sp900543145": null}