{"s__Ruminiclostridium_E siraeum": 0.22660700143877494, "s__Ruminiclostridium_E sp003512525": 0.5119834636907119, "s__Ruminiclostridium_E sp900539195": 0.32399322661848867}