{"s__Ruminiclostridium_E siraeum": 0.2157801339199652, "s__Ruminiclostridium_E sp003512525": 0.4634405007823112, "s__Ruminiclostridium_E sp900539195": 0.21182353205333804, "s__Ruminiclostridium_E sp900556525": null}