{"s__Ruminiclostridium_E siraeum": 0.22660700143877494, "s__Ruminiclostridium_E sp003512525": 0.4739513996188632, "s__Ruminiclostridium_E sp900539195": 0.21821740846850207, "s__Ruminiclostridium_E sp900556525": null}