{"s__Ruminococcus_C callidus": 0.6669528699539709, "s__Ruminococcus_C sp000433635": 0.728707193278838, "s__Ruminococcus_C sp000437175": null, "s__Ruminococcus_C sp000437255": null, "s__Ruminococcus_C sp000980705": null, "s__Ruminococcus_C sp900545285": 0.6748401541507993}