{"s__Succinivibrio sp000431835": 0.8, "s__Succinivibrio sp900548485": 0.7841037436126284, "s__Succinivibrio sp900552905": 0.7830508474576272, "s__Succinivibrio sp900555115": 0.8}