{"s__Sutterella parvirubra": null, "s__Sutterella sp900543805": 0.35738121494328173, "s__Sutterella sp900545275": null, "s__Sutterella wadsworthensis": 0.6573981965168476, "s__Sutterella wadsworthensis_A": null}