{"s__Senegalimassilia anaerobia": 0.8, "s__Senegalimassilia faecalis": 0.70625, "s__Senegalimassilia sp900550055": 0.7047619047619047}