{"s__Slackia_A isoflavoniconvertens": 0.7110339828405494, "s__Slackia_A piriformis": 0.5195621981367693, "s__Slackia_A sp900553655": null, "s__Slackia_A sp900553775": null, "s__Slackia_A sp900555495": null}