{"s__Succiniclasticum sp900314855": 0.7281045751633988, "s__Succiniclasticum sp900315805": 0.709090909090909, "s__Succiniclasticum sp900316935": 0.8, "s__Succiniclasticum sp900544275": 0.8}