{"s__Sutterella parvirubra": null, "s__Sutterella sp900543805": 0.35167171964518346, "s__Sutterella sp900545275": null, "s__Sutterella wadsworthensis": 0.6447818287641369, "s__Sutterella wadsworthensis_A": null}