{"s__": 0.7945863245851477, "s__Slackia_A isoflavoniconvertens": 0.74, "s__Slackia_A piriformis": 0, "s__Slackia_A sp900553655": 0.7029850746268658, "s__Slackia_A sp900553775": 0.7197080291970803, "s__Slackia_A sp900555495": 0.7032258064516128}