{"s__Sutterella parvirubra": 0.7769230769230768, "s__Sutterella sp900543805": 0.8, "s__Sutterella sp900545275": 0.8, "s__Sutterella wadsworthensis": 0.7354838709677418, "s__Sutterella wadsworthensis_A": 0.8}