{"s__TF01-11 sp000436755": null, "s__TF01-11 sp001414325": 0.5904022907111779, "s__TF01-11 sp001916135": 0.643405049971318, "s__TF01-11 sp003149875": null, "s__TF01-11 sp003524945": null, "s__TF01-11 sp003529475": 0.6352423367172104}