{"s__TF01-11 sp000436755": null, "s__TF01-11 sp001414325": 0.5819276208792532, "s__TF01-11 sp001916135": 0.6597707468205813, "s__TF01-11 sp003149875": null, "s__TF01-11 sp003524945": null, "s__TF01-11 sp003529475": 0.6258227470626965}