{"s__UBA9502 sp003478505": null, "s__UBA9502 sp003480315": null, "s__UBA9502 sp003506385": null, "s__UBA9502 sp900538475": 0.40620801803683143, "s__UBA9502 sp900540335": 0.6014452477724701, "s__UBA9502 sp900555625": null}