{"s__UBA11471 sp000434215": 0, "s__UBA11471 sp900542765": 0.7473684210526315, "s__UBA11471 sp900547555": 0.7272727272727273}