{"s__UMGS911 sp900545935": 0.7321342086896587, "s__UMGS911 sp900546695": 0.6840380060627076, "s__UMGS911 sp900557415": 0.7941131571894338}