{"s__UMGS1241 sp900540495": 0.7807692307692307, "s__UMGS1241 sp900549955": 0.7268292682926829, "s__UMGS1241 sp900550525": 0.7606712110724467}