{"s__UBA1191 sp900066305": null, "s__UBA1191 sp900542385": 0.7574310093390344, "s__UBA1191 sp900543485": null, "s__UBA1191 sp900545775": 0.7391154540686742, "s__UBA1191 sp900549125": 0.7575157355302062}