{"s__UBA1436 sp002329395": 0.7866304796835564, "s__UBA1436 sp900540405": 0.7839781739878269, "s__UBA1436 sp900541355": 0.7734301184378287}