{"s__UMGS911 sp900545935": 0.7473604211732228, "s__UMGS911 sp900546695": 0.7074074074074075, "s__UMGS911 sp900557415": 0.8}