{"s__Veillonella_A magna": 0.7641642724849966, "s__Veillonella_A sp000431435": 0.7553408829976578, "s__Veillonella_A sp900545795": null}