{"f__Actinomycetaceae": 0.7615384615384615, "f__Bifidobacteriaceae": 0.8, "f__Brevibacteriaceae": 0.8, "f__Cellulomonadaceae": 0.7285714285714286, "f__Dermabacteraceae": 0, "f__Dermatophilaceae": 0.7563293673600429, "f__Micrococcaceae": 0.8}