{"f__Bacteroidaceae": 0.7257541458810541, "f__Barnesiellaceae": 0.5459893935310864, "f__Coprobacteraceae": null, "f__Dysgonomonadaceae": 0.7054286846997146, "f__F082": null, "f__Marinifilaceae": 0.6736923357932825, "f__Muribaculaceae": 0.713331773511727, "f__P3": null, "f__Paludibacteraceae": null, "f__Porphyromonadaceae": 0.7667819402200322, "f__Rikenellaceae": 0.7446933078201312, "f__Tannerellaceae": 0.5975507619378888, "f__UBA11471": 0.5586846825777501, "f__UBA932": 0.6821035301808009}