{"f__Bacteroidaceae": 0.7284490768281304, "f__Barnesiellaceae": 0.6080955909401522, "f__Coprobacteraceae": null, "f__Dysgonomonadaceae": 0.7118038408797314, "f__F082": null, "f__Marinifilaceae": 0.6684157016498435, "f__Muribaculaceae": 0.7113160469037916, "f__P3": null, "f__Paludibacteraceae": null, "f__Porphyromonadaceae": 0.7541044456789596, "f__Rikenellaceae": 0.754258035186784, "f__Tannerellaceae": 0.5971297072916892, "f__UBA11471": 0.43425215883682894, "f__UBA932": 0.690220047273232}