{"f__Bacteroidaceae": 0.7258589313240089, "f__Barnesiellaceae": 0.5353392085003001, "f__Coprobacteraceae": null, "f__Dysgonomonadaceae": 0.7056083317570654, "f__F082": null, "f__Marinifilaceae": 0.6780188902228135, "f__Muribaculaceae": 0.718440740428091, "f__P3": null, "f__Paludibacteraceae": null, "f__Porphyromonadaceae": 0.7641607775200054, "f__Rikenellaceae": 0.7490173071425583, "f__Tannerellaceae": 0.6013209548602807, "f__UBA11471": 0.5670945466738784, "f__UBA932": 0.684979962312537}