{"f__Bacteroidaceae": 0.7428152555122713, "f__Barnesiellaceae": 0.7393939393939395, "f__Coprobacteraceae": 0.7189189189189189, "f__Dysgonomonadaceae": 0.730506723442335, "f__F082": 0.7873417721518987, "f__Marinifilaceae": 0.75, "f__Muribaculaceae": 0.7508196721311475, "f__P3": 0.8, "f__Paludibacteraceae": 0.7411764705882353, "f__Porphyromonadaceae": 0.8, "f__Rikenellaceae": 0.7769585253456222, "f__Tannerellaceae": 0.7086021505376343, "f__UBA11471": 0.7166666666666666, "f__UBA932": 0.753125}