{"f__Burkholderiaceae": 0.7965312190287412, "f__Neisseriaceae": 0.8, "f__Rhodocyclaceae": 0.7894736842105263}