{"f__Borkfalkiaceae": 0.7870049338687539, "f__CAG-138": 0.7782884868415716, "f__CAG-314": 0.7698946984417228, "f__CAG-552": null, "f__CAG-74": null, "f__CAG-917": 0.7874106206382696, "f__Christensenellaceae": 0.7689074067573018, "f__GCA-900066905": null, "f__QALW01": 0.7766077364984803, "f__QAND01": null, "f__UBA1242": null, "f__UBA1750": null, "f__UMGS416": null}