{"f__Borkfalkiaceae": 0.7870049338687539, "f__CAG-138": 0.7782884868415716, "f__CAG-314": 0.7698946984417228, "f__CAG-917": 0.7874106206382696}