{"f__Borkfalkiaceae": 0.7924985574148875, "f__CAG-138": 0.7894806048652203, "f__CAG-314": 0.7904030710172745, "f__CAG-552": 0.78125, "f__CAG-74": 0.7954853273137696, "f__CAG-917": 0.7929078014184396, "f__Christensenellaceae": 0.7953488372093023, "f__GCA-900066905": 0.8, "f__QALW01": 0.7899425287356321, "f__QAND01": 0.7859154929577465, "f__UBA1242": 0.7986033519553073, "f__UBA1750": 0.7921875, "f__UMGS416": 0.788520931894169}