{"f__Atopobiaceae": 0.6364549770894208, "f__Coriobacteriaceae": 0.786344662388905, "f__Eggerthellaceae": 0.7241150880044183, "f__QAMH01": null, "f__UMGS124": 0.5278593170348509}