{"f__Borkfalkiaceae": 0.7872771360266813, "f__CAG-138": 0.7773473723286117, "f__CAG-314": 0.7673204781324354, "f__CAG-552": null, "f__CAG-74": 0.7916488129462691, "f__CAG-917": 0.7877672366251565, "f__Christensenellaceae": null, "f__GCA-900066905": null, "f__QALW01": null, "f__QAND01": null, "f__UBA1242": null, "f__UBA1750": null, "f__UMGS416": null}