{"f__Atopobiaceae": 0.6512537877684836, "f__Coriobacteriaceae": 0.7871816669473777, "f__Eggerthellaceae": 0.7249609122642329, "f__QAMH01": null, "f__UMGS124": 0.5357714530232973}