{"f__Atopobiaceae": 0.7615384615384615, "f__Coriobacteriaceae": 0.7916268074082815, "f__Eggerthellaceae": 0.7538461538461538, "f__QAMH01": 0.8, "f__UMGS124": 0.709090909090909}