{"f__Aeromonadaceae": null, "f__Enterobacteriaceae": 0.799304823140859, "f__Succinivibrionaceae": 0.7957729496929817}