{"f__Erysipelatoclostridiaceae": 0.7738998943963595, "f__Erysipelotrichaceae": 0.7603689439824486}