{"f__Erysipelatoclostridiaceae": 0.767641590611976, "f__Erysipelotrichaceae": 0.7521683683439491}