{"f__Aeromonadaceae": null, "f__Enterobacteriaceae": 0.7991673174501319, "f__Succinivibrionaceae": 0.7963869141167352}