{"f__Erysipelatoclostridiaceae": 0.7663438223451462, "f__Erysipelotrichaceae": 0.7521918878456826}