{"f__Fusobacteriaceae": 0.798611648685235, "f__Leptotrichiaceae": 0.7743589743589743}