{"f__Aerococcaceae": null, "f__Enterococcaceae": 0.7547368615396939, "f__Lactobacillaceae": 0.7741074020917758, "f__Listeriaceae": null, "f__Streptococcaceae": 0.7656394940717894}