{"f__Anaerotignaceae": 0.7677102410514649, "f__CAG-274": 0.7684994640561547, "f__Lachnospiraceae": 0.7979656145677363}