{"f__Anaerotignaceae": 0.7677102410514649, "f__CAG-274": null, "f__Cellulosilyticaceae": null, "f__Lachnospiraceae": 0.7979656145677363}