{"f__Aerococcaceae": null, "f__Enterococcaceae": 0.7515217552448685, "f__Lactobacillaceae": 0.7735032272589824, "f__Listeriaceae": null, "f__Streptococcaceae": 0.7660782275387934}