{"f__Anaerotignaceae": 0.7004252424975239, "f__CAG-274": null, "f__Cellulosilyticaceae": null, "f__Lachnospiraceae": 0.7939543930689554}