{"f__Anaerotignaceae": 0.7923780487804879, "f__CAG-274": 0.7808219178082192, "f__Cellulosilyticaceae": 0.7863325740318907, "f__Lachnospiraceae": 0.798511998986893}