{"f__Anaerotignaceae": 0.7674635173267566, "f__CAG-274": null, "f__Cellulosilyticaceae": null, "f__Lachnospiraceae": 0.7979885509614089}