{"f__Acutalibacteraceae": 0.6648407395506142, "f__Butyricicoccaceae": 0.6013525357385399, "f__CAG-272": 0.6314327916034461, "f__CAG-382": 0.5376762171519058, "f__Oscillospiraceae": 0.7355852599202919, "f__QAMX01": 0.6676535774779664, "f__Ruminococcaceae": 0.6915980262983066, "f__UBA644": 0.7192462173208936, "f__UMGS1783": 0.6468618459937918}