{"f__Acutalibacteraceae": 0.6509504199641512, "f__Butyricicoccaceae": 0.6025941229088165, "f__CAG-272": 0.642325111669281, "f__Oscillospiraceae": 0.7358207782863111, "f__Ruminococcaceae": 0.6852614522619924}