{"f__Acutalibacteraceae": 0.659162584340238, "f__Butyricicoccaceae": 0.5903090971307754, "f__CAG-272": 0.6500435014751353, "f__CAG-382": null, "f__Oscillospiraceae": 0.7373381726894712, "f__QAMX01": null, "f__Ruminococcaceae": 0.6832846855406325, "f__UBA644": null, "f__UMGS1783": null}