{"f__Anaerovoracaceae": 0.7977066901164291, "f__Peptostreptococcaceae": 0.79825345107154}