{"f__CAG-288": 0.7671901462777577, "f__CAG-449": null, "f__CAG-631": 0.7532458209177482, "f__CAG-826": 0.764883336060012}