{"f__CAG-239": 0.7990842490842491, "f__CAG-977": 0.7975699094902498}