{"f__CAG-288": 0.7815303430079155, "f__CAG-449": 0.7814126394052046, "f__CAG-631": 0.8, "f__CAG-826": 0.7714235368960729}