{"f__CAG-288": null, "f__CAG-449": null, "f__CAG-631": 0.7685906165309482, "f__CAG-826": 0.7652031647982886}