{"f__CAG-288": 0.7638450251367841, "f__CAG-449": null, "f__CAG-631": 0.7642190007465157, "f__CAG-826": 0.767091680538674}