{"f__Peptoniphilaceae": 0.7860274638279994, "f__Sedimentibacteraceae": null, "f__Sporanaerobacteraceae": 0.6391820483441413, "f__Tepidimicrobiaceae": null, "f__Tissierellaceae": 0.7160470220866577}