{"f__Dialisteraceae": 0.7930319380403559, "f__Megasphaeraceae": 0.7932104752667313, "f__Negativicoccaceae": 0.7873417721518987, "f__Veillonellaceae": 0.7963021658742737}