{"f__Dialisteraceae": 0.791030265248434, "f__Megasphaeraceae": 0.7907376339732879, "f__Negativicoccaceae": null, "f__Veillonellaceae": 0.7938927947957131}