{"f__Dialisteraceae": 0.7904866111196798, "f__Megasphaeraceae": 0.7913795865474738, "f__Negativicoccaceae": null, "f__Veillonellaceae": 0.7934574463262756}