{"c__Actinomycetia": 0.7900966822785673, "c__Coriobacteriia": 0.7990599655966326}