{"c__Actinomycetia": 0.7785407725321889, "c__Coriobacteriia": 0.7982712011709574}