{"c__Actinomycetia": 0.6113072050363786, "c__Coriobacteriia": 0.7786669961708408}