{"c__Actinomycetia": 0.6042535047408113, "c__Coriobacteriia": 0.7803839147408265}