{"c__Clostridia": 0.7878534046825778, "c__Clostridia_A": 0.7448142400107169}