{"c__Clostridia": 0.7597791040137152, "c__Clostridia_A": 0.6198665722939165}