{"c__Clostridia": 0.7588093948168677, "c__Clostridia_A": 0.611846467371707}