{"c__Alphaproteobacteria": 0.7944277348566064, "c__Gammaproteobacteria": 0.7985474499677212}