{"c__Alphaproteobacteria": 0.7929151959702918, "c__Gammaproteobacteria": 0.7980161553467484}