{"c__Alphaproteobacteria": 0.7927618714850766, "c__Gammaproteobacteria": 0.7980327792672148}