{"c__Kiritimatiellae": 0.8, "c__Lentisphaeria": 0.7984551769562827, "c__Verrucomicrobiae": 0.7991273996509598}