{"o__Actinomycetales": 0.6979884360052586, "o__Bifidobacteriales": 0.6719871544948566, "o__Corynebacteriales": 0.5812067947761959, "o__Geodermatophilales": 0.9, "o__Micrococcales": 0.6560819871971608, "o__Propionibacteriales": 0.5546331887000959, "o__Streptomycetales": 0.5749126556799589, "o__Coriobacteriales": 0.6979241891700569}