{"o__Actinomycetales": 0.771320668448582, "o__Bifidobacteriales": 0.7624094164229613, "o__Corynebacteriales": 0.691206794776196, "o__Geodermatophilales": 0.9, "o__Micrococcales": 0.7660819871971607, "o__Propionibacteriales": 0.664633188700096, "o__Streptomycetales": 0.684912655679959}