{"o__Bacillales": 0.6964776888389606, "o__Lactobacillales": 0.6988683071805419}