{"o__Bacillales": 0.80545253402088, "o__Lactobacillales": 0.8097234077156654}