{"o__Bacillales": 0.6954525340208801, "o__Lactobacillales": 0.6997234077156655}