{"o__Aeromonadales": 0.6892857897229945, "o__Enterobacterales": 0.6975163207875617, "o__Pseudomonadales": 0.6817470141834625}