{"o__Aeromonadales": 0.7992857897229946, "o__Enterobacterales": 0.8075163207875617, "o__Pseudomonadales": 0.7917470141834626}