{"o__Acidaminococcales": 0.7638196059172397, "o__Selenomonadales": 0.7879168543186874, "o__Veillonellales": 0.7889379549878281}