{"p__Actinobacteria": 0.6919209477029302, "p__Bacteroidetes": 0.6960497788884246, "p__Firmicutes": 0.6939400024818585, "p__Fusobacteria": 0.6977047499700906, "p__Proteobacteria": 0.6883021516604655, "p__Spirochaeates": 0.6765904959187374, "p__Verrucomicrobia": 0.6793100331488338}