{"p__Actinobacteria": 0.6919209477029302, "p__Bacteroidetes": 0.6960497788884246, "p__Firmicutes": 0.6957775785730222, "p__Fusobacteria": 0.6951901098487621, "p__Proteobacteria": 0.6856370503350533, "p__Spirochaeates": 0.6765904959187374, "p__Verrucomicrobia": 0.6691982202021236, "p__Spirochaetes": 0.6753631547736381, "p__Tenericutes": 0.6785406595100694}