{"g__Anaerosporobacter": 0.7652491105899506, "g__Anaerostipes": 0.5300159662361006, "g__Blautia": 0.7618831304558558, "g__Butyrivibrio": 0.7233481537150519, "g__Coprococcus": 0.7479977598473442, "g__Dorea": 0.7115027235842888, "g__Lachnobacterium": 0.717957310821056, "g__Lachnoclostridium": 0.5690524342213654, "g__Lachnospira": 0.7922450114532509, "g__Marvinbryantia": 0.6353546926017097, "g__Pseudobutyrivibrio": 0.7095315037897667, "g__Robinsoniella": 0.7714859709278119, "g__Roseburia": 0.7502141573545118, "g__Ruminococcus": 0.7430238862770262}