{"s__Agathobacter faecis": 0.81625, "s__Agathobacter rectalis": 0.8511764705882353, "s__Agathobacter ruminis": 0.91, "s__Agathobacter sp000434275": 0.91, "s__Agathobacter sp002474415": 0.91, "s__Agathobacter sp900316805": 0.91, "s__Agathobacter sp900317585": 0.8147619047619048, "s__Agathobacter sp900543445": 0.91, "s__Agathobacter sp900546625": 0.8266666666666667, "s__Agathobacter sp900547695": 0.8266666666666667, "s__Agathobacter sp900548765": 0.91, "s__Agathobacter sp900549895": 0.91, "s__Agathobacter sp900550545": 0.835925925925926, "s__Agathobacter sp900550845": 0.91, "s__Agathobacter sp900552085": 0.8715384615384616, "s__Agathobacter sp900557055": 0.8573684210526316}