{"s__CAG-127 sp002369325": 0.91, "s__CAG-127 sp002404515": 0.8385714285714286, "s__CAG-127 sp002431865": 0.91, "s__CAG-127 sp002476495": 0.91, "s__CAG-127 sp002493625": 0.91, "s__CAG-127 sp900319515": 0.8493939393939395, "s__CAG-127 sp900321145": 0.91, "s__CAG-127 sp900539705": 0.91, "s__CAG-127 sp900553925": 0.91}