{"s__CAG-603 sp900066105": 0.8814285714285715, "s__CAG-603 sp900110975": 0.91, "s__CAG-603 sp900314525": 0.91, "s__CAG-603 sp900314555": 0.8330769230769232, "s__CAG-603 sp900315425": 0.91, "s__CAG-603 sp900321855": 0.91}