{"s__Eubacterium_F sp000433735": 0.91, "s__Eubacterium_F sp000434115": 0.91, "s__Eubacterium_F sp000687695": 0.8330769230769232, "s__Eubacterium_F sp002362575": 0.91, "s__Eubacterium_F sp002431395": 0.8230434782608695, "s__Eubacterium_F sp002435545": 0.91, "s__Eubacterium_F sp002490465": 0.91, "s__Eubacterium_F sp003453515": 0.91, "s__Eubacterium_F sp003491505": 0.91, "s__Eubacterium_F sp900318295": 0.91, "s__Eubacterium_F sp900319095": 0.91, "s__Eubacterium_F sp900539115": 0.87, "s__Eubacterium_F xylanophilum": 0.91}