{"s__Faecalimonas nexilis": 0.828918918918919, "s__Faecalimonas sp900316755": 0.91, "s__Faecalimonas sp900546325": 0.8645454545454546, "s__Faecalimonas sp900550235": 0.91, "s__Faecalimonas sp900550975": 0.8623809523809524, "s__Faecalimonas sp900551895": 0.8665217391304348, "s__Faecalimonas sp900555395": 0.91, "s__Faecalimonas sp900556835": 0.91, "s__Faecalimonas umbilicata": 0.8805882352941177}