{"s__Phocaeicola abscessus": 0.91, "s__Phocaeicola barnesiae": 0.885, "s__Phocaeicola coprocola": 0.91, "s__Phocaeicola coprophilus": 0.91, "s__Phocaeicola dorei": 0.8300000000000001, "s__Phocaeicola ilei": 0.91, "s__Phocaeicola massiliensis": 0.91, "s__Phocaeicola mediterraneensis": 0.821764705882353, "s__Phocaeicola paurosaccharolyticus": 0.91, "s__Phocaeicola plebeius": 0.91, "s__Phocaeicola plebeius_A": 0.91, "s__Phocaeicola plebeius_B": 0.91, "s__Phocaeicola salanitronis": 0.8665217391304348, "s__Phocaeicola sartorii": 0.8310526315789474, "s__Phocaeicola sp000432735": 0.87875, "s__Phocaeicola sp000434735": 0.8822222222222222, "s__Phocaeicola sp000436795": 0.8805882352941177, "s__Phocaeicola sp002161565": 0.91, "s__Phocaeicola sp002161765": 0.91, "s__Phocaeicola sp002315285": 0.91, "s__Phocaeicola sp002493165": 0.91, "s__Phocaeicola sp900066445": 0.91, "s__Phocaeicola sp900066455": 0.8242857142857143, "s__Phocaeicola sp900540105": 0.91, "s__Phocaeicola sp900541515": 0.91, "s__Phocaeicola sp900542985": 0.91, "s__Phocaeicola sp900544075": 0.91, "s__Phocaeicola sp900544675": 0.91, "s__Phocaeicola sp900546095": 0.91, "s__Phocaeicola sp900546355": 0.91, "s__Phocaeicola sp900546645": 0.91, "s__Phocaeicola sp900551065": 0.8190909090909091, "s__Phocaeicola sp900551445": 0.8645454545454546, "s__Phocaeicola sp900551645": 0.91, "s__Phocaeicola sp900552075": 0.8330769230769232, "s__Phocaeicola sp900552645": 0.91, "s__Phocaeicola sp900553185": 0.91, "s__Phocaeicola sp900553715": 0.91, "s__Phocaeicola sp900554435": 0.91, "s__Phocaeicola sp900556845": 0.91, "s__Phocaeicola sp900557085": 0.8645454545454546, "s__Phocaeicola vulgatus": 0.8433333333333334}