{"s__Spiro-10 sp001604385": 0.8683333333333334, "s__Spiro-10 sp001604405": 0.91, "s__Spiro-10 sp003245785": 0.8266666666666667, "s__Spiro-10 sp003246335": 0.91, "s__Spiro-10 sp003246765": 0.91, "s__Spiro-10 sp003252395": 0.91, "s__Spiro-10 sp004294945": 0.91}