{"f__Actinomycetaceae": 0.7504548571107481, "f__Brevibacteriaceae": 0.6717148523908485, "f__Corynebacteriaceae": 0.7965373915191516, "f__Micrococcaceae": 0.5743379078613018, "f__Propionibacteriaceae": 0.7890116926484061, "f__Streptomycetaceae": 0.6121485348539599}