{"f__Actinomycetaceae": 0.583835058532236, "f__Brevibacteriaceae": 0.6353565758021775, "f__Corynebacteriaceae": 0.6503381100677927, "f__Micrococcaceae": 0.5347034752177966, "f__Propionibacteriaceae": 0.623531395732396, "f__Streptomycetaceae": 0.5695710310842501}