{"f__Bacteroidaceae": 0.6846233041744039, "f__Porphyromonadaceae": 0.6827565362059314, "f__Prevotellaceae": 0.6743986451600403, "f__Rikenellaceae": 0.6680953695796492}