{"f__Bacillaceae": 0.6964229814679477, "f__Listeriaceae": 0.4271212925921048, "f__Paenibacillaceae": 0.6742312849589287, "f__Staphylococcaceae": 0.697733579995987, "f__Exiguobacterium": 0.5782614096571539, "f__Gemella": 0.4258052097414628}