{"f__Bacillaceae": 0.7990710553034128, "f__Listeriaceae": 0.7996106187180141, "f__Paenibacillaceae": 0.8088599286503559, "f__Staphylococcaceae": 0.805035038980147}