{"f__Alcaligenaceae": 0.7243723587371413, "f__Burkholderiaceae": 0.81, "f__Oxalobacteraceae": 0.81, "f__Sutterellaceae": 0.8067096720675007}