{"f__Campylobacteraceae": 0.7999999999999778, "f__Helicobacteraceae": 0.7848484848484849}