{"f__Clostridiales Family XI": 0.752772113393614, "f__Eubacteriaceae": 0.6362838320779756, "f__Lachnospiraceae": 0.771937361817447, "f__Oscillospiraceae": 0.7637675826111074, "f__Peptococcaceae": 0.6491123047920855, "f__Peptostreptococcaceae": 0.745289205297774, "f__Ruminococcaceae": 0.7648430331019247}