{"f__Carnobacteriaceae": 0.6733461194122001, "f__Enterococcaceae": 0.6851368843067409, "f__Lactobacillaceae": 0.6883670246612716, "f__Leuconostocaceae": 0.6689445097063502, "f__Streptococcaceae": 0.6900014898958857}