{"f__Carnobacteriaceae": 0.25040167952276615, "f__Enterococcaceae": 0.7053018760517293, "f__Lactobacillaceae": 0.7064586325441691, "f__Leuconostocaceae": 0.6621001698289972, "f__Streptococcaceae": 0.7410112413189038}