{"f__Carnobacteriaceae": 0.7833461194122002, "f__Enterococcaceae": 0.7951368843067408, "f__Lactobacillaceae": 0.7983670246612715, "f__Leuconostocaceae": 0.7789445097063503, "f__Streptococcaceae": 0.8000014898958858}