{"f__Carnobacteriaceae": 0.7733461194122002, "f__Enterococcaceae": 0.7851368843067408, "f__Lactobacillaceae": 0.7883670246612715, "f__Leuconostocaceae": 0.7689445097063503, "f__Streptococcaceae": 0.7900014898958858}