{"f__Selenomonadaceae": 0.7773913043478058, "f__Sporomusaceae": 0.81, "f__Acidaminococcaceae": 0.7875288558134264, "f__Veillonellaceae": 0.7850292356959725}