{"c__Actinobacteria": 0.8082111976064448, "c__Coriobacteriia": 0.806937272614046}