{"c__Bacilli": 0.8012909829214612, "c__Clostridia": 0.8005130051785252, "c__Erysipelotrichia": 0.49440411042298676, "c__Negativicutes": 0.7810767377786969, "c__Tissierellia": 0.7897775407191927}