{"c__Bacilli": 0.6884347413672212, "c__Clostridia": 0.6965558394711546, "c__Erysipelotrichia": 0.3844041104229868, "c__Negativicutes": 0.6818812473002236, "c__Tissierellia": 0.6797775407191926}