{"c__Bacilli": 0.6912909829214613, "c__Clostridia": 0.6905130051785253, "c__Erysipelotrichia": 0.3844041104229868, "c__Negativicutes": 0.6710767377786968, "c__Tissierellia": 0.6797775407191926}