{"c__Alphaproteobacteria": 0.6313250461663116, "c__Betaproteobacteria": 0.6929190520543347, "c__Deltaproteobacteria": 0.6903492469226855, "c__Epsilonproteobacteria": 0.699999999675158, "c__Gammaproteobacteria": 0.6989172952696523}