{"c__Alphaproteobacteria": 0.7313250461663114, "c__Betaproteobacteria": 0.7929190520543345, "c__Deltaproteobacteria": 0.7903492469226856, "c__Epsilonproteobacteria": 0.7999999996751581, "c__Gammaproteobacteria": 0.7989172952696522}