{"c__Alphaproteobacteria": 0.6691251076405675, "c__Betaproteobacteria": 0.6914539349027193, "c__Deltaproteobacteria": 0.6863455910189491, "c__Epsilonproteobacteria": 0.6874504172984501, "c__Gammaproteobacteria": 0.698742370353137}