{"c__Alphaproteobacteria": 0.7791251076405676, "c__Betaproteobacteria": 0.8014539349027194, "c__Deltaproteobacteria": 0.796345591018949, "c__Epsilonproteobacteria": 0.79745041729845, "c__Gammaproteobacteria": 0.8087423703531369}