{"g__Acidaminococcus": 0.7969800522714898, "g__JAAYAE01": null, "g__JAAYIB01": null, "g__Phascolarctobacterium": null, "g__Phascolarctobacterium_A": null, "g__RZYP01": 0.7972608562594246, "g__Succiniclasticum": 0.7346413780589149}