{"g__Atopobium": null, "g__CACXFF01": null, "g__CACZNT01": null, "g__CADAUA01": 0.788952901669939, "g__CADBMC01": null, "g__Fannyhessea": null, "g__Lancefieldella": null, "g__NM07-P-09": null, "g__Olegusella": 0.7264653967140191, "g__Olsenella": 0.7474530445316641, "g__Olsenella_B": null, "g__Olsenella_D": null, "g__Olsenella_E": null, "g__Parolsenella": null, "g__RUG440": 0.7336579390059821, "g__RUG721": 0.7977496884540649, "g__UBA1367": 0.7948246251434634, "g__UBA7741": 0.7471281705610777, "g__UBA7748": null, "g__UMGS1418": null}