{"g__DUPM01": null, "g__Firm-13": null, "g__Firm-16": 0.7278418631809136, "g__JAAYCT01": null, "g__Saccharofermentans": 0.7970237310946857}