{"s__Clostridium_R aminophilum": null, "s__Clostridium_R aminophilum_A": null, "s__Clostridium_R sp003445895": null, "s__Clostridium_R sp900321355": 0.7685593098574948, "s__Clostridium_R sp900321915": 0.7811142411430838}