{"s__CAG-791 sp000431495": null, "s__CAG-791 sp002353635": null, "s__CAG-791 sp002358875": null, "s__CAG-791 sp002362155": null, "s__CAG-791 sp002372815": null, "s__CAG-791 sp002390025": null, "s__CAG-791 sp002392385": null, "s__CAG-791 sp002394525": null, "s__CAG-791 sp002395235": null, "s__CAG-791 sp002448395": null, "s__CAG-791 sp002449595": null, "s__CAG-791 sp003447895": null, "s__CAG-791 sp012512995": null, "s__CAG-791 sp900101015": null, "s__CAG-791 sp900107575": null, "s__CAG-791 sp900313745": 0.7988336088118979, "s__CAG-791 sp900315055": null, "s__CAG-791 sp900316855": 0.7570964239954121, "s__CAG-791 sp900317475": null, "s__CAG-791 sp900317555": null, "s__CAG-791 sp900318375": null, "s__CAG-791 sp900318875": 0.7726464800301889, "s__CAG-791 sp900319245": 0.7929643181147887, "s__CAG-791 sp900320025": 0.7219390514537458, "s__CAG-791 sp900320325": 0.7693594055128823, "s__CAG-791 sp900320335": 0.7421134763839321, "s__CAG-791 sp900321785": 0.7864718454052069, "s__CAG-791 sp900625025": null, "s__CAG-791 sp902767235": null, "s__CAG-791 sp902777355": null, "s__CAG-791 sp902780385": null, "s__CAG-791 sp902781215": null, "s__CAG-791 sp902781325": null, "s__CAG-791 sp902781655": null, "s__CAG-791 sp902783385": null, "s__CAG-791 sp902785055": null, "s__CAG-791 sp902789735": null, "s__CAG-791 sp902794825": null, "s__CAG-791 sp902796425": null, "s__CAG-791 sp902801415": null, "s__CAG-791 sp902801585": null}