{"s__CAG-603 sp900066105": null, "s__CAG-603 sp900110975": 0.7697900421649131, "s__CAG-603 sp900314525": 0.7554131886739777, "s__CAG-603 sp900314555": 0.7792602198633023, "s__CAG-603 sp900315425": 0.7925640999980468, "s__CAG-603 sp900321855": 0.7991052195358939, "s__CAG-603 sp902767015": null, "s__CAG-603 sp902773095": null, "s__CAG-603 sp902786365": null}