{"s__CAG-103 sp000432375": null, "s__CAG-103 sp004556965": null, "s__CAG-103 sp900316745": 0.7601150780380723, "s__CAG-103 sp900317855": 0.6871456168376888, "s__CAG-103 sp900317905": 0.7981055331067306, "s__CAG-103 sp900543625": null, "s__CAG-103 sp900757655": null}