{"s__Eubacterium_H cellulosolvens_A": null, "s__Eubacterium_H sp000702845": null, "s__Eubacterium_H sp002368795": 0.7327134908033008, "s__Eubacterium_H sp002371335": null, "s__Eubacterium_H sp002394235": null, "s__Eubacterium_H sp003488475": 0.6542470890382108, "s__Eubacterium_H sp009696005": null, "s__Eubacterium_H sp900314295": 0.788678162565212, "s__Eubacterium_H sp900317175": 0.5381373007530863, "s__Eubacterium_H sp900318405": 0.7796014126116684, "s__Eubacterium_H sp900318755": 0.796662037944381, "s__Eubacterium_H sp900319355": 0.7416877668029185, "s__Eubacterium_H sp900770225": null, "s__Eubacterium_H sp902783945": 0.7335696605020845, "s__Eubacterium_H sp902795835": null, "s__Eubacterium_H sp902797025": null, "s__Eubacterium_H sp903789595": null}