{"s__GCA-900199385 sp900176495": null, "s__GCA-900199385 sp900199385": null, "s__GCA-900199385 sp900315315": 0.7165244175427377, "s__GCA-900199385 sp900315675": 0.7094985502417064, "s__GCA-900199385 sp900318145": 0.7812462114159684, "s__GCA-900199385 sp900320755": 0.7405785524038238, "s__GCA-900199385 sp900322155": 0.5887317862607291, "s__GCA-900199385 sp902764875": null, "s__GCA-900199385 sp902795555": null}