{"s__Methanobrevibacter_B boviskoreani": 0.7895494716724891, "s__Methanobrevibacter_B sp002208625": null, "s__Methanobrevibacter_B sp900314605": 0.7790784600008691, "s__Methanobrevibacter_B wolinii": null}