{"s__Olsenella phocaeensis": null, "s__Olsenella profusa": 0.7579479825672522, "s__Olsenella sp001457795": null, "s__Olsenella sp003862195": null, "s__Olsenella sp900313175": 0.7030907328691114, "s__Olsenella sp900316105": 0.7584630079219945, "s__Olsenella sp900538935": null, "s__Olsenella sp900555995": null, "s__Olsenella sp902787335": null, "s__Olsenella uli": null, "s__Olsenella umbonata": 0.6808253433157128, "s__Olsenella umbonata_A": null, "s__Olsenella urininfantis": null}