{"s__Ruminococcus_E bromii": null, "s__Ruminococcus_E bromii_A": 0.7974082167943863, "s__Ruminococcus_E bromii_B": null, "s__Ruminococcus_E sp002350765": null, "s__Ruminococcus_E sp002353935": null, "s__Ruminococcus_E sp002394725": null, "s__Ruminococcus_E sp002491825": null, "s__Ruminococcus_E sp002493005": null, "s__Ruminococcus_E sp002493635": null, "s__Ruminococcus_E sp003438075": null, "s__Ruminococcus_E sp003499325": null, "s__Ruminococcus_E sp003520555": null, "s__Ruminococcus_E sp003521625": null, "s__Ruminococcus_E sp003526955": null, "s__Ruminococcus_E sp004560275": null, "s__Ruminococcus_E sp900100595": 0.7638056763317209, "s__Ruminococcus_E sp900313865": 0.7992938169412918, "s__Ruminococcus_E sp900313895": 0.7959831381771016, "s__Ruminococcus_E sp900314705": null, "s__Ruminococcus_E sp900314795": 0.7074810717994011, "s__Ruminococcus_E sp900315085": 0.7706529946113951, "s__Ruminococcus_E sp900315195": 0.7655606010417975, "s__Ruminococcus_E sp900315605": 0.7693796525453176, "s__Ruminococcus_E sp900315785": 0.7370825255282845, "s__Ruminococcus_E sp900315815": 0.7985838447920977, "s__Ruminococcus_E sp900316385": 0.7990360374090419, "s__Ruminococcus_E sp900316435": 0.7993530281865271, "s__Ruminococcus_E sp900316555": 0.777578172594211, "s__Ruminococcus_E sp900316815": 0.765397030089932, "s__Ruminococcus_E sp900317315": 0.7869243040267828, "s__Ruminococcus_E sp900317595": 0.7889216681876297, "s__Ruminococcus_E sp900317875": 0.7994281592201478, "s__Ruminococcus_E sp900318495": 0.799992131863984, "s__Ruminococcus_E sp900318905": 0.799759958091264, "s__Ruminococcus_E sp900319615": 0.6951218703441446, "s__Ruminococcus_E sp900319655": 0.76923665570405, "s__Ruminococcus_E sp900320415": 0.797276531255259, "s__Ruminococcus_E sp900320995": 0.7533375311583381, "s__Ruminococcus_E sp900543095": null, "s__Ruminococcus_E sp900755995": null, "s__Ruminococcus_E sp902761375": null, "s__Ruminococcus_E sp902763855": null, "s__Ruminococcus_E sp902764715": null, "s__Ruminococcus_E sp902765625": null, "s__Ruminococcus_E sp902766775": null, "s__Ruminococcus_E sp902766885": null, "s__Ruminococcus_E sp902767325": null, "s__Ruminococcus_E sp902767845": null, "s__Ruminococcus_E sp902771755": null, "s__Ruminococcus_E sp902772755": null, "s__Ruminococcus_E sp902773035": null, "s__Ruminococcus_E sp902773155": null, "s__Ruminococcus_E sp902773635": null, "s__Ruminococcus_E sp902774325": null, "s__Ruminococcus_E sp902776185": null, "s__Ruminococcus_E sp902776375": null, "s__Ruminococcus_E sp902776975": null, "s__Ruminococcus_E sp902777275": null, "s__Ruminococcus_E sp902779225": null, "s__Ruminococcus_E sp902784855": null, "s__Ruminococcus_E sp902785355": null, "s__Ruminococcus_E sp902785365": null, "s__Ruminococcus_E sp902787145": null, "s__Ruminococcus_E sp902790475": null, "s__Ruminococcus_E sp902790985": null, "s__Ruminococcus_E sp902792105": null, "s__Ruminococcus_E sp902793125": null, "s__Ruminococcus_E sp902794395": null, "s__Ruminococcus_E sp902796225": null, "s__Ruminococcus_E sp902797225": null, "s__Ruminococcus_E sp902797525": null, "s__Ruminococcus_E sp902797655": null, "s__Ruminococcus_E sp902798365": null, "s__Ruminococcus_E sp902798605": null, "s__Ruminococcus_E sp902798755": null, "s__Ruminococcus_E sp902799325": null}