{"s__RUG762 sp900316455": 0.8, "s__RUG762 sp900316495": 0.8, "s__RUG762 sp900317765": 0.7658842982640397, "s__RUG762 sp900321515": 0.7979752127398616, "s__RUG762 sp900322085": 0.7510020046966257, "s__RUG762 sp902762395": null, "s__RUG762 sp902762615": null, "s__RUG762 sp902799245": null, "s__RUG762 sp902802795": null, "s__RUG762 sp902803035": null}