{"s__Sodaliphilus pleomorphus": 0.7017201325241988, "s__Sodaliphilus sp002314465": null, "s__Sodaliphilus sp002353285": null, "s__Sodaliphilus sp002353885": null, "s__Sodaliphilus sp002395965": null, "s__Sodaliphilus sp002396085": null, "s__Sodaliphilus sp002396125": null, "s__Sodaliphilus sp002476625": null, "s__Sodaliphilus sp004557565": null, "s__Sodaliphilus sp004559845": null, "s__Sodaliphilus sp900314215": 0.7777582529332647, "s__Sodaliphilus sp900316835": 0.7504818301317906, "s__Sodaliphilus sp900317325": 0.6989134847726732, "s__Sodaliphilus sp900317835": 0.7969301571139127, "s__Sodaliphilus sp900318065": 0.7685892277254065, "s__Sodaliphilus sp900318205": 0.7392083408632624, "s__Sodaliphilus sp900318255": 0.7983925192149102, "s__Sodaliphilus sp900318335": 0.7552155170156929, "s__Sodaliphilus sp900318345": 0.7694450578291203, "s__Sodaliphilus sp900318535": 0.7540515008487514, "s__Sodaliphilus sp900318645": 0.7369687872482737, "s__Sodaliphilus sp900318865": 0.7576052932916333, "s__Sodaliphilus sp900319525": 0.7988179309213648, "s__Sodaliphilus sp900320055": 0.7283596650901882, "s__Sodaliphilus sp900320245": 0.7238914398529483, "s__Sodaliphilus sp900322135": 0.79595994051664, "s__Sodaliphilus sp900770215": null, "s__Sodaliphilus sp902760865": null, "s__Sodaliphilus sp902761475": null, "s__Sodaliphilus sp902762385": null, "s__Sodaliphilus sp902768435": null, "s__Sodaliphilus sp902772455": null, "s__Sodaliphilus sp902772965": null, "s__Sodaliphilus sp902774055": null, "s__Sodaliphilus sp902776435": null, "s__Sodaliphilus sp902776835": null, "s__Sodaliphilus sp902776955": null, "s__Sodaliphilus sp902777835": null, "s__Sodaliphilus sp902779125": null, "s__Sodaliphilus sp902781045": null, "s__Sodaliphilus sp902782465": null, "s__Sodaliphilus sp902782545": null, "s__Sodaliphilus sp902784675": null, "s__Sodaliphilus sp902785925": null, "s__Sodaliphilus sp902786725": null, "s__Sodaliphilus sp902787185": null, "s__Sodaliphilus sp902792435": null, "s__Sodaliphilus sp902792895": null, "s__Sodaliphilus sp902793405": null, "s__Sodaliphilus sp902800715": null}