{"s__Selenomonas_C bovis": 0.7987936992378475, "s__Selenomonas_C sp002351185": null, "s__Selenomonas_C sp900314825": 0.782658087596878, "s__Selenomonas_C sp900315575": 0.7711281990707473, "s__Selenomonas_C sp900318215": 0.7252039225542768, "s__Selenomonas_C sp902780535": null}