{"s__UBA2813 sp002361485": null, "s__UBA2813 sp900314375": 0.6999704158735733, "s__UBA2813 sp900319365": 0.7462876632005211, "s__UBA2813 sp902765655": null, "s__UBA2813 sp902766395": null, "s__UBA2813 sp902766975": null, "s__UBA2813 sp902774905": null, "s__UBA2813 sp902777855": null, "s__UBA2813 sp902788345": null, "s__UBA2813 sp902791985": null, "s__UBA2813 sp902792085": null, "s__UBA2813 sp902794035": null, "s__UBA2813 sp902796825": null, "s__UBA2813 sp902801985": null, "s__UBA2813 sp902802825": null}