{"s__UBA1232 sp002309115": null, "s__UBA1232 sp002315995": null, "s__UBA1232 sp002372015": null, "s__UBA1232 sp004561775": 0.7972680634632321, "s__UBA1232 sp900316795": 0.7412427296630377, "s__UBA1232 sp900322025": 0.6477480307912624, "s__UBA1232 sp900544815": null, "s__UBA1232 sp900769385": null, "s__UBA1232 sp900769735": null, "s__UBA1232 sp902769525": null, "s__UBA1232 sp902780455": null, "s__UBA1232 sp902797115": null, "s__UBA1232 sp902797895": null}