{"s__UBA1066 sp002316215": null, "s__UBA1066 sp002350625": null, "s__UBA1066 sp002369495": null, "s__UBA1066 sp002371465": null, "s__UBA1066 sp003446335": null, "s__UBA1066 sp900313955": 0.7962647462667134, "s__UBA1066 sp900314565": 0.7866665874561973, "s__UBA1066 sp900315305": 0.7614017806950493, "s__UBA1066 sp900317045": 0.7994580878810802, "s__UBA1066 sp900317515": 0.7991034448510181, "s__UBA1066 sp900319795": 0.6900700011310978, "s__UBA1066 sp900320575": 0.7740564875928815, "s__UBA1066 sp900320615": 0.7660820296946227, "s__UBA1066 sp902766655": null, "s__UBA1066 sp902766945": null, "s__UBA1066 sp902766955": null, "s__UBA1066 sp902773195": 0.737950064681768, "s__UBA1066 sp902773435": null, "s__UBA1066 sp902776305": null, "s__UBA1066 sp902779245": null, "s__UBA1066 sp902783325": null, "s__UBA1066 sp902783935": null, "s__UBA1066 sp902785985": null, "s__UBA1066 sp902788035": null, "s__UBA1066 sp902797075": null, "s__UBA1066 sp902803245": null, "s__UBA1066 sp902803505": null, "s__UBA1066 sp902803635": null}