{"s__UBA1777 sp002315275": null, "s__UBA1777 sp002320035": null, "s__UBA1777 sp002350825": null, "s__UBA1777 sp002371675": null, "s__UBA1777 sp002431965": null, "s__UBA1777 sp002450075": null, "s__UBA1777 sp002493305": null, "s__UBA1777 sp003150355": null, "s__UBA1777 sp004560305": null, "s__UBA1777 sp900316205": 0.7962036559032779, "s__UBA1777 sp900316255": 0.7370736817796484, "s__UBA1777 sp900317375": null, "s__UBA1777 sp900319275": 0.7984526587783549, "s__UBA1777 sp900319465": 0.7673991966538622, "s__UBA1777 sp900319635": 0.7980542565734043, "s__UBA1777 sp900319695": 0.7973079912609999, "s__UBA1777 sp900319835": 0.7997482562532163, "s__UBA1777 sp900319935": 0.6973433225019003, "s__UBA1777 sp900320465": 0.7990063685872053, "s__UBA1777 sp900320595": 0.7088390553299511, "s__UBA1777 sp900321275": 0.7530632884565918, "s__UBA1777 sp900546515": null, "s__UBA1777 sp900547315": null, "s__UBA1777 sp900549485": null, "s__UBA1777 sp900549545": null, "s__UBA1777 sp900549645": null, "s__UBA1777 sp900549865": null, "s__UBA1777 sp900754515": null}