{"s__UBA4334 sp002317225": null, "s__UBA4334 sp002342585": null, "s__UBA4334 sp002353215": null, "s__UBA4334 sp002353575": null, "s__UBA4334 sp002363115": null, "s__UBA4334 sp002393555": 0.75500864177495, "s__UBA4334 sp009177185": null, "s__UBA4334 sp012729225": null, "s__UBA4334 sp900316505": 0.7746729444592451, "s__UBA4334 sp900316975": 0.7999985659556526, "s__UBA4334 sp900318775": 0.7974757024575794, "s__UBA4334 sp902768125": null, "s__UBA4334 sp902774005": null, "s__UBA4334 sp902786925": null, "s__UBA4334 sp902800305": null, "s__UBA4334 sp902801475": null, "s__UBA4334 sp902802265": null, "s__UBA4334 sp902803605": null}