{"s__UBA2862 sp002350605": null, "s__UBA2862 sp900315585": 0.7743649601440459, "s__UBA2862 sp900317565": 0.7961507798187055, "s__UBA2862 sp900318045": 0.710995486271524, "s__UBA2862 sp902764285": null, "s__UBA2862 sp902765305": null, "s__UBA2862 sp902765395": null, "s__UBA2862 sp902773515": null, "s__UBA2862 sp902777335": null, "s__UBA2862 sp902778045": null, "s__UBA2862 sp902778995": null, "s__UBA2862 sp902785105": null, "s__UBA2862 sp902790175": null, "s__UBA2862 sp902790525": null, "s__UBA2862 sp902793325": null, "s__UBA2862 sp902798105": null, "s__UBA2862 sp902799045": null, "s__UBA2862 sp902799465": null, "s__UBA2862 sp902800625": null, "s__UBA2862 sp902801165": null}