{"s__UBA1436 sp002159705": null, "s__UBA1436 sp002309715": null, "s__UBA1436 sp002329395": null, "s__UBA1436 sp002432025": null, "s__UBA1436 sp900315795": 0.7657745118210737, "s__UBA1436 sp900315845": 0.7688987254769493, "s__UBA1436 sp900319325": null, "s__UBA1436 sp900319885": 0.7970860948817711, "s__UBA1436 sp900540405": null, "s__UBA1436 sp900541355": null, "s__UBA1436 sp902761975": null, "s__UBA1436 sp902765225": null, "s__UBA1436 sp902766765": null, "s__UBA1436 sp902767385": null, "s__UBA1436 sp902772695": null, "s__UBA1436 sp902781765": null, "s__UBA1436 sp902794125": null, "s__UBA1436 sp902794895": null, "s__UBA1436 sp902798835": null}