{"s__Weimerbacter bifida": null, "s__Weimerbacter sp002480925": null, "s__Weimerbacter sp900100095": null, "s__Weimerbacter sp900315505": 0.7691239201052209, "s__Weimerbacter sp900316165": 0.7395997270814119, "s__Weimerbacter sp900317825": 0.794616363149862, "s__Weimerbacter sp902803645": null}