{"f__Atopobiaceae": 0.7991670711603309, "f__CADBOM01": null, "f__Coriobacteriaceae": null, "f__Eggerthellaceae": 0.7997560132596, "f__QAMH01": null, "f__RUG033": 0.7972937631064567, "f__RUG844": null, "f__UBA8131": null, "f__UMGS124": 0.7577202671915708}