{"f__Borkfalkiaceae": 0.7996478951541239, "f__CAG-1252": null, "f__CAG-138": 0.7972596881471283, "f__CAG-314": null, "f__CAG-552": null, "f__CAG-74": 0.7974924124533962, "f__CAG-917": null, "f__Christensenellaceae": null, "f__DTU072": null, "f__DUVY01": null, "f__GCA-900066905": null, "f__HGM11327": null, "f__HGM11417": null, "f__MARSEILLE-P3954": null, "f__NSJ-53": null, "f__QALW01": null, "f__QAND01": null, "f__RUG350": 0.7179268778199228, "f__SZUA-584": null, "f__UBA1242": 0.7600102605608601, "f__UBA1431": null, "f__UBA1750": null, "f__UBA3700": null, "f__UBA6094": null, "f__UBA941": null, "f__UMGS416": null, "f__WQRI01": null}