{"f__Erysipelatoclostridiaceae": 0.7936122872683244, "f__Erysipelotrichaceae": 0.7983734518625933}