{"f__Acutalibacteraceae": 0.7152466930507784, "f__BX7": null, "f__Butyricicoccaceae": null, "f__CAG-272": 0.6810779273262677, "f__CAG-382": null, "f__CAG-382_A": null, "f__Ethanoligenenaceae": null, "f__Oscillospiraceae": 0.7392149679816162, "f__QAKW01": null, "f__QAMX01": null, "f__Ruminococcaceae": 0.7149799767951983, "f__UBA1758": null, "f__UBA644": null, "f__UMGS1783": null, "f__WRJC01": null}