{"f__DTU023": 0.7982341755633073, "f__Fastidiosipilaceae": null, "f__Saccharofermentanaceae": 0.7999514241359971, "f__UBA5734": null}