{"f__Treponemataceae": 0.7994272375099547, "f__Treponemataceae_B": null, "f__UBA12059": null, "f__UBA1318": null, "f__UBA8932": 0.7999884350294062}