{"s__Methanobrevibacter_A gottschalkii": null, "s__Methanobrevibacter_A millerae": null, "s__Methanobrevibacter_A millerae_A": null, "s__Methanobrevibacter_A oralis": null, "s__Methanobrevibacter_A smithii": null, "s__Methanobrevibacter_A smithii_A": null, "s__Methanobrevibacter_A sp001548675": null, "s__Methanobrevibacter_A sp002496065": null, "s__Methanobrevibacter_A sp900313645": 0.7589434873115699, "s__Methanobrevibacter_A sp900314615": 0.7336413495421226, "s__Methanobrevibacter_A sp900314695": 0.6796636129829143, "s__Methanobrevibacter_A sp900316895": 0.7264133644499537, "s__Methanobrevibacter_A sp900317865": 0.6854699443434125, "s__Methanobrevibacter_A sp900318035": 0.57995103369413, "s__Methanobrevibacter_A sp900319535": 0.4573728287849738, "s__Methanobrevibacter_A sp900319985": 0.6080993450387306, "s__Methanobrevibacter_A sp900320515": 0.6694538873008, "s__Methanobrevibacter_A sp900320955": 0.7127194328747266, "s__Methanobrevibacter_A sp900766745": null, "s__Methanobrevibacter_A sp900769095": null, "s__Methanobrevibacter_A sp902763935": null, "s__Methanobrevibacter_A sp902764015": null, "s__Methanobrevibacter_A sp902764455": null, "s__Methanobrevibacter_A sp902768765": null, "s__Methanobrevibacter_A sp902770715": null, "s__Methanobrevibacter_A sp902771435": null, "s__Methanobrevibacter_A sp902772665": null, "s__Methanobrevibacter_A sp902774605": null, "s__Methanobrevibacter_A sp902777885": null, "s__Methanobrevibacter_A sp902782595": null, "s__Methanobrevibacter_A sp902783085": null, "s__Methanobrevibacter_A sp902785855": null, "s__Methanobrevibacter_A sp902788255": null, "s__Methanobrevibacter_A sp902789505": null, "s__Methanobrevibacter_A sp902794475": null, "s__Methanobrevibacter_A sp902796575": null, "s__Methanobrevibacter_A sp902801725": null, "s__Methanobrevibacter_A thaueri": null, "s__Methanobrevibacter_A woesei": null}