{"p__Halobacteriota": 0.7512642881546858, "p__Methanobacteriota": 0.760632998572133, "p__Nanoarchaeota": 0.7128675121828636, "p__Thermoplasmatota": 0.7428133140956983, "p__Thermoproteota": 0.7419747724371291}