{"s__Fibrobacter sp900142495": 0.6639600464107429, "s__Fibrobacter sp900215325": 0.6175012472872565, "s__Fibrobacter sp900313675": 0.682684366504354, "s__Fibrobacter sp900316465": 0.7642346180661743}