{"s__Methanobrevibacter sp900314635": 0.7935239933103708, "s__Methanobrevibacter sp900321995": 0.7730622205844659}