{"s__Methanobrevibacter_A sp900314615": 0.7630001687724517, "s__Methanobrevibacter_A sp900314695": 0.6676969966200879, "s__Methanobrevibacter_A sp900316895": 0.7585951998326519, "s__Methanobrevibacter_A sp900317865": 0.6700737516308244, "s__Methanobrevibacter_A sp900318035": 0.7306067623899846, "s__Methanobrevibacter_A sp900319535": 0.4466848854778714, "s__Methanobrevibacter_A sp900319985": 0.5180093079507357, "s__Methanobrevibacter_A sp900320515": 0.6882654122089187, "s__Methanobrevibacter_A sp900320955": 0.711273512011064}