{"s__Olsenella sp900313175": 0.631762255283459, "s__Olsenella umbonata": 0.7169205241373195}