{"s__Olegusella sp900314685": 0.7474320908121965, "s__Olegusella sp900315165": 0.799982501705232}