{"f__Methanomassiliicoccaceae": 0.7998902741405447, "f__Methanomethylophilaceae": 0.7996084547003444}