{"f__Treponemataceae": 0.7996754593836319, "f__UBA12059": 0.7953742455699655}