{"o__Burkholderiales": 0.7938112843166873, "o__Enterobacterales": 0.7919594026549923, "o__Pseudomonadales": null, "o__Xanthomonadales": null}