{"p__Actinobacteriota": 0.7485720786036187, "p__Bacteroidota": 0.7513347776336641, "p__Campylobacterota": 0.599295757130951, "p__Cyanobacteria": null, "p__Desulfobacterota": null, "p__Elusimicrobiota": 0.5980337994797313, "p__Firmicutes": 0.7081311705804607, "p__Firmicutes_A": 0.7543580282205458, "p__Firmicutes_B": 0.44376543303291144, "p__Firmicutes_C": 0.6544050212079906, "p__Fusobacteriota": 0.6925027063555276, "p__Patescibacteria": null, "p__Proteobacteria": 0.6707399225391095, "p__Spirochaetota": 0.6949348195118497, "p__Synergistota": null, "p__Verrucomicrobiota": 0.7058496206356393}