{"g__Acutalibacter": null, "g__An172": null, "g__Anaeromassilibacillus": 0.5732467744953016, "g__CAG-177": 0.7487766474855464, "g__CAG-180": null, "g__CAG-217": 0.42573561249478703, "g__CAG-488": 0.5998554522559065, "g__CAG-557": null, "g__CAG-964": 0.7040680323229735, "g__Caproiciproducens": null, "g__Clostridium_A": 0.5940755228016745, "g__Clostridium_E": null, "g__DTU089": null, "g__Eubacterium_R": 0.6029054031927941, "g__Hydrogeniiclostridium": null, "g__Marseille-P4683": null, "g__Pseudoruminococcus": null, "g__RUG420": null, "g__RUG806": null, "g__Ruminococcus_E": 0.48611008971663744, "g__UBA1081": null, "g__UBA1227": null, "g__UBA1417": null, "g__UBA1691": null, "g__UBA4871": null, "g__UBA5905": null, "g__UBA6857": null, "g__UBA737": null, "g__UBA945": null, "g__UMGS1071": null, "g__UMGS1224": null, "g__UMGS1279": null, "g__UMGS1397": null, "g__UMGS1474": null, "g__UMGS1484": null, "g__UMGS1487": null, "g__UMGS1491": null, "g__UMGS1532": null, "g__UMGS1591": null, "g__UMGS1623": null, "g__UMGS1690": null, "g__UMGS172": null, "g__UMGS1839": null, "g__UMGS1858": null, "g__UMGS1976": null, "g__UMGS263": 0.7009751003683529, "g__UMGS403": 0.5993413093244706, "g__UMGS577": null, "g__UMGS856": null, "g__UMGS905": null}