{"g__43-108": null, "g__Bacteroides": null, "g__CAG-462": null, "g__CAG-617": null, "g__F0040": 0.0, "g__Paraprevotella": null, "g__Phocaeicola": 0.6175712934894542, "g__Prevotella": 0.7279597374416849, "g__Prevotellamassilia": 0.6953853031248509, "g__UBA4372": null, "g__UBA6382": null, "g__UBA6398": null}