{"g__CAG-272": null, "g__CAG-390": null, "g__CAG-448": null, "g__CAG-724": null, "g__CAG-841": 0.7522395751459876, "g__Firm-07": null, "g__QALR01": null, "g__UBA11512": null, "g__UMGS1002": null, "g__UMGS1225": null, "g__UMGS1312": 0.7489246910700078, "g__UMGS1696": null, "g__UMGS1815": null, "g__UMGS1865": null, "g__UMGS2055": null, "g__UMGS731": null, "g__UMGS874": null, "g__UMGS902": 0.772149049119194, "g__UMGS911": null}