{"g__51-20": 0.7058146890099686, "g__CAG-267": 0.6144189189234703, "g__CAG-495": 0.7140824428779613, "g__RUG410": null}