{"g__Enterococcus": 0.7312526484238002, "g__Enterococcus_A": null, "g__Enterococcus_B": 0.6590906246853439, "g__Enterococcus_C": null, "g__Enterococcus_D": 0.5270412126849158}