{"g__Anaeroglobus": 0.4138336450325934, "g__Caecibacter": 0.7700396388743176, "g__Megasphaera": 0.7770007647533821, "g__UMGS915": null}