{"g__F0422": null, "g__Veillonella": 0.7804232586576614, "g__Veillonella_A": 0.7753964970778082}