{"s__51-20 sp001917175": 0.7749043257241839, "s__51-20 sp900539605": 0.7675049527929292, "s__51-20 sp900542055": null}