{"s__Agathobaculum butyriciproducens": 0.5950025990719914, "s__Agathobaculum desmolans": null, "s__Agathobaculum sp003481705": null, "s__Agathobaculum sp900291975": 0.6555304313993895, "s__Agathobaculum sp900544475": null, "s__Agathobaculum sp900555465": null, "s__Agathobaculum sp900557315": null}