{"s__Barnesiella intestinihominis": null, "s__Barnesiella sp002159975": 0.7825584752446799, "s__Barnesiella sp003150885": null, "s__Barnesiella sp900538555": 0.7561959304106776, "s__Barnesiella sp900538705": 0.6638322285897698, "s__Barnesiella sp900542255": null}