{"s__CAG-302 sp000431795": null, "s__CAG-302 sp001916775": null, "s__CAG-302 sp900543825": 0.0924653510532954, "s__CAG-302 sp900548425": 0.08964214577261459, "s__CAG-302 sp900549325": 0.05279042522544175, "s__CAG-302 sp900554615": null}