{"s__Caecibacter hominis": 0.7324852776414474, "s__Caecibacter massiliensis": null, "s__Caecibacter sp003467125": 0.6185564636065741, "s__Caecibacter sp900549385": null}