{"s__CAG-882 sp000435595": 0.278763714308765, "s__CAG-882 sp003486385": 0.3470799584887106, "s__CAG-882 sp900545175": null, "s__CAG-882 sp900545455": null}