{"s__CAG-313 sp000433035": null, "s__CAG-313 sp003539625": 0.5782139360611478, "s__CAG-313 sp900539265": 0.5257822019731107}