{"s__CAG-177 sp000431775": 0.5913042885867827, "s__CAG-177 sp003514385": null, "s__CAG-177 sp003538135": 0.4200313331417687}