{"s__CAG-841 sp000437375": 0.7185266724914934, "s__CAG-841 sp002479075": null, "s__CAG-841 sp900544285": 0.7105755460143695}