{"s__Dialister hominis": null, "s__Dialister sp000434475": null, "s__Dialister sp002320515": null, "s__Dialister sp900538805": 0.5450642528357696, "s__Dialister sp900541485": null, "s__Dialister sp900541605": 0.6725339704381661, "s__Dialister sp900543165": null, "s__Dialister sp900543455": null, "s__Dialister sp900545785": null, "s__Dialister sp900547785": null, "s__Dialister sp900555245": null, "s__Dialister sp900557365": null, "s__Dialister succinatiphilus": 0.0}