{"s__ER4 sp000765235": 0.21555147920461176, "s__ER4 sp003522105": 0.318903002193997, "s__ER4 sp900317525": 0.37439013623344425, "s__ER4 sp900546295": null, "s__ER4 sp900550165": null, "s__ER4 sp900552015": null, "s__ER4 sp900552375": null, "s__ER4 sp900556145": null}