{"s__Eubacterium_G sp000432355": null, "s__Eubacterium_G sp000434315": 0.4259304492845571, "s__Eubacterium_G sp000435815": 0.1753548284827413, "s__Eubacterium_G sp900548465": null, "s__Eubacterium_G sp900550135": null, "s__Eubacterium_G sp900552275": null, "s__Eubacterium_G sp900556905": null, "s__Eubacterium_G ventriosum": null}