{"s__Faecalibacterium prausnitzii": null, "s__Faecalibacterium prausnitzii_C": null, "s__Faecalibacterium prausnitzii_D": null, "s__Faecalibacterium prausnitzii_H": 0.4486186857161793, "s__Faecalibacterium prausnitzii_I": 0.5837688563016505, "s__Faecalibacterium prausnitzii_M": null, "s__Faecalibacterium sp900539885": 0.212002401442549, "s__Faecalibacterium sp900539945": 0.4994058176526613, "s__Faecalibacterium sp900540455": 0.6107729591712818, "s__Faecalibacterium sp900551435": null}