{"s__Lachnospira eligens_A": null, "s__Lachnospira rogosae_A": 0.6084847237662259, "s__Lachnospira sp000436475": 0.557477303794927, "s__Lachnospira sp000436535": 0.3470719487121164, "s__Lachnospira sp000437735": 0.7253015146131065, "s__Lachnospira sp003451515": null, "s__Lachnospira sp003537285": null, "s__Lachnospira sp900316325": 0.41045150840591843, "s__Lachnospira sp900545725": null, "s__Lachnospira sp900547255": null, "s__Lachnospira sp900551945": null, "s__Lachnospira sp900552795": null}