{"s__Prevotellamassilia sp000437675": null, "s__Prevotellamassilia sp900539625": null, "s__Prevotellamassilia sp900540885": 0.6473682277971846, "s__Prevotellamassilia sp900541335": null, "s__Prevotellamassilia sp900541575": null, "s__Prevotellamassilia sp900542795": 0.5139956011932447, "s__Prevotellamassilia sp900543155": null, "s__Prevotellamassilia sp900546605": null, "s__Prevotellamassilia sp900556465": null, "s__Prevotellamassilia timonensis": null}