{"s__Ruminococcus_C callidus": 0.6949450590749155, "s__Ruminococcus_C sp000433635": 0.7250100398748953, "s__Ruminococcus_C sp000437175": null, "s__Ruminococcus_C sp000437255": null, "s__Ruminococcus_C sp000980705": null, "s__Ruminococcus_C sp900545285": null}