{"s__UBA1436 sp002329395": null, "s__UBA1436 sp900540405": 0.7886166067385485, "s__UBA1436 sp900541355": 0.7773158448742661}