{"f__Bacteroidaceae": 0.7283044060831776, "f__Barnesiellaceae": 0.6240915362086945, "f__Coprobacteraceae": null, "f__Dysgonomonadaceae": null, "f__F082": null, "f__Marinifilaceae": null, "f__Muribaculaceae": 0.7066651017069396, "f__P3": null, "f__Paludibacteraceae": null, "f__Porphyromonadaceae": 0.7523615766224507, "f__Rikenellaceae": 0.7556972114949043, "f__Tannerellaceae": 0.5943462644902076, "f__UBA11471": 0.45825700945725373, "f__UBA932": 0.6888902604240559}