{"f__Atopobiaceae": 0.6797493207223697, "f__Coriobacteriaceae": 0.7892583688686106, "f__Eggerthellaceae": 0.740737476417316, "f__QAMH01": null, "f__UMGS124": null}