{"f__Anaerotignaceae": 0.7649258560020311, "f__CAG-274": 0.7697020519704902, "f__Cellulosilyticaceae": null, "f__Lachnospiraceae": 0.7980186655314359}