{"f__Aerococcaceae": null, "f__Enterococcaceae": 0.7556365134239267, "f__Lactobacillaceae": 0.7742898345818703, "f__Listeriaceae": null, "f__Streptococcaceae": 0.7659164797425801}