{"f__Acutalibacteraceae": 0.6533172054802814, "f__Butyricicoccaceae": 0.5830834945003263, "f__CAG-272": 0.6443757045014125, "f__CAG-382": null, "f__Oscillospiraceae": 0.7353873885703297, "f__QAMX01": 0.6287074046063486, "f__Ruminococcaceae": 0.6852316157199232, "f__UBA644": null, "f__UMGS1783": 0.6450046780942389}