{"c__Alphaproteobacteria": 0.7923605841886314, "c__Gammaproteobacteria": 0.7981409105581201}