{"o__16-39-46": 0.8, "o__1604HC": 0.8, "o__43-37": 0.8, "o__ATCC43930": 0.7629629629629628, "o__Acetobacterales": 0.7775280898876404, "o__Azospirillales": 0.784, "o__Azospirillales_A": 0.8, "o__Bin65": 0.8, "o__Bin95": 0.7772727272727273, "o__Bin98": 0.8, "o__CACIAM-22H2": 0.8, "o__CADEGL01": 0.7739933012977422, "o__CAISDR01": 0.8, "o__CAISOG01": 0.8, "o__CAIVPW01": 0.8, "o__Caedimonadales": 0.7565217391304349, "o__Caulobacterales": 0.7800249687890137, "o__DSM-16000": 0.8, "o__Dongiales": 0.7391943720666236, "o__Elsterales": 0.8, "o__Ferrovibrionales": 0.8, "o__GCA-002720895": 0.8, "o__GCA-2701885": 0.8, "o__GCA-2731375": 0.8, "o__GCA-2746255": 0.7230769230769232, "o__GM7ARS4": 0.7807692307692307, "o__Geminicoccales": 0.8, "o__HIMB59": 0.7927536231884058, "o__Holosporales": 0.8, "o__JAAXGF01": 0.8, "o__JABSOH01": 0.8, "o__JACAEB01": 0.8, "o__Kiloniellales": 0.8, "o__MC1": 0.8, "o__MPNO01": 0.7285714285714286, "o__Micavibrionales": 0.7457364341085271, "o__Micavibrionales_A": 0.7565217391304349, "o__Micavibrionales_B": 0.8, "o__Micavibrionales_C": 0.8, "o__Micropepsales": 0.7230769230769232, "o__Minwuiales": 0.8, "o__Paracaedibacterales": 0.7642857142857142, "o__Parvibaculales": 0.7740259740259741, "o__Pelagibacterales": 0.7982256919801278, "o__Puniceispirillales": 0.7928057553956835, "o__RF32": 0.8, "o__RUG11792": 0.8, "o__Reyranellales": 0.7833333333333332, "o__Rhizobiales": 0.7824717765894236, "o__Rhizobiales_A": 0.7812734082397004, "o__Rhizobiales_B": 0.8, "o__Rhodobacterales": 0.7954032595068952, "o__Rhodospirillales": 0.7080459770114942, "o__Rickettsiales": 0.7464002081667152, "o__Rickettsiales_A": 0.7855072463768116, "o__Rickettsiales_B": 0.8, "o__Rs-D84": 0.7732355843480934, "o__SHNJ01": 0.8, "o__SHVP01": 0.8, "o__SHVR01": 0.8, "o__SHVT01": 0.8, "o__SHVV01": 0.8, "o__SHVW01": 0.8, "o__SHVZ01": 0.8, "o__SHWA01": 0.8, "o__SMXP01": 0.8, "o__SMXQ01": 0.8, "o__SMXS01": 0.8, "o__SP197": 0.8, "o__SPJN01": 0.8, "o__Sneathiellales": 0.7032258064516128, "o__Sphingomonadales": 0.7889357218124342, "o__TMED109": 0.8, "o__TMED127": 0.7778302563227608, "o__Thalassobaculales": 0.7183673469387755, "o__Tistrellales": 0.8, "o__UBA11073": 0.8, "o__UBA11136": 0.7666666666666666, "o__UBA11222": 0.8, "o__UBA1280": 0.709090909090909, "o__UBA2400": 0.8, "o__UBA2562": 0.8, "o__UBA2966": 0.8, "o__UBA3830": 0.8, "o__UBA6184": 0.8, "o__UBA6615": 0.7166666666666666, "o__UBA7879": 0.8, "o__UBA7887": 0.7166666666666666, "o__UBA7985": 0.8, "o__UBA828": 0.8, "o__UBA8317": 0.8, "o__UBA8366": 0.7189189189189189, "o__UBA8558": 0.8, "o__UBA9655": 0.8, "o__VXPW01": 0.7583333333333333, "o__WRAU01": 0.8, "o__Zavarziniales": 0.8}