{"o__Acetivibrionales": null, "o__Clostridiales": 0.7472342552906741, "o__DUPQ01": null, "o__Eubacteriales": null, "o__HGM11514": null, "o__JAAYHZ01": null, "o__Lachnospirales": 0.7500775440924852, "o__Lutisporales": null, "o__Monoglobales": null, "o__Monoglobales_A": null, "o__Oscillospirales": 0.7540001733711761, "o__Peptostreptococcales": 0.6495033197838112, "o__RUG12999": null, "o__SK-Y3": null, "o__Saccharofermentanales": 0.6392659485247802, "o__TANB77": 0.7706550596881125, "o__Tissierellales": 0.7034032855446859, "o__UBA1212": null, "o__UBA4821": null, "o__UBA8921": null, "o__UMGS1810": null, "o__UMGS1840": null, "o__UMGS1883": null, "o__WRCU01": null, "o__WRLR01": null}