{"o__Acetivibrionales": null, "o__Clostridiales": 0.7442878295605757, "o__DUPQ01": null, "o__Eubacteriales": null, "o__HGM11514": null, "o__JAAYHZ01": null, "o__Lachnospirales": 0.7498700880873834, "o__Lutisporales": null, "o__Monoglobales": null, "o__Monoglobales_A": null, "o__Oscillospirales": 0.7528362198564058, "o__Peptostreptococcales": 0.6486039565793145, "o__RUG12999": null, "o__SK-Y3": null, "o__Saccharofermentanales": 0.6483758084494307, "o__TANB77": 0.771077435486597, "o__Tissierellales": 0.6997012158224445, "o__UBA1212": null, "o__UBA4821": null, "o__UBA8921": null, "o__UMGS1810": null, "o__UMGS1840": null, "o__UMGS1883": null, "o__WRCU01": null, "o__WRLR01": null}