{"o__Fibrobacterales": 0.7999289413400263, "o__UBA11236": null, "o__UBA5070": 0.7996467802173484}