{"o__Fibrobacterales": 0.7999145375575993, "o__UBA11236": null, "o__UBA5070": 0.799596320248398}