{"o__Acidaminococcales": 0.7990134107094136, "o__Anaeromusales": null, "o__JAAYSF01": null, "o__Propionisporales": null, "o__Selenomonadales": 0.7988482311882701, "o__Selenomonadales_A": null, "o__Sporomusales": null, "o__UBA11029": null, "o__UBA1444": 0.7800063238094179, "o__UMGS1260": null, "o__Veillonellales": 0.7997717657517176}