{"o__Acidaminococcales": 0.7989121470270126, "o__Anaeromusales": null, "o__JAAYSF01": null, "o__Propionisporales": null, "o__Selenomonadales": 0.799364342005036, "o__Selenomonadales_A": null, "o__Sporomusales": null, "o__UBA11029": null, "o__UBA1444": 0.7783375871768345, "o__UMGS1260": null, "o__Veillonellales": 0.7997601674869215}