{"o__Gemmatales": 0.7981835540841566, "o__Isosphaerales": null, "o__Pan216": null, "o__Pirellulales": 0.798181168814577, "o__Planctomycetales": null}