{"o__ARS1246": 0.7999969714910078, "o__B11-G9": null, "o__Borreliales": null, "o__CADAEX01": 0.7996709170268075, "o__DSM-16054": null, "o__JABEVK01": null, "o__JABMQR01": null, "o__JC444": null, "o__SPDA01": null, "o__SZUA-6": 0.7954746173633616, "o__Sphaerochaetales": 0.7989524963543662, "o__Spirochaetales_A": null, "o__Spirochaetales_C": 0.7943755708302513, "o__Spirochaetales_D": null, "o__Spirochaetales_E": null, "o__Treponematales": 0.7988826907630899, "o__WRBN01": null, "o__WTKD01": null}