{"o__ARS1246": 0.7999969714910078, "o__Treponematales": 0.7988826907630899}