{"o__ARS1246": 0.7999950260478941, "o__B11-G9": null, "o__Borreliales": null, "o__CADAEX01": 0.7997731172669036, "o__DSM-16054": null, "o__JABEVK01": null, "o__JABMQR01": null, "o__JC444": null, "o__SPDA01": null, "o__SZUA-6": 0.7946115499853006, "o__Sphaerochaetales": 0.7988120437663055, "o__Spirochaetales_A": null, "o__Spirochaetales_C": 0.7948901909009223, "o__Spirochaetales_D": null, "o__Spirochaetales_E": null, "o__Treponematales": 0.798688439728332, "o__WRBN01": null, "o__WTKD01": null}