{"p__Actinobacteriota": 0.6581132537869294, "p__Bacteroidota": 0.3811710096153473, "p__Campylobacterota": 0.655372009700274, "p__Cyanobacteria": 0.4068687998402018, "p__Desulfobacterota": 0.4606806451572201, "p__Elusimicrobiota": null, "p__Eremiobacterota": 0.640375125212495, "p__Fibrobacterota": 0.4828824122215973, "p__Firmicutes": 0.34857026997810475, "p__Firmicutes_A": 0.30372433915610236, "p__Firmicutes_C": 0.16873890212625614, "p__Planctomycetota": 0.441720252736354, "p__Proteobacteria": null, "p__Riflebacteria": 0.4090557138043968, "p__Spirochaetota": 0.46136413201063925, "p__Verrucomicrobiota": 0.5142537643447798}