{"p__Actinobacteriota": 0.6264989193751564, "p__Bacteroidota": 0.41655487245766415, "p__Campylobacterota": 0.6390135467341698, "p__Desulfobacterota": 0.4982330020473687, "p__Eremiobacterota": 0.6452029256435938, "p__Fibrobacterota": 0.5250824829242098, "p__Firmicutes": 1, "p__Firmicutes_A": 1, "p__Firmicutes_C": 1, "p__Planctomycetota": 0.5955198761890892, "p__Riflebacteria": 0.5128031987881014, "p__Spirochaetota": 0.5405017083781294, "p__Verrucomicrobiota": 0.5893819662885551}