{"p__Actinobacteriota": 0.6264989193751564, "p__Bacteroidota": 0.3936828617719375, "p__Campylobacterota": 0.6390135467341698, "p__Desulfobacterota": 0.4569868358098312, "p__Eremiobacterota": 0.6452029256435938, "p__Fibrobacterota": 0.48390345697117404, "p__Firmicutes": 0.3456459912974455, "p__Firmicutes_A": 0.2945540697945782, "p__Firmicutes_C": 0.17118917481231144, "p__Planctomycetota": 0.4235209596450786, "p__Riflebacteria": 0.4090557138043968, "p__Spirochaetota": 0.460470642236624, "p__Verrucomicrobiota": 0.5029089989195277}