{"g__Atopobium": null, "g__CACXFF01": null, "g__CACZNT01": null, "g__CADAUA01": 0.6543802841277542, "g__CADBMC01": null, "g__Fannyhessea": null, "g__Lancefieldella": null, "g__NM07-P-09": null, "g__Olegusella": 0.7594670649529767, "g__Olsenella": 0.7152621327568647, "g__Olsenella_B": null, "g__Olsenella_D": null, "g__Olsenella_E": null, "g__Parolsenella": null, "g__RUG440": 0.7400708020621312, "g__RUG721": 0.7678555271826968, "g__UBA1367": 0.7558114132773439, "g__UBA7741": 0.7720360331340173, "g__UBA7748": null, "g__UMGS1418": null}