{"g__CADAUA01": 0.6543802841277542, "g__Olegusella": 0.7594670649529767, "g__Olsenella": 0.7152621327568647, "g__RUG721": 0.7678555271826968, "g__UBA1367": 0.7558114132773439, "g__UBA7741": 0.7720360331340173}