{"g__43-108": null, "g__Alloprevotella": 0.7612502283786298, "g__Bacteroides": null, "g__Bacteroides_E": null, "g__Bacteroides_G": null, "g__CAG-462": null, "g__CAG-617": null, "g__F0040": null, "g__Ga6A1": null, "g__HGM04593": null, "g__HGM04792": null, "g__JAAYSY01": null, "g__JAAYUD01": null, "g__OM05-12": null, "g__Paraprevotella": null, "g__Phocaeicola": 0.6078393129631816, "g__Prevotella": 0.5310785556594593, "g__Prevotellamassilia": 0.6637116829481902, "g__RUG11857": null, "g__RUG13423": null, "g__RUG210": 0.762710144305826, "g__UBA1179": 0.7812969190405203, "g__UBA1189": null, "g__UBA1786": null, "g__UBA1794": null, "g__UBA2918": 0.7808166091186575, "g__UBA3839": 0.7465048208627814, "g__UBA4293": 0.7311147352454974, "g__UBA4334": 0.7255555982041775, "g__UBA4372": 0.6901418300162558, "g__UBA6382": 0.7545294667211813, "g__UBA6398": 0.7637431853890724}