{"g__43-108": null, "g__Alloprevotella": 0.7657550292370614, "g__Bacteroides": null, "g__Bacteroides_E": null, "g__Bacteroides_G": null, "g__CAG-462": null, "g__CAG-617": null, "g__F0040": 0.6926725182107174, "g__Ga6A1": null, "g__HGM04593": null, "g__HGM04792": null, "g__JAAYSY01": null, "g__JAAYUD01": null, "g__OM05-12": null, "g__Paraprevotella": null, "g__Phocaeicola": null, "g__Prevotella": 0.5428381186206686, "g__Prevotellamassilia": 0.6200361046045237, "g__RUG11857": null, "g__RUG13423": null, "g__RUG210": 0.7608403008796765, "g__UBA1179": 0.7696862885755824, "g__UBA1189": null, "g__UBA1786": null, "g__UBA1794": null, "g__UBA2918": 0.7745098825805841, "g__UBA3839": 0.7152097540036533, "g__UBA4293": 0.7266167347765928, "g__UBA4334": 0.690136037251802, "g__UBA4372": 0.7011885318067976, "g__UBA6382": 0.7084476610460135, "g__UBA6398": 0.7801368379050981}