{"g__CAG-826": null, "g__JAAYDH01": null, "g__JAAYSA01": null, "g__RUG13091": null, "g__RUG131": 0.7936885593589453, "g__RUG14515": null, "g__UBA1361": null, "g__UBA1424": null, "g__UBA1719": null, "g__UBA2450": 0.761673799317552, "g__UBA3207": 0.7662178868450382, "g__UBA4855": null, "g__UBA4951": 0.6973687460698201, "g__UBA5455": null, "g__UBA6120": null, "g__UBA733": 0.7191976282231869, "g__UBA7706": null, "g__UBA970": null}