{"g__DTU024": 0.7347216759506154, "g__Firm-10": 0.8, "g__Firm-11": 0.7473684210526315, "g__GCA-900199385": 0.7773284839520005, "g__HGM11575": 0.8, "g__HGM11588": 0.8, "g__HGM11604": 0.8, "g__JAAYOH01": 0.8, "g__JAAZPT01": 0.8, "g__OEMS01": 0.8, "g__RUG11247": 0.8, "g__RUG11272": 0.8, "g__RUG13279": 0.8, "g__RUG14130": 0.8, "g__RUG563": 0.8, "g__RUG740": 0.7853722798524478, "g__RUG756": 0.7891005472802535, "g__SFFH01": 0.753923817910056, "g__SFFS01": 0.8, "g__SFHK01": 0.8, "g__SFMI01": 0.8, "g__SFTH01": 0.8, "g__UBA1038": 0.8, "g__UBA11524": 0.8, "g__UBA1224": 0.8, "g__UBA2862": 0.7790268421448134, "g__UBA2943": 0.8, "g__UBA4246": 0.8, "g__UMGS1600": 0.8, "g__UMGS1603": 0.8, "g__UMGS1633": 0.8, "g__WQXF01": 0.8, "g__WRFT01": 0.8, "g__WRGP01": 0.8}