{"g__51-20": null, "g__CAAFZY01": null, "g__CAG-267": null, "g__CAG-495": null, "g__RUG410": 0.7039571039864216, "g__UBA1254": 0.7973804037096806}