{"g__BOG-1184": 0.7744948411038703, "g__Chitinispirillum": 0.7985027043706943, "g__FEN-1185": null, "g__GUT77": null, "g__JAAYEB01": null, "g__JAAYIG01": 0.7713580197260002, "g__JAAYPC01": null, "g__JAAZBG01": null, "g__WRCH01": null}