{"g__DTU024": null, "g__Firm-10": null, "g__Firm-11": null, "g__GCA-900199385": 0.761997343884149, "g__HGM11575": null, "g__HGM11588": null, "g__HGM11604": null, "g__JAAYOH01": null, "g__JAAZPT01": null, "g__OEMS01": null, "g__RUG11247": null, "g__RUG11272": null, "g__RUG13279": null, "g__RUG14130": null, "g__RUG563": 0.761580589521859, "g__RUG740": 0.7950238552299782, "g__RUG756": 0.7661522456489398, "g__SFFH01": 0.7437825515551901, "g__SFFS01": null, "g__SFHK01": null, "g__SFMI01": null, "g__SFTH01": null, "g__UBA1038": null, "g__UBA11524": null, "g__UBA1224": null, "g__UBA2862": 0.5865991573293465, "g__UBA2943": null, "g__UBA4246": null, "g__UMGS1600": null, "g__UMGS1603": null, "g__UMGS1633": null, "g__WQXF01": null, "g__WRFT01": null, "g__WRGP01": null}