{"g__51-20": 0.7897480131955341, "g__CAAFZY01": 0.8, "g__CAG-267": 0.8, "g__CAG-495": 0.7889358830860247, "g__RUG410": 0.7729729729729731, "g__UBA1254": 0.8}