{"g__BOG-1184": 0.777179594671884, "g__Chitinispirillum": 0.798778521986619, "g__FEN-1185": null, "g__GUT77": null, "g__JAAYEB01": null, "g__JAAYIG01": 0.777904758074343, "g__JAAYPC01": null, "g__JAAZBG01": null, "g__WRCH01": null}