{"g__CAIRAY01": 0.7681732880574828, "g__Fibro-01": 0.7781061627039714, "g__Fibrobacter": 0.7710143757448837, "g__Fibrobacter_A": null, "g__Fibromonas": null, "g__JAAYJH01": null, "g__JAAZFC01": null, "g__UBA1313": null, "g__UBA1765": null}