{"g__CAG-196": 0.7394332225705527, "g__CAG-306": null, "g__CAG-484": 0.7357811416544233, "g__CAIPUE01": null, "g__Gastranaerophilus": null, "g__QAMI01": null, "g__QHMH01": null, "g__RUG14219": null, "g__RUG841": null, "g__UBA1221": 0.7597099585627882, "g__UBA2813": 0.723265013508035, "g__UBA2883": 0.6680116867268469, "g__UBA6984": 0.7536666294366552, "g__UBA791": null, "g__UBA947": null, "g__UMGS1477": 0.7957188814504537, "g__UMGS1585": null, "g__UMGS951": null, "g__Zag1": null, "g__Zag111": null}