{"g__Methanomethylophilus": 0.7452027380083028, "g__RumEn-M2": 0.7732297087338735}