{"g__Methanobrevibacter": 0.7902887197141886, "g__Methanobrevibacter_A": 0.7894376737589068, "g__Methanobrevibacter_B": 0.7939318674933198}