{"g__HGM05376": null, "g__Phil12": 0.7780705537168784, "g__RUG11139": null, "g__UBA10566": null, "g__UBA1217": 0.7667811549166417, "g__UBA1219": null, "g__UBA1711": 0.7485860234255268, "g__UBA3388": null, "g__WRKV01": null}