{"g__HGM05376": null, "g__Phil12": null, "g__RUG11139": null, "g__UBA10566": null, "g__UBA1217": 0.7761032868459437, "g__UBA1219": null, "g__UBA1711": 0.7502257232251395, "g__UBA3388": null, "g__WRKV01": null}