{"g__DUPM01": null, "g__Firm-13": null, "g__Firm-16": 0.7917771548252617, "g__JAAYCT01": null, "g__Saccharofermentans": 0.7926522724236336}