{"g__Anaerovibrio": 0.7974282720555501, "g__Centipeda": null, "g__Megamonas": null, "g__Mitsuokella": 0.7873855975161308, "g__Pectinatus": null, "g__Propionispira": null, "g__RUG024": null, "g__RUG11126": null, "g__RUG114": null, "g__RUG643": 0.7314574919779366, "g__Schwartzia": 0.6551110930439241, "g__Selenomonas": null, "g__Selenomonas_A": 0.7960198079007395, "g__Selenomonas_B": null, "g__Selenomonas_C": 0.7509321090714292, "g__UBA1792": null, "g__UBA1796": null, "g__UBA1799": null, "g__UBA2897": 0.7290196158230493, "g__UBA2913": null, "g__UBA3796": null, "g__UBA7018": null, "g__UBA9786": null}