{"g__Anaerovibrio": 0.7977366917680453, "g__Centipeda": null, "g__Megamonas": null, "g__Mitsuokella": 0.7838124775664703, "g__Pectinatus": null, "g__Propionispira": null, "g__RUG024": null, "g__RUG11126": null, "g__RUG114": null, "g__RUG643": 0.7435421957424597, "g__Schwartzia": 0.6712098161606648, "g__Selenomonas": null, "g__Selenomonas_A": 0.7964426360991843, "g__Selenomonas_B": null, "g__Selenomonas_C": 0.7561240459524559, "g__UBA1792": null, "g__UBA1796": null, "g__UBA1799": null, "g__UBA2897": 0.7429340424481663, "g__UBA2913": null, "g__UBA3796": null, "g__UBA7018": null, "g__UBA9786": null}