{"g__DUPM01": null, "g__Firm-13": null, "g__Firm-16": 0.7978554758625336, "g__JAAYCT01": null, "g__Saccharofermentans": 0.7917338064765878}