{"g__CETP13": null, "g__DUOS01": null, "g__GCA-2749205": null, "g__JAAYNH01": null, "g__JAAZLA01": null, "g__Spiro-10": 0.7551778173271366, "g__Treponema": null, "g__Treponema_B": null, "g__Treponema_C": 0.768004359713464, "g__Treponema_D": 0.6769096295306904, "g__Treponema_F": null, "g__UBA1240": null}