{"g__CETP13": null, "g__DUOS01": null, "g__GCA-2749205": null, "g__JAAYNH01": null, "g__JAAZLA01": null, "g__Spiro-10": 0.7747262183108561, "g__Treponema": null, "g__Treponema_B": null, "g__Treponema_C": 0.7591581579003654, "g__Treponema_D": 0.6872919320828415, "g__Treponema_F": null, "g__UBA1240": null}