{"g__CAAGGB01": null, "g__CACZQQ01": null, "g__JAAZIY01": 0.8, "g__JAAZIZ01": 0.8, "g__JAAZKI01": 0.7977407381883685, "g__JAAZKQ01": null, "g__UBA1407": 0.7549519866813088, "g__UBA1724": 0.7926257100379486}