{"g__CADCBS01": null, "g__CAIZQW01": null, "g__DUPH01": null, "g__RUG572": 0.7734328883042623, "g__UBA1067": 0.7425888065625519, "g__UBA1200": null, "g__UBA1211": null, "g__UBA1731": null, "g__W1P29-020": null, "g__WRJS01": null}