{"g__DUOL01": null, "g__F23-D06": 0.7716801173951584, "g__JAAYKF01": null, "g__RUG11942": null, "g__UBA1195": null, "g__UBA1205": null, "g__UBA1756": 0.7717362607148395, "g__UBA5266": null, "g__UBA5429": null}