{"g__DUOL01": null, "g__F23-D06": 0.7682474043521472, "g__JAAYKF01": null, "g__RUG11942": null, "g__UBA1195": null, "g__UBA1205": null, "g__UBA1756": 0.7928409809059518, "g__UBA5266": null, "g__UBA5429": null}