{"g__12-FULL-43-12b": null, "g__12-FULL-44-12b": 0.6273880368773019, "g__C7867-005": null, "g__C7867-006": null, "g__CAIOTC01": null, "g__CAIXDB01": null, "g__JABMOB01": null, "g__SCSN01": null, "g__SICJ01": null, "g__UBA5004": 0.7974274166800948, "g__UBA910": null}