{"s__Agathobacter faecis": 0.7032258064516128, "s__Agathobacter rectalis": 0.8, "s__Agathobacter ruminis": 0.8, "s__Agathobacter sp000434275": 0.70625, "s__Agathobacter sp002474415": 0.8, "s__Agathobacter sp900316805": 0.8, "s__Agathobacter sp900317585": 0.7375, "s__Agathobacter sp900543445": 0.8, "s__Agathobacter sp900546625": 0.7032258064516128, "s__Agathobacter sp900547695": 0.8, "s__Agathobacter sp900548765": 0.8, "s__Agathobacter sp900549895": 0.8, "s__Agathobacter sp900550545": 0.7166666666666666, "s__Agathobacter sp900550845": 0.767741935483871, "s__Agathobacter sp900552085": 0.7166666666666666, "s__Agathobacter sp900557055": 0.7130434782608694}