{"s__Agathobacter faecis": null, "s__Agathobacter rectalis": null, "s__Agathobacter ruminis": null, "s__Agathobacter sp000434275": null, "s__Agathobacter sp002474415": null, "s__Agathobacter sp900316805": 0.7435111956966876, "s__Agathobacter sp900317585": 0.6889350957910416, "s__Agathobacter sp900543445": null, "s__Agathobacter sp900546625": null, "s__Agathobacter sp900547695": null, "s__Agathobacter sp900548765": null, "s__Agathobacter sp900549895": null, "s__Agathobacter sp900550545": null, "s__Agathobacter sp900550845": null, "s__Agathobacter sp900552085": null, "s__Agathobacter sp900557055": null}