{"s__AC2028 sp000702085": null, "s__AC2028 sp000702685": null, "s__AC2028 sp002317155": null, "s__AC2028 sp002373595": 0.7999999546535863, "s__AC2028 sp002373975": null, "s__AC2028 sp900320825": 0.778258651734052, "s__AC2028 sp902761225": null, "s__AC2028 sp902767075": null, "s__AC2028 sp902790935": null, "s__AC2028 sp902794095": null}