{"s__AC2028 sp000702085": 0.8, "s__AC2028 sp000702685": 0.8, "s__AC2028 sp002317155": 0.8, "s__AC2028 sp002373595": 0.8, "s__AC2028 sp002373975": 0.7868770515204988, "s__AC2028 sp900320825": 0.8, "s__AC2028 sp902761225": 0.8, "s__AC2028 sp902767075": 0.7861561142055831, "s__AC2028 sp902790935": 0.8, "s__AC2028 sp902794095": 0.8}