{"s__Alloprevotella rava": null, "s__Alloprevotella sp900317635": 0.7630495475565819, "s__Alloprevotella sp900321445": 0.7787843911960641, "s__Alloprevotella tannerae": null}