{"s__Alloprevotella rava": null, "s__Alloprevotella sp900317635": 0.766309881595707, "s__Alloprevotella sp900321445": 0.7789956108956797, "s__Alloprevotella tannerae": null}