{"s__CAG-603 sp900066105": 0.8, "s__CAG-603 sp900110975": 0.7912756673701384, "s__CAG-603 sp900314525": 0.8, "s__CAG-603 sp900314555": 0.787886928278025, "s__CAG-603 sp900315425": 0.8, "s__CAG-603 sp900321855": 0.8, "s__CAG-603 sp902767015": 0.8, "s__CAG-603 sp902773095": 0.8, "s__CAG-603 sp902786365": 0.8}