{"s__CAG-791 sp000431495": 0.8, "s__CAG-791 sp002353635": 0.8, "s__CAG-791 sp002358875": 0.8, "s__CAG-791 sp002362155": 0.8, "s__CAG-791 sp002372815": 0.8, "s__CAG-791 sp002390025": 0.8, "s__CAG-791 sp002392385": 0.8, "s__CAG-791 sp002394525": 0.8, "s__CAG-791 sp002395235": 0.8, "s__CAG-791 sp002448395": 0.7166666666666666, "s__CAG-791 sp002449595": 0.8, "s__CAG-791 sp003447895": 0.8, "s__CAG-791 sp012512995": 0.8, "s__CAG-791 sp900101015": 0.7835653276365588, "s__CAG-791 sp900107575": 0.8, "s__CAG-791 sp900313745": 0.8, "s__CAG-791 sp900315055": 0.8, "s__CAG-791 sp900316855": 0.8, "s__CAG-791 sp900317475": 0.8, "s__CAG-791 sp900317555": 0.7983965466702205, "s__CAG-791 sp900318375": 0.8, "s__CAG-791 sp900318875": 0.8, "s__CAG-791 sp900319245": 0.7719532207125746, "s__CAG-791 sp900320025": 0.7523322827440502, "s__CAG-791 sp900320325": 0.7714285714285714, "s__CAG-791 sp900320335": 0.8, "s__CAG-791 sp900321785": 0.7714285714285714, "s__CAG-791 sp900625025": 0.8, "s__CAG-791 sp902767235": 0.8, "s__CAG-791 sp902777355": 0.76, "s__CAG-791 sp902780385": 0.7642857142857142, "s__CAG-791 sp902781215": 0.7769500278381931, "s__CAG-791 sp902781325": 0.70625, "s__CAG-791 sp902781655": 0.7166666666666666, "s__CAG-791 sp902783385": 0.8, "s__CAG-791 sp902785055": 0.711851271931609, "s__CAG-791 sp902789735": 0.7736842105263158, "s__CAG-791 sp902794825": 0.7459459459459459, "s__CAG-791 sp902796425": 0.7843721122087179, "s__CAG-791 sp902801415": 0.8, "s__CAG-791 sp902801585": 0.7729693065477949}