{"s__Catenibacterium mitsuokai": null, "s__Catenibacterium sp000437715": null, "s__Catenibacterium sp900540665": 0.5405521412825993, "s__Catenibacterium sp900540685": null, "s__Catenibacterium sp900764565": null, "s__Catenibacterium sp900764725": 0.6604673056265171}