{"s__CAG-485 sp000437495": null, "s__CAG-485 sp001701075": null, "s__CAG-485 sp001701105": null, "s__CAG-485 sp001701295": null, "s__CAG-485 sp002361155": null, "s__CAG-485 sp002361215": null, "s__CAG-485 sp002361235": null, "s__CAG-485 sp002362485": null, "s__CAG-485 sp002404675": null, "s__CAG-485 sp002491165": null, "s__CAG-485 sp002491945": null, "s__CAG-485 sp002493045": null, "s__CAG-485 sp002493515": null, "s__CAG-485 sp003979075": null, "s__CAG-485 sp004552395": null, "s__CAG-485 sp004553095": null, "s__CAG-485 sp009177205": null, "s__CAG-485 sp009775355": null, "s__CAG-485 sp009775365": null, "s__CAG-485 sp009775375": null, "s__CAG-485 sp900321585": 0.6718280456175627, "s__CAG-485 sp900541835": null, "s__CAG-485 sp900542185": null, "s__CAG-485 sp900547755": null, "s__CAG-485 sp900549375": null, "s__CAG-485 sp900550645": 0.7373790684313568, "s__CAG-485 sp900552315": null, "s__CAG-485 sp900554345": null, "s__CAG-485 sp900554845": null, "s__CAG-485 sp900555915": null, "s__CAG-485 sp900556595": null, "s__CAG-485 sp900759795": null, "s__CAG-485 sp900760735": null, "s__CAG-485 sp900760815": null, "s__CAG-485 sp900760885": null, "s__CAG-485 sp900761855": null, "s__CAG-485 sp900766975": null, "s__CAG-485 sp900767075": null}