{"s__CAG-964 sp000435335": null, "s__CAG-964 sp900316025": 0.7973115620318689, "s__CAG-964 sp900316615": 0.7761399516397192, "s__CAG-964 sp902762375": null, "s__CAG-964 sp902772795": null, "s__CAG-964 sp902773265": null, "s__CAG-964 sp902789345": null}