{"s__CAG-103 sp000432375": null, "s__CAG-103 sp004556965": null, "s__CAG-103 sp900316745": 0.7465896467582145, "s__CAG-103 sp900317855": 0.6634230085262991, "s__CAG-103 sp900317905": 0.7954757229596652, "s__CAG-103 sp900543625": null, "s__CAG-103 sp900757655": null}