{"s__CAG-603 sp900066105": null, "s__CAG-603 sp900110975": null, "s__CAG-603 sp900314525": 0.7998119966500439, "s__CAG-603 sp900314555": 0.7695254886041065, "s__CAG-603 sp900315425": 0.7769659208685293, "s__CAG-603 sp900321855": 0.756594876771465, "s__CAG-603 sp902767015": null, "s__CAG-603 sp902773095": null, "s__CAG-603 sp902786365": null}