{"s__CAG-103 sp000432375": null, "s__CAG-103 sp004556965": null, "s__CAG-103 sp900316745": 0.7408258083631352, "s__CAG-103 sp900317855": 0.6437837389942225, "s__CAG-103 sp900317905": 0.7968674001586653, "s__CAG-103 sp900543625": null, "s__CAG-103 sp900757655": null}