{"s__CAG-590 sp000431135": null, "s__CAG-590 sp003530125": 0.7523180598564085, "s__CAG-590 sp900313855": 0.7999116123858496, "s__CAG-590 sp900544905": null, "s__CAG-590 sp900548855": null, "s__CAG-590 sp900552885": null, "s__CAG-590 sp900769115": null, "s__CAG-590 sp902793335": null}