{"s__Dialister hominis": 0.7983456058469107, "s__Dialister invisus": 0.760271201675758, "s__Dialister sp000434475": null, "s__Dialister sp001553355": null, "s__Dialister sp002297935": null, "s__Dialister sp002320515": null, "s__Dialister sp002439665": null, "s__Dialister sp002471975": null, "s__Dialister sp900314595": 0.7482553630840907, "s__Dialister sp900538805": null, "s__Dialister sp900541485": null, "s__Dialister sp900541605": null, "s__Dialister sp900543165": null, "s__Dialister sp900543455": null, "s__Dialister sp900545785": null, "s__Dialister sp900547785": null, "s__Dialister sp900555245": null, "s__Dialister sp900557365": null, "s__Dialister sp900759415": null, "s__Dialister sp900765565": null, "s__Dialister succinatiphilus": null}