{"s__Eubacterium_H cellulosolvens_A": null, "s__Eubacterium_H sp000702845": null, "s__Eubacterium_H sp002368795": null, "s__Eubacterium_H sp002371335": 0.7918941986192407, "s__Eubacterium_H sp002394235": null, "s__Eubacterium_H sp003488475": null, "s__Eubacterium_H sp009696005": 0.7561805246245275, "s__Eubacterium_H sp900314295": null, "s__Eubacterium_H sp900317175": null, "s__Eubacterium_H sp900318405": 0.7739371758507527, "s__Eubacterium_H sp900318755": 0.7473431723366233, "s__Eubacterium_H sp900319355": null, "s__Eubacterium_H sp900770225": null, "s__Eubacterium_H sp902783945": 0.7227296704399826, "s__Eubacterium_H sp902795835": null, "s__Eubacterium_H sp902797025": null, "s__Eubacterium_H sp903789595": null}