{"s__Eubacterium_F sp000433735": 0.8, "s__Eubacterium_F sp000434115": 0.8, "s__Eubacterium_F sp000687695": 0.8, "s__Eubacterium_F sp002362575": 0.8, "s__Eubacterium_F sp002431395": 0.7333333333333334, "s__Eubacterium_F sp002435545": 0.8, "s__Eubacterium_F sp002490465": 0.8, "s__Eubacterium_F sp003453515": 0.8, "s__Eubacterium_F sp003491505": 0.8, "s__Eubacterium_F sp900318295": 0.8, "s__Eubacterium_F sp900319095": 0.8, "s__Eubacterium_F sp900539115": 0.7189189189189189, "s__Eubacterium_F xylanophilum": 0.8}