{"s__Eubacterium_Q ruminantium": 0.7210103647464445, "s__Eubacterium_Q ruminantium_A": null, "s__Eubacterium_Q sp000687655": null, "s__Eubacterium_Q sp000687975": null, "s__Eubacterium_Q sp000702245": null, "s__Eubacterium_Q sp000703065": null, "s__Eubacterium_Q sp002349225": null, "s__Eubacterium_Q sp002350525": null, "s__Eubacterium_Q sp002368685": null, "s__Eubacterium_Q sp002371025": null, "s__Eubacterium_Q sp002372545": null, "s__Eubacterium_Q sp002372755": null, "s__Eubacterium_Q sp002391105": null, "s__Eubacterium_Q sp002392655": null, "s__Eubacterium_Q sp003520105": null, "s__Eubacterium_Q sp003520205": null, "s__Eubacterium_Q sp900110635": null, "s__Eubacterium_Q sp900199595": null, "s__Eubacterium_Q sp900314445": null, "s__Eubacterium_Q sp900316715": 0.7993808851758539, "s__Eubacterium_Q sp900321215": null, "s__Eubacterium_Q sp900321505": null, "s__Eubacterium_Q sp902760755": null, "s__Eubacterium_Q sp902772925": null, "s__Eubacterium_Q sp902773185": null, "s__Eubacterium_Q sp902774725": null, "s__Eubacterium_Q sp902775555": null, "s__Eubacterium_Q sp902776395": null, "s__Eubacterium_Q sp902777655": null, "s__Eubacterium_Q sp902780985": null, "s__Eubacterium_Q sp902781895": null, "s__Eubacterium_Q sp902782695": null, "s__Eubacterium_Q sp902782965": null, "s__Eubacterium_Q sp902783605": null, "s__Eubacterium_Q sp902789175": null, "s__Eubacterium_Q sp902792005": null, "s__Eubacterium_Q sp902795855": null, "s__Eubacterium_Q sp902796375": null, "s__Eubacterium_Q sp902796385": null, "s__Eubacterium_Q sp902797155": null}