{"s__F23-D06 sp002311645": null, "s__F23-D06 sp002392325": null, "s__F23-D06 sp900315245": 0.7588571745480437, "s__F23-D06 sp900315705": 0.7976841460101556, "s__F23-D06 sp900316305": 0.7693092741342002, "s__F23-D06 sp900317715": 0.7319158070945153, "s__F23-D06 sp900319925": 0.7978248891692916, "s__F23-D06 sp902770735": null, "s__F23-D06 sp902771655": null, "s__F23-D06 sp902786595": null, "s__F23-D06 sp902796805": null, "s__F23-D06 sp902797625": null, "s__F23-D06 sp902802755": null}