{"s__F082 sp001543395": null, "s__F082 sp001603665": null, "s__F082 sp002310075": null, "s__F082 sp002311655": null, "s__F082 sp002396205": null, "s__F082 sp002633315": null, "s__F082 sp900315175": 0.734407706771061, "s__F082 sp900317055": 0.6212371004060242, "s__F082 sp900317155": 0.7058150128960257, "s__F082 sp900318085": 0.7232266404338905, "s__F082 sp900318265": 0.6961863859148121, "s__F082 sp900318465": 0.5872292912981916, "s__F082 sp900321315": 0.7568123945073368, "s__F082 sp900542475": null, "s__F082 sp900769945": null, "s__F082 sp900771045": null, "s__F082 sp902767725": null, "s__F082 sp902769815": null, "s__F082 sp902769875": null, "s__F082 sp902770835": null, "s__F082 sp902771635": null, "s__F082 sp902774295": null, "s__F082 sp902774365": null, "s__F082 sp902783365": null, "s__F082 sp902785755": null, "s__F082 sp902786745": null, "s__F082 sp902787095": null, "s__F082 sp902789915": null, "s__F082 sp902791165": null, "s__F082 sp902794155": 0.5733600169742119, "s__F082 sp902799345": null, "s__F082 sp902800965": null, "s__F082 sp902801465": null, "s__F082 sp902801625": null, "s__F082 sp902802535": null}