{"s__Faecalimonas phoceensis": 0.7569332832234221, "s__Faecalimonas sp000209385": 0.8, "s__Faecalimonas sp900316755": 0.8, "s__Faecalimonas sp900546325": 0.8, "s__Faecalimonas sp900550235": 0.8, "s__Faecalimonas sp900550975": 0.8, "s__Faecalimonas sp900551895": 0.7672093507362878, "s__Faecalimonas sp900555395": 0.8, "s__Faecalimonas sp900556835": 0.8, "s__Faecalimonas umbilicata": 0.7910160027217503}