{"s__F23-D06 sp002311645": null, "s__F23-D06 sp002392325": null, "s__F23-D06 sp900315245": 0.7592520453575411, "s__F23-D06 sp900315705": 0.7977004793411817, "s__F23-D06 sp900316305": 0.7063310704008818, "s__F23-D06 sp900317715": 0.7401602714450535, "s__F23-D06 sp900319925": 0.7941701175764895, "s__F23-D06 sp902770735": null, "s__F23-D06 sp902771655": null, "s__F23-D06 sp902786595": null, "s__F23-D06 sp902796805": null, "s__F23-D06 sp902797625": null, "s__F23-D06 sp902802755": null}