{"s__Intestinibaculum porci": 0.7848484848484634, "s__Intestinibaculum sp900317015": 0.7645061703703704}