{"s__Intestinibaculum porci": 0.772972972972952, "s__Intestinibaculum sp900317015": 0.7726190457142856}