{"s__Intestinibaculum porci": 0.7696969696969489, "s__Intestinibaculum sp900317015": 0.7645061703703704}