{"s__Lachnospira eligens": 0.709090909090909, "s__Lachnospira eligens_A": 0.7166666666666666, "s__Lachnospira multipara": 0.7152930742837538, "s__Lachnospira multipara_A": 0.8, "s__Lachnospira pectinoschiza_B": 0.7411764705882353, "s__Lachnospira rogosae_A": 0.7760384657049357, "s__Lachnospira sp000436475": 0.8, "s__Lachnospira sp000436535": 0.8, "s__Lachnospira sp000437735": 0.7736842105263158, "s__Lachnospira sp002394205": 0.8, "s__Lachnospira sp002435585": 0.8, "s__Lachnospira sp003451515": 0.7166666666666666, "s__Lachnospira sp003537285": 0.7142857142857142, "s__Lachnospira sp900316325": 0.8, "s__Lachnospira sp900545725": 0.8, "s__Lachnospira sp900547255": 0.8, "s__Lachnospira sp900551945": 0.8, "s__Lachnospira sp900552795": 0.8, "s__Lachnospira sp900772425": 0.8}