{"s__Methanomethylophilus alvus": null, "s__Methanomethylophilus sp000350305": null, "s__Methanomethylophilus sp001481295": 0.7501953097478145, "s__Methanomethylophilus sp001560915": 0.7520290183991052, "s__Methanomethylophilus sp002495325": null, "s__Methanomethylophilus sp002503545": null, "s__Methanomethylophilus sp902763685": null, "s__Methanomethylophilus sp902787415": null}