{"s__Olegusella massiliensis": null, "s__Olegusella sp000466405": null, "s__Olegusella sp002407925": null, "s__Olegusella sp900314685": 0.7340648553379374, "s__Olegusella sp900315165": 0.7999796793996241}