{"s__Olsenella phocaeensis": null, "s__Olsenella profusa": null, "s__Olsenella sp001457795": null, "s__Olsenella sp003862195": null, "s__Olsenella sp900313175": 0.6278049671172403, "s__Olsenella sp900316105": null, "s__Olsenella sp900538935": null, "s__Olsenella sp900555995": null, "s__Olsenella sp902787335": null, "s__Olsenella uli": null, "s__Olsenella umbonata": 0.7040461487484304, "s__Olsenella umbonata_A": null, "s__Olsenella urininfantis": 0.7387034545046474}