{"s__Olegusella massiliensis": null, "s__Olegusella sp000466405": null, "s__Olegusella sp002407925": null, "s__Olegusella sp900314685": 0.7474320908121965, "s__Olegusella sp900315165": 0.799982501705232}