{"s__Prevotella copri": 0.8, "s__Prevotella ruminicola": 0.8, "s__Prevotella sp900100635": 0.8, "s__Prevotella sp900110085": 0.7590423905542898, "s__Prevotella sp900313215": 0.8, "s__Prevotella sp900313235": 0.7714285714285714, "s__Prevotella sp900313805": 0.8, "s__Prevotella sp900314195": 0.8, "s__Prevotella sp900314455": 0.8, "s__Prevotella sp900314655": 0.8, "s__Prevotella sp900314755": 0.7130434782608694, "s__Prevotella sp900314935": 0.8, "s__Prevotella sp900314945": 0.8, "s__Prevotella sp900314985": 0.7473684210526315, "s__Prevotella sp900314995": 0.7428571428571429, "s__Prevotella sp900315035": 0.7705882352941176, "s__Prevotella sp900315095": 0.8, "s__Prevotella sp900315525": 0.8, "s__Prevotella sp900315565": 0.8, "s__Prevotella sp900315635": 0.8, "s__Prevotella sp900315695": 0.76875, "s__Prevotella sp900315765": 0.709090909090909, "s__Prevotella sp900315775": 0.8, "s__Prevotella sp900315955": 0.8, "s__Prevotella sp900316015": 0.7047619047619047, "s__Prevotella sp900316265": 0.8, "s__Prevotella sp900316285": 0.8, "s__Prevotella sp900316295": 0.8, "s__Prevotella sp900316445": 0.7189189189189189, "s__Prevotella sp900316475": 0.7189189189189189, "s__Prevotella sp900316565": 0.8, "s__Prevotella sp900316645": 0.8, "s__Prevotella sp900316685": 0.8, "s__Prevotella sp900316985": 0.7749999999999999, "s__Prevotella sp900317305": 0.7403928463260534, "s__Prevotella sp900317405": 0.7117647058823529, "s__Prevotella sp900317545": 0.8, "s__Prevotella sp900317685": 0.7310344827586206, "s__Prevotella sp900318395": 0.7736842105263158, "s__Prevotella sp900318555": 0.7047619047619047, "s__Prevotella sp900318585": 0.8, "s__Prevotella sp900318625": 0.8}