{"s__RC9 sp000431015": null, "s__RC9 sp000432515": null, "s__RC9 sp000432655": null, "s__RC9 sp000433355": 0.7326762271936618, "s__RC9 sp000434935": null, "s__RC9 sp000435075": null, "s__RC9 sp001602865": 0.7342222516589376, "s__RC9 sp001602885": null, "s__RC9 sp001915575": null, "s__RC9 sp002297815": null, "s__RC9 sp002298075": null, "s__RC9 sp002308935": null, "s__RC9 sp002309995": null, "s__RC9 sp002314195": null, "s__RC9 sp002314885": null, "s__RC9 sp002315815": null, "s__RC9 sp002315825": null, "s__RC9 sp002320605": 0.5946328817247446, "s__RC9 sp002321335": 0.7463559165735774, "s__RC9 sp002350615": 0.7918964211460331, "s__RC9 sp002354005": 0.584507042487554, "s__RC9 sp002361625": null, "s__RC9 sp002371115": null, "s__RC9 sp002373715": null, "s__RC9 sp002392525": 0.6816365801569275, "s__RC9 sp002393895": null, "s__RC9 sp002393945": null, "s__RC9 sp002395605": null, "s__RC9 sp002395925": null, "s__RC9 sp002396335": null, "s__RC9 sp002437305": null, "s__RC9 sp002438635": null, "s__RC9 sp002438805": null, "s__RC9 sp002438845": null, "s__RC9 sp002438905": null, "s__RC9 sp002439095": null, "s__RC9 sp002439585": 0.7996520300517, "s__RC9 sp002439805": null, "s__RC9 sp002439875": null, "s__RC9 sp002440085": null, "s__RC9 sp002451795": null, "s__RC9 sp002472565": null, "s__RC9 sp004552115": null, "s__RC9 sp004552615": null, "s__RC9 sp004552965": null, "s__RC9 sp004554455": null, "s__RC9 sp004555145": null, "s__RC9 sp004556005": null, "s__RC9 sp009774765": null, "s__RC9 sp012522855": null, "s__RC9 sp012744435": null, "s__RC9 sp012800665": null, "s__RC9 sp900167895": null, "s__RC9 sp900167925": null, "s__RC9 sp900313205": 0.5978584740173762, "s__RC9 sp900313275": 0.7789651553478001, "s__RC9 sp900314395": 0.7904394688150458, "s__RC9 sp900316045": 0.7219109231034437, "s__RC9 sp900316245": 0.791880225931753, "s__RC9 sp900316525": 0.650572266981829, "s__RC9 sp900316675": 0.7950613560109003, "s__RC9 sp900316955": 0.590858441948034, "s__RC9 sp900317065": 0.6983735425593527, "s__RC9 sp900317845": 0.608850917671139, "s__RC9 sp900317925": 0.7527407465253642, "s__RC9 sp900318015": 0.6683178111618144, "s__RC9 sp900318355": 0.7738590307451756, "s__RC9 sp900318445": 0.6807248635680652, "s__RC9 sp900318565": 0.7443247123378993, "s__RC9 sp900318955": null, "s__RC9 sp900319185": 0.7306671528786541, "s__RC9 sp900319375": 0.7982162176992667, "s__RC9 sp900319405": 0.7896481877912924, "s__RC9 sp900319485": 0.7841037828686563, "s__RC9 sp900319685": 0.7696293465507607, "s__RC9 sp900319855": 0.768518931960924, "s__RC9 sp900319975": 0.5159930286237189, "s__RC9 sp900320185": null, "s__RC9 sp900320365": null, "s__RC9 sp900320385": 0.7647016631172052, "s__RC9 sp900320545": 0.7142559772246877, "s__RC9 sp900320795": 0.7678098843438501, "s__RC9 sp900320965": null, "s__RC9 sp900321245": 0.7157432576896701, "s__RC9 sp900321655": 0.7894184076038369, "s__RC9 sp900321715": 0.6617708866047525, "s__RC9 sp900541925": null, "s__RC9 sp900543205": null, "s__RC9 sp900544195": null, "s__RC9 sp900545245": null, "s__RC9 sp900546395": null, "s__RC9 sp900546445": null, "s__RC9 sp900546925": null, "s__RC9 sp900760425": null, "s__RC9 sp900767375": null, "s__RC9 sp900767405": null, "s__RC9 sp900769145": null, "s__RC9 sp900769905": null, "s__RC9 sp900771005": null, "s__RC9 sp902761655": null, "s__RC9 sp902762435": null, "s__RC9 sp902762655": null, "s__RC9 sp902766255": null, "s__RC9 sp902766985": null, "s__RC9 sp902767465": null, "s__RC9 sp902768665": null, "s__RC9 sp902768955": null, "s__RC9 sp902768985": null, "s__RC9 sp902772985": null, "s__RC9 sp902774045": null, "s__RC9 sp902774145": null, "s__RC9 sp902774155": null, "s__RC9 sp902774345": null, "s__RC9 sp902778105": null, "s__RC9 sp902779495": null, "s__RC9 sp902779765": null, "s__RC9 sp902779785": null, "s__RC9 sp902780175": null, "s__RC9 sp902780935": null, "s__RC9 sp902781705": null, "s__RC9 sp902782225": null, "s__RC9 sp902784435": null, "s__RC9 sp902784785": null, "s__RC9 sp902785065": null, "s__RC9 sp902785575": null, "s__RC9 sp902785825": null, "s__RC9 sp902787255": null, "s__RC9 sp902787295": null, "s__RC9 sp902788095": null, "s__RC9 sp902788175": null, "s__RC9 sp902789245": null, "s__RC9 sp902789395": null, "s__RC9 sp902790635": null, "s__RC9 sp902791945": null, "s__RC9 sp902792815": null, "s__RC9 sp902794005": null, "s__RC9 sp902794615": null, "s__RC9 sp902795445": null, "s__RC9 sp902795735": null, "s__RC9 sp902795785": null, "s__RC9 sp902796455": null, "s__RC9 sp902796555": null, "s__RC9 sp902797035": null, "s__RC9 sp902797435": null, "s__RC9 sp902798975": null, "s__RC9 sp902799895": null, "s__RC9 sp902801205": null, "s__RC9 sp902801885": null, "s__RC9 sp902803535": null, "s__RC9 sp902803715": null}