{"s__RUG306 sp900313435": 0.7120867901305872, "s__RUG306 sp900314085": 0.7764523457739119, "s__RUG306 sp900316075": 0.8, "s__RUG306 sp900317755": 0.7763434978945765, "s__RUG306 sp902772635": null}