{"s__RUG210 sp003265305": 0.7872813533649885, "s__RUG210 sp900316575": 0.7603162556258027, "s__RUG210 sp902796835": null}