{"s__RUG163 sp002069025": null, "s__RUG163 sp009930305": null, "s__RUG163 sp900316125": 0.7586388253586787, "s__RUG163 sp900316995": 0.797223074350403}