{"s__RUG740 sp900316415": 0.7860660928077414, "s__RUG740 sp900321945": 0.7608637067991442, "s__RUG740 sp902778055": null, "s__RUG740 sp902797445": null}