{"s__RUG115 sp900066395": 0.7428571428571429, "s__RUG115 sp900315735": 0.7420083683215086, "s__RUG115 sp902782995": 0.8}