{"s__Rs-D84 sp002309215": 0.8, "s__Rs-D84 sp002310415": 0.8, "s__Rs-D84 sp002348925": 0.8, "s__Rs-D84 sp002371155": 0.8, "s__Rs-D84 sp002373935": 0.8, "s__Rs-D84 sp002437665": 0.8, "s__Rs-D84 sp013316395": 0.8, "s__Rs-D84 sp900313105": 0.7604682484410974, "s__Rs-D84 sp900313285": 0.8, "s__Rs-D84 sp900320405": 0.7946894019183044, "s__Rs-D84 sp900321105": 0.8, "s__Rs-D84 sp900546185": 0.8, "s__Rs-D84 sp900546225": 0.79842496583994, "s__Rs-D84 sp900549365": 0.8, "s__Rs-D84 sp900550495": 0.8, "s__Rs-D84 sp900550565": 0.8, "s__Rs-D84 sp902762295": 0.8, "s__Rs-D84 sp902771095": 0.8, "s__Rs-D84 sp902771695": 0.8, "s__Rs-D84 sp902774285": 0.8, "s__Rs-D84 sp902774305": 0.8, "s__Rs-D84 sp902776515": 0.8, "s__Rs-D84 sp902781465": 0.8, "s__Rs-D84 sp902784285": 0.8, "s__Rs-D84 sp902784345": 0.8, "s__Rs-D84 sp902787305": 0.8, "s__Rs-D84 sp902787665": 0.8, "s__Rs-D84 sp902788485": 0.8, "s__Rs-D84 sp902790415": 0.8, "s__Rs-D84 sp902793005": 0.8, "s__Rs-D84 sp902793435": 0.8, "s__Rs-D84 sp902795435": 0.8, "s__Rs-D84 sp902798205": 0.8, "s__Rs-D84 sp902799285": 0.8, "s__Rs-D84 sp902801125": 0.8, "s__Rs-D84 sp902802115": 0.7615384615384615}