{"s__RUG099 sp001513255": null, "s__RUG099 sp012510935": null, "s__RUG099 sp012840975": null, "s__RUG099 sp900315485": 0.7229952343312478, "s__RUG099 sp900317675": 0.7976093207608539, "s__RUG099 sp900318105": 0.7599664099932391, "s__RUG099 sp900320285": 0.6814231806912339, "s__RUG099 sp902760855": null, "s__RUG099 sp902765035": null, "s__RUG099 sp902773835": null, "s__RUG099 sp902774195": null, "s__RUG099 sp902774265": null, "s__RUG099 sp902775345": null, "s__RUG099 sp902776285": null, "s__RUG099 sp902778585": null, "s__RUG099 sp902779185": null, "s__RUG099 sp902780815": null, "s__RUG099 sp902786355": null, "s__RUG099 sp902786855": null, "s__RUG099 sp902788245": null, "s__RUG099 sp902790885": null, "s__RUG099 sp902790965": null, "s__RUG099 sp902793875": null, "s__RUG099 sp902795265": null, "s__RUG099 sp902798745": null, "s__RUG099 sp902801255": null}