{"s__RUG762 sp900316455": 0.7992368130395082, "s__RUG762 sp900316495": 0.7983982624591461, "s__RUG762 sp900317765": null, "s__RUG762 sp900321515": 0.7999464257864315, "s__RUG762 sp900322085": null, "s__RUG762 sp902762395": null, "s__RUG762 sp902762615": null, "s__RUG762 sp902799245": null, "s__RUG762 sp902802795": null, "s__RUG762 sp902803035": null}