{"s__Ruminococcus_E bromii": null, "s__Ruminococcus_E bromii_A": 0.6396190702983016, "s__Ruminococcus_E bromii_B": null, "s__Ruminococcus_E sp002350765": null, "s__Ruminococcus_E sp002353935": null, "s__Ruminococcus_E sp002394725": null, "s__Ruminococcus_E sp002491825": null, "s__Ruminococcus_E sp002493005": null, "s__Ruminococcus_E sp002493635": null, "s__Ruminococcus_E sp003438075": null, "s__Ruminococcus_E sp003499325": null, "s__Ruminococcus_E sp003520555": null, "s__Ruminococcus_E sp003521625": null, "s__Ruminococcus_E sp003526955": null, "s__Ruminococcus_E sp004560275": null, "s__Ruminococcus_E sp900100595": 0.7475249091846694, "s__Ruminococcus_E sp900313865": null, "s__Ruminococcus_E sp900313895": null, "s__Ruminococcus_E sp900314705": 0.7969402853447349, "s__Ruminococcus_E sp900314795": null, "s__Ruminococcus_E sp900315085": null, "s__Ruminococcus_E sp900315195": null, "s__Ruminococcus_E sp900315605": 0.7986513355942508, "s__Ruminococcus_E sp900315785": null, "s__Ruminococcus_E sp900315815": 0.7681088372108482, "s__Ruminococcus_E sp900316385": null, "s__Ruminococcus_E sp900316435": null, "s__Ruminococcus_E sp900316555": null, "s__Ruminococcus_E sp900316815": 0.7981677495217503, "s__Ruminococcus_E sp900317315": null, "s__Ruminococcus_E sp900317595": 0.7756700719977476, "s__Ruminococcus_E sp900317875": null, "s__Ruminococcus_E sp900318495": null, "s__Ruminococcus_E sp900318905": null, "s__Ruminococcus_E sp900319615": null, "s__Ruminococcus_E sp900319655": null, "s__Ruminococcus_E sp900320415": 0.7683055482750916, "s__Ruminococcus_E sp900320995": null, "s__Ruminococcus_E sp900543095": null, "s__Ruminococcus_E sp900755995": null, "s__Ruminococcus_E sp902761375": null, "s__Ruminococcus_E sp902763855": null, "s__Ruminococcus_E sp902764715": null, "s__Ruminococcus_E sp902765625": null, "s__Ruminococcus_E sp902766775": null, "s__Ruminococcus_E sp902766885": null, "s__Ruminococcus_E sp902767325": null, "s__Ruminococcus_E sp902767845": null, "s__Ruminococcus_E sp902771755": null, "s__Ruminococcus_E sp902772755": null, "s__Ruminococcus_E sp902773035": null, "s__Ruminococcus_E sp902773155": null, "s__Ruminococcus_E sp902773635": null, "s__Ruminococcus_E sp902774325": null, "s__Ruminococcus_E sp902776185": null, "s__Ruminococcus_E sp902776375": null, "s__Ruminococcus_E sp902776975": null, "s__Ruminococcus_E sp902777275": null, "s__Ruminococcus_E sp902779225": null, "s__Ruminococcus_E sp902784855": null, "s__Ruminococcus_E sp902785355": null, "s__Ruminococcus_E sp902785365": null, "s__Ruminococcus_E sp902787145": null, "s__Ruminococcus_E sp902790475": null, "s__Ruminococcus_E sp902790985": null, "s__Ruminococcus_E sp902792105": null, "s__Ruminococcus_E sp902793125": null, "s__Ruminococcus_E sp902794395": null, "s__Ruminococcus_E sp902796225": null, "s__Ruminococcus_E sp902797225": null, "s__Ruminococcus_E sp902797525": null, "s__Ruminococcus_E sp902797655": null, "s__Ruminococcus_E sp902798365": null, "s__Ruminococcus_E sp902798605": null, "s__Ruminococcus_E sp902798755": null, "s__Ruminococcus_E sp902799325": null}