{"s__RUG410 sp002361365": null, "s__RUG410 sp900313155": 0.7526842990744291, "s__RUG410 sp900313185": 0.7174109907098429, "s__RUG410 sp900318605": 0.8, "s__RUG410 sp900320035": 0.7981952643251446, "s__RUG410 sp900553115": null, "s__RUG410 sp900769705": null, "s__RUG410 sp902763155": null, "s__RUG410 sp902763905": null, "s__RUG410 sp902788365": null, "s__RUG410 sp902793695": null, "s__RUG410 sp902795745": null, "s__RUG410 sp902796625": null}