{"s__RC9 sp000431015": null, "s__RC9 sp000432515": null, "s__RC9 sp000432655": null, "s__RC9 sp000433355": 0.7308806019995759, "s__RC9 sp000434935": null, "s__RC9 sp000435075": null, "s__RC9 sp001602865": 0.727668759827603, "s__RC9 sp001602885": null, "s__RC9 sp001915575": null, "s__RC9 sp002297815": null, "s__RC9 sp002298075": null, "s__RC9 sp002308935": null, "s__RC9 sp002309995": null, "s__RC9 sp002314195": null, "s__RC9 sp002314885": null, "s__RC9 sp002315815": null, "s__RC9 sp002315825": null, "s__RC9 sp002320605": 0.5874197009325783, "s__RC9 sp002321335": 0.7453503699135122, "s__RC9 sp002350615": 0.7913731959263071, "s__RC9 sp002354005": 0.5531367877091564, "s__RC9 sp002361625": null, "s__RC9 sp002371115": null, "s__RC9 sp002373715": null, "s__RC9 sp002392525": 0.702237052109637, "s__RC9 sp002393895": null, "s__RC9 sp002393945": null, "s__RC9 sp002395605": null, "s__RC9 sp002395925": null, "s__RC9 sp002396335": null, "s__RC9 sp002437305": null, "s__RC9 sp002438635": null, "s__RC9 sp002438805": null, "s__RC9 sp002438845": null, "s__RC9 sp002438905": null, "s__RC9 sp002439095": null, "s__RC9 sp002439585": null, "s__RC9 sp002439805": null, "s__RC9 sp002439875": null, "s__RC9 sp002440085": null, "s__RC9 sp002451795": null, "s__RC9 sp002472565": null, "s__RC9 sp004552115": null, "s__RC9 sp004552615": null, "s__RC9 sp004552965": null, "s__RC9 sp004554455": null, "s__RC9 sp004555145": null, "s__RC9 sp004556005": null, "s__RC9 sp009774765": null, "s__RC9 sp012522855": null, "s__RC9 sp012744435": null, "s__RC9 sp012800665": null, "s__RC9 sp900167895": null, "s__RC9 sp900167925": null, "s__RC9 sp900313205": 0.5651716990746218, "s__RC9 sp900313275": 0.7834994174933396, "s__RC9 sp900314395": 0.7894918990477744, "s__RC9 sp900316045": 0.7161162427406076, "s__RC9 sp900316245": 0.7916087289378275, "s__RC9 sp900316525": 0.6271117950930662, "s__RC9 sp900316675": 0.7955687419894222, "s__RC9 sp900316955": 0.5759827619188664, "s__RC9 sp900317065": null, "s__RC9 sp900317845": 0.6041907697407847, "s__RC9 sp900317925": 0.7616742997245041, "s__RC9 sp900318015": 0.6959216897765317, "s__RC9 sp900318355": 0.7972819890300771, "s__RC9 sp900318445": 0.6745543818530517, "s__RC9 sp900318565": 0.7289917550478087, "s__RC9 sp900318955": null, "s__RC9 sp900319185": 0.7424162376981256, "s__RC9 sp900319375": 0.7983683636502708, "s__RC9 sp900319405": 0.791480076836133, "s__RC9 sp900319485": 0.783557163512826, "s__RC9 sp900319685": 0.7604315423178383, "s__RC9 sp900319855": 0.762112192124244, "s__RC9 sp900319975": 0.4893647927578619, "s__RC9 sp900320185": null, "s__RC9 sp900320365": null, "s__RC9 sp900320385": null, "s__RC9 sp900320545": 0.7099759987024183, "s__RC9 sp900320795": 0.7606018192073896, "s__RC9 sp900320965": null, "s__RC9 sp900321245": 0.7156613061742978, "s__RC9 sp900321655": 0.7873828253039397, "s__RC9 sp900321715": 0.6687908094184334, "s__RC9 sp900541925": null, "s__RC9 sp900543205": null, "s__RC9 sp900544195": null, "s__RC9 sp900545245": null, "s__RC9 sp900546395": null, "s__RC9 sp900546445": null, "s__RC9 sp900546925": null, "s__RC9 sp900760425": null, "s__RC9 sp900767375": null, "s__RC9 sp900767405": null, "s__RC9 sp900769145": null, "s__RC9 sp900769905": null, "s__RC9 sp900771005": null, "s__RC9 sp902761655": null, "s__RC9 sp902762435": null, "s__RC9 sp902762655": null, "s__RC9 sp902766255": null, "s__RC9 sp902766985": null, "s__RC9 sp902767465": null, "s__RC9 sp902768665": null, "s__RC9 sp902768955": null, "s__RC9 sp902768985": null, "s__RC9 sp902772985": null, "s__RC9 sp902774045": null, "s__RC9 sp902774145": null, "s__RC9 sp902774155": null, "s__RC9 sp902774345": null, "s__RC9 sp902778105": null, "s__RC9 sp902779495": null, "s__RC9 sp902779765": null, "s__RC9 sp902779785": null, "s__RC9 sp902780175": null, "s__RC9 sp902780935": null, "s__RC9 sp902781705": null, "s__RC9 sp902782225": null, "s__RC9 sp902784435": null, "s__RC9 sp902784785": null, "s__RC9 sp902785065": null, "s__RC9 sp902785575": null, "s__RC9 sp902785825": null, "s__RC9 sp902787255": null, "s__RC9 sp902787295": null, "s__RC9 sp902788095": null, "s__RC9 sp902788175": null, "s__RC9 sp902789245": null, "s__RC9 sp902789395": null, "s__RC9 sp902790635": null, "s__RC9 sp902791945": null, "s__RC9 sp902792815": null, "s__RC9 sp902794005": null, "s__RC9 sp902794615": null, "s__RC9 sp902795445": null, "s__RC9 sp902795735": null, "s__RC9 sp902795785": null, "s__RC9 sp902796455": null, "s__RC9 sp902796555": null, "s__RC9 sp902797035": null, "s__RC9 sp902797435": null, "s__RC9 sp902798975": null, "s__RC9 sp902799895": null, "s__RC9 sp902801205": null, "s__RC9 sp902801885": null, "s__RC9 sp902803535": null, "s__RC9 sp902803715": null}