{"s__Rs-D84 sp002309215": null, "s__Rs-D84 sp002310415": null, "s__Rs-D84 sp002348925": null, "s__Rs-D84 sp002371155": null, "s__Rs-D84 sp002373935": null, "s__Rs-D84 sp002437665": null, "s__Rs-D84 sp013316395": null, "s__Rs-D84 sp900313105": 0.778858337837852, "s__Rs-D84 sp900313285": null, "s__Rs-D84 sp900320405": 0.759070946624778, "s__Rs-D84 sp900321105": 0.7529903608657469, "s__Rs-D84 sp900546185": null, "s__Rs-D84 sp900546225": null, "s__Rs-D84 sp900549365": null, "s__Rs-D84 sp900550495": null, "s__Rs-D84 sp900550565": null, "s__Rs-D84 sp902762295": null, "s__Rs-D84 sp902771095": null, "s__Rs-D84 sp902771695": null, "s__Rs-D84 sp902774285": null, "s__Rs-D84 sp902774305": null, "s__Rs-D84 sp902776515": null, "s__Rs-D84 sp902781465": null, "s__Rs-D84 sp902784285": null, "s__Rs-D84 sp902784345": null, "s__Rs-D84 sp902787305": null, "s__Rs-D84 sp902787665": null, "s__Rs-D84 sp902788485": null, "s__Rs-D84 sp902790415": null, "s__Rs-D84 sp902793005": null, "s__Rs-D84 sp902793435": null, "s__Rs-D84 sp902795435": null, "s__Rs-D84 sp902798205": null, "s__Rs-D84 sp902799285": null, "s__Rs-D84 sp902801125": null, "s__Rs-D84 sp902802115": null}