{"s__Selenomonas_C bovis": 0.7464342874340115, "s__Selenomonas_C sp002351185": null, "s__Selenomonas_C sp900314825": 0.7927779606708529, "s__Selenomonas_C sp900315575": 0.7626059707902839, "s__Selenomonas_C sp900318215": 0.5944822388390871, "s__Selenomonas_C sp902780535": null}