{"s__Sodaliphilus pleomorphus": 0.6240409022231401, "s__Sodaliphilus sp002314465": null, "s__Sodaliphilus sp002353285": null, "s__Sodaliphilus sp002353885": null, "s__Sodaliphilus sp002395965": null, "s__Sodaliphilus sp002396085": null, "s__Sodaliphilus sp002396125": null, "s__Sodaliphilus sp002476625": null, "s__Sodaliphilus sp004557565": null, "s__Sodaliphilus sp004559845": null, "s__Sodaliphilus sp900314215": null, "s__Sodaliphilus sp900316835": null, "s__Sodaliphilus sp900317325": 0.7865668107104185, "s__Sodaliphilus sp900317835": 0.791270691602528, "s__Sodaliphilus sp900318065": 0.7968748983079832, "s__Sodaliphilus sp900318205": 0.7230543238486633, "s__Sodaliphilus sp900318255": 0.7973905007705531, "s__Sodaliphilus sp900318335": 0.7338193286216308, "s__Sodaliphilus sp900318345": 0.7733081176153085, "s__Sodaliphilus sp900318535": 0.6899687093704536, "s__Sodaliphilus sp900318645": null, "s__Sodaliphilus sp900318865": 0.7977135599207967, "s__Sodaliphilus sp900319525": 0.7958454940962245, "s__Sodaliphilus sp900320055": 0.7968155451454138, "s__Sodaliphilus sp900320245": 0.7967147879626397, "s__Sodaliphilus sp900322135": 0.7277551544565808, "s__Sodaliphilus sp900770215": 0.6651825056799039, "s__Sodaliphilus sp902760865": null, "s__Sodaliphilus sp902761475": null, "s__Sodaliphilus sp902762385": null, "s__Sodaliphilus sp902768435": null, "s__Sodaliphilus sp902772455": null, "s__Sodaliphilus sp902772965": null, "s__Sodaliphilus sp902774055": null, "s__Sodaliphilus sp902776435": null, "s__Sodaliphilus sp902776835": null, "s__Sodaliphilus sp902776955": null, "s__Sodaliphilus sp902777835": null, "s__Sodaliphilus sp902779125": null, "s__Sodaliphilus sp902781045": null, "s__Sodaliphilus sp902782465": null, "s__Sodaliphilus sp902782545": null, "s__Sodaliphilus sp902784675": null, "s__Sodaliphilus sp902785925": null, "s__Sodaliphilus sp902786725": null, "s__Sodaliphilus sp902787185": null, "s__Sodaliphilus sp902792435": null, "s__Sodaliphilus sp902792895": null, "s__Sodaliphilus sp902793405": null, "s__Sodaliphilus sp902800715": null}