{"s__Succiniclasticum ruminis": null, "s__Succiniclasticum sp002342505": null, "s__Succiniclasticum sp003512125": null, "s__Succiniclasticum sp900314855": null, "s__Succiniclasticum sp900315345": 0.795364066558631, "s__Succiniclasticum sp900315805": null, "s__Succiniclasticum sp900315925": 0.7370955788953626, "s__Succiniclasticum sp900316935": null, "s__Succiniclasticum sp900544275": null, "s__Succiniclasticum sp902801365": null}