{"s__Succiniclasticum ruminis": null, "s__Succiniclasticum sp002342505": null, "s__Succiniclasticum sp003512125": null, "s__Succiniclasticum sp900314855": 0.7676744964898878, "s__Succiniclasticum sp900315345": 0.7986845148063448, "s__Succiniclasticum sp900315805": 0.7963244801961193, "s__Succiniclasticum sp900315925": 0.7259212141258973, "s__Succiniclasticum sp900316935": 0.7749100434079863, "s__Succiniclasticum sp900544275": null, "s__Succiniclasticum sp902801365": null}