{"s__Selenomonas_C bovis": 0.7401324672691918, "s__Selenomonas_C sp002351185": null, "s__Selenomonas_C sp900314825": 0.7918671040415286, "s__Selenomonas_C sp900315575": 0.7596552211208623, "s__Selenomonas_C sp900318215": 0.5508676153911733, "s__Selenomonas_C sp902780535": null}