{"s__Sodaliphilus pleomorphus": 0.6354979617248195, "s__Sodaliphilus sp002314465": null, "s__Sodaliphilus sp002353285": null, "s__Sodaliphilus sp002353885": null, "s__Sodaliphilus sp002395965": null, "s__Sodaliphilus sp002396085": null, "s__Sodaliphilus sp002396125": null, "s__Sodaliphilus sp002476625": null, "s__Sodaliphilus sp004557565": null, "s__Sodaliphilus sp004559845": null, "s__Sodaliphilus sp900314215": null, "s__Sodaliphilus sp900316835": 0.7429622077415776, "s__Sodaliphilus sp900317325": 0.7863507196453401, "s__Sodaliphilus sp900317835": 0.7518074739655629, "s__Sodaliphilus sp900318065": 0.7970415917301654, "s__Sodaliphilus sp900318205": 0.7245276378977665, "s__Sodaliphilus sp900318255": 0.7975176534249304, "s__Sodaliphilus sp900318335": 0.7328996080104946, "s__Sodaliphilus sp900318345": 0.7715200367257258, "s__Sodaliphilus sp900318535": 0.7072954431970513, "s__Sodaliphilus sp900318645": 0.7681851094166379, "s__Sodaliphilus sp900318865": 0.7730333164839198, "s__Sodaliphilus sp900319525": 0.7961806061555641, "s__Sodaliphilus sp900320055": 0.7966952706757027, "s__Sodaliphilus sp900320245": 0.7971937765065595, "s__Sodaliphilus sp900322135": 0.7340524785403288, "s__Sodaliphilus sp900770215": null, "s__Sodaliphilus sp902760865": null, "s__Sodaliphilus sp902761475": null, "s__Sodaliphilus sp902762385": null, "s__Sodaliphilus sp902768435": null, "s__Sodaliphilus sp902772455": null, "s__Sodaliphilus sp902772965": null, "s__Sodaliphilus sp902774055": null, "s__Sodaliphilus sp902776435": null, "s__Sodaliphilus sp902776835": null, "s__Sodaliphilus sp902776955": null, "s__Sodaliphilus sp902777835": null, "s__Sodaliphilus sp902779125": null, "s__Sodaliphilus sp902781045": null, "s__Sodaliphilus sp902782465": null, "s__Sodaliphilus sp902782545": null, "s__Sodaliphilus sp902784675": null, "s__Sodaliphilus sp902785925": null, "s__Sodaliphilus sp902786725": null, "s__Sodaliphilus sp902787185": null, "s__Sodaliphilus sp902792435": null, "s__Sodaliphilus sp902792895": null, "s__Sodaliphilus sp902793405": null, "s__Sodaliphilus sp902800715": null}