{"s__UBA3839 sp002305265": null, "s__UBA3839 sp002350855": null, "s__UBA3839 sp002393575": null, "s__UBA3839 sp900313845": 0.7720679766224379, "s__UBA3839 sp900314125": 0.7854825539103418, "s__UBA3839 sp900319385": 0.7792249467375196, "s__UBA3839 sp900321835": 0.7772124418835737, "s__UBA3839 sp902798705": null}