{"s__UBA1179 sp002309915": null, "s__UBA1179 sp002310015": null, "s__UBA1179 sp002310175": null, "s__UBA1179 sp002340405": null, "s__UBA1179 sp900318995": 0.7689337936854601, "s__UBA1179 sp900319225": 0.7963403759729504, "s__UBA1179 sp902760965": null, "s__UBA1179 sp902763885": null, "s__UBA1179 sp902774275": null, "s__UBA1179 sp902774335": null, "s__UBA1179 sp902779875": null, "s__UBA1179 sp902782245": null, "s__UBA1179 sp902798685": null, "s__UBA1179 sp902799685": null, "s__UBA1179 sp902802285": null}