{"s__UBA2912 sp900314775": 0.8, "s__UBA2912 sp900314845": 0.7957045867598671, "s__UBA2912 sp900317095": 0.7811573220504584, "s__UBA2912 sp902787905": null, "s__UBA2912 sp902796775": 0.7327059937680596}