{"s__UBA1711 sp001543385": null, "s__UBA1711 sp002309955": null, "s__UBA1711 sp002317325": null, "s__UBA1711 sp002349055": null, "s__UBA1711 sp002354035": null, "s__UBA1711 sp002368955": null, "s__UBA1711 sp002372855": null, "s__UBA1711 sp002373995": null, "s__UBA1711 sp002392965": null, "s__UBA1711 sp002394185": null, "s__UBA1711 sp900314925": 0.7979528683253496, "s__UBA1711 sp900315935": 0.7948177292056771, "s__UBA1711 sp900316055": null, "s__UBA1711 sp900316235": 0.7568735054137152, "s__UBA1711 sp900316515": 0.7979518182636371, "s__UBA1711 sp900317125": 0.799457572691489, "s__UBA1711 sp900317285": 0.7564629462954273, "s__UBA1711 sp900317955": null, "s__UBA1711 sp900318175": 0.7521872935521974, "s__UBA1711 sp900318275": 0.7644621069575714, "s__UBA1711 sp900318665": 0.7871574052185533, "s__UBA1711 sp900318835": 0.7881090655649163, "s__UBA1711 sp900319865": 0.7969574896736404, "s__UBA1711 sp900320975": 0.7982342742495909, "s__UBA1711 sp900321975": 0.7963092680476336, "s__UBA1711 sp900771365": null, "s__UBA1711 sp902762805": null, "s__UBA1711 sp902771735": null, "s__UBA1711 sp902774395": null, "s__UBA1711 sp902774845": null, "s__UBA1711 sp902775135": null, "s__UBA1711 sp902776365": null, "s__UBA1711 sp902777005": null, "s__UBA1711 sp902778925": null, "s__UBA1711 sp902782185": null, "s__UBA1711 sp902783595": null, "s__UBA1711 sp902784865": null, "s__UBA1711 sp902790215": null, "s__UBA1711 sp902791695": null, "s__UBA1711 sp902800395": null, "s__UBA1711 sp902803395": null}