{"s__UBA3839 sp002305265": null, "s__UBA3839 sp002350855": 0.8, "s__UBA3839 sp002393575": 0.7737125514605423, "s__UBA3839 sp900313845": 0.7736737570805094, "s__UBA3839 sp900314125": 0.7667635643620818, "s__UBA3839 sp900319385": 0.7385275140049583, "s__UBA3839 sp900321835": 0.7986879728993277, "s__UBA3839 sp902798705": null}