{"s__UBA2912 sp900314775": 0.8, "s__UBA2912 sp900314845": 0.7963401725104959, "s__UBA2912 sp900317095": 0.7840181980315799, "s__UBA2912 sp902787905": null, "s__UBA2912 sp902796775": null}