{"s__UBA1711 sp001543385": null, "s__UBA1711 sp002309955": null, "s__UBA1711 sp002317325": null, "s__UBA1711 sp002349055": null, "s__UBA1711 sp002354035": null, "s__UBA1711 sp002368955": null, "s__UBA1711 sp002372855": null, "s__UBA1711 sp002373995": null, "s__UBA1711 sp002392965": null, "s__UBA1711 sp002394185": null, "s__UBA1711 sp900314925": 0.795968787859618, "s__UBA1711 sp900315935": 0.7978083101613647, "s__UBA1711 sp900316055": 0.7749014122569735, "s__UBA1711 sp900316235": 0.7406032425645306, "s__UBA1711 sp900316515": 0.7939278700361614, "s__UBA1711 sp900317125": 0.735674787227403, "s__UBA1711 sp900317285": 0.7621764281667127, "s__UBA1711 sp900317955": 0.7940684098529258, "s__UBA1711 sp900318175": 0.7553297071767016, "s__UBA1711 sp900318275": 0.7837128759146663, "s__UBA1711 sp900318665": null, "s__UBA1711 sp900318835": 0.737419934514753, "s__UBA1711 sp900319865": 0.784256098363165, "s__UBA1711 sp900320975": 0.7690438404331454, "s__UBA1711 sp900321975": 0.7955365306493851, "s__UBA1711 sp900771365": null, "s__UBA1711 sp902762805": null, "s__UBA1711 sp902771735": null, "s__UBA1711 sp902774395": null, "s__UBA1711 sp902774845": null, "s__UBA1711 sp902775135": null, "s__UBA1711 sp902776365": null, "s__UBA1711 sp902777005": null, "s__UBA1711 sp902778925": null, "s__UBA1711 sp902782185": null, "s__UBA1711 sp902783595": null, "s__UBA1711 sp902784865": null, "s__UBA1711 sp902790215": null, "s__UBA1711 sp902791695": null, "s__UBA1711 sp902800395": null, "s__UBA1711 sp902803395": null}