{"s__UBA1777 sp002315275": null, "s__UBA1777 sp002320035": null, "s__UBA1777 sp002350825": null, "s__UBA1777 sp002371675": null, "s__UBA1777 sp002431965": null, "s__UBA1777 sp002450075": 0.6756956322010037, "s__UBA1777 sp002493305": null, "s__UBA1777 sp003150355": null, "s__UBA1777 sp004560305": null, "s__UBA1777 sp900316205": null, "s__UBA1777 sp900316255": null, "s__UBA1777 sp900317375": 0.743706912968594, "s__UBA1777 sp900319275": 0.770639888423948, "s__UBA1777 sp900319465": 0.79845031669992, "s__UBA1777 sp900319635": 0.7959603991637616, "s__UBA1777 sp900319695": 0.7039412134323011, "s__UBA1777 sp900319835": null, "s__UBA1777 sp900319935": null, "s__UBA1777 sp900320465": 0.7643196724895172, "s__UBA1777 sp900320595": 0.7039769008188832, "s__UBA1777 sp900321275": 0.6849496733017291, "s__UBA1777 sp900546515": null, "s__UBA1777 sp900547315": null, "s__UBA1777 sp900549485": null, "s__UBA1777 sp900549545": null, "s__UBA1777 sp900549645": null, "s__UBA1777 sp900549865": null, "s__UBA1777 sp900754515": null}