{"s__UBA4372 sp002297545": null, "s__UBA4372 sp002314945": null, "s__UBA4372 sp002316015": null, "s__UBA4372 sp002317475": null, "s__UBA4372 sp002373535": null, "s__UBA4372 sp002391275": 0.7028705242664046, "s__UBA4372 sp002394305": null, "s__UBA4372 sp002395775": null, "s__UBA4372 sp002450165": null, "s__UBA4372 sp002494215": null, "s__UBA4372 sp004559785": null, "s__UBA4372 sp900313335": 0.7517896286076384, "s__UBA4372 sp900313705": null, "s__UBA4372 sp900316355": 0.7927033874443348, "s__UBA4372 sp900318115": 0.7087989617697006, "s__UBA4372 sp900320435": 0.5729664607915124, "s__UBA4372 sp900320565": 0.7534756729468544, "s__UBA4372 sp900320715": null, "s__UBA4372 sp900543815": null, "s__UBA4372 sp900766785": null, "s__UBA4372 sp900770805": null, "s__UBA4372 sp902763865": null, "s__UBA4372 sp902768605": null, "s__UBA4372 sp902770725": null, "s__UBA4372 sp902771725": null, "s__UBA4372 sp902775385": null, "s__UBA4372 sp902776455": null, "s__UBA4372 sp902778625": null, "s__UBA4372 sp902779165": 0.7820113694098272, "s__UBA4372 sp902779315": null, "s__UBA4372 sp902779845": null, "s__UBA4372 sp902781515": null, "s__UBA4372 sp902783655": null, "s__UBA4372 sp902783885": null, "s__UBA4372 sp902784475": null, "s__UBA4372 sp902788315": null, "s__UBA4372 sp902791295": null, "s__UBA4372 sp902791675": null, "s__UBA4372 sp902799985": 0.7731937098812689, "s__UBA4372 sp902801325": null, "s__UBA4372 sp902801485": null, "s__UBA4372 sp902802815": null, "s__UBA4372 sp902803195": null}