{"s__UBA2897 sp002350105": null, "s__UBA2897 sp900315155": 0.7717690202782657, "s__UBA2897 sp900316275": 0.7490403967036294}