{"s__UBA1067 sp002298665": null, "s__UBA1067 sp002315875": 0.7949213737532919, "s__UBA1067 sp002321305": null, "s__UBA1067 sp002350535": null, "s__UBA1067 sp002351765": null, "s__UBA1067 sp002363575": null, "s__UBA1067 sp002369235": null, "s__UBA1067 sp002371135": null, "s__UBA1067 sp002371755": null, "s__UBA1067 sp002392765": null, "s__UBA1067 sp002395905": null, "s__UBA1067 sp002440145": null, "s__UBA1067 sp002449695": null, "s__UBA1067 sp004551905": null, "s__UBA1067 sp900320855": 0.6542510950780112, "s__UBA1067 sp900321255": 0.6079866192677252, "s__UBA1067 sp900321575": null, "s__UBA1067 sp900767325": null, "s__UBA1067 sp902761275": null, "s__UBA1067 sp902770045": null, "s__UBA1067 sp902772905": null, "s__UBA1067 sp902773015": null, "s__UBA1067 sp902776615": null, "s__UBA1067 sp902780865": null, "s__UBA1067 sp902788415": null, "s__UBA1067 sp902799385": null, "s__UBA1067 sp902799955": null, "s__UBA1067 sp902800055": null, "s__UBA1067 sp902801025": null}