{"s__UBA2856 sp002350685": null, "s__UBA2856 sp002371345": null, "s__UBA2856 sp002392705": null, "s__UBA2856 sp002394165": null, "s__UBA2856 sp002482005": null, "s__UBA2856 sp009696445": 0.5014439032187559, "s__UBA2856 sp900313765": null, "s__UBA2856 sp900318615": null, "s__UBA2856 sp900319065": null, "s__UBA2856 sp900321365": null, "s__UBA2856 sp900555005": null, "s__UBA2856 sp902767065": null, "s__UBA2856 sp902767335": null, "s__UBA2856 sp902779575": null, "s__UBA2856 sp902781455": null, "s__UBA2856 sp902785635": null, "s__UBA2856 sp902797665": null, "s__UBA2856 sp902799015": null, "s__UBA2856 sp902800805": null, "s__UBA2856 sp902801515": null, "s__UBA2856 sp902803065": 0.7411922423902169, "s__UBA2856 sp902803155": null}