{"s__UBA1213 sp002308635": null, "s__UBA1213 sp002309275": null, "s__UBA1213 sp002350705": null, "s__UBA1213 sp002351795": null, "s__UBA1213 sp900315465": 0.7407039355577978, "s__UBA1213 sp900315875": 0.7970300854849226, "s__UBA1213 sp900316485": 0.7970467435941191, "s__UBA1213 sp900316925": 0.7711970846293341, "s__UBA1213 sp900317215": 0.7717845483029566, "s__UBA1213 sp900317395": 0.7994129811348629, "s__UBA1213 sp900317795": 0.76459450290654, "s__UBA1213 sp900319255": 0.7999809245384577, "s__UBA1213 sp900320235": 0.7743008014981274, "s__UBA1213 sp900320925": 0.7949372758386262, "s__UBA1213 sp900321195": 0.678522105660877, "s__UBA1213 sp900322105": 0.7999643516182764, "s__UBA1213 sp900322145": 0.7963452262028063, "s__UBA1213 sp902762335": null, "s__UBA1213 sp902763365": null, "s__UBA1213 sp902764235": null, "s__UBA1213 sp902766305": null, "s__UBA1213 sp902766585": null, "s__UBA1213 sp902767125": null, "s__UBA1213 sp902767155": null, "s__UBA1213 sp902767175": null, "s__UBA1213 sp902768825": null, "s__UBA1213 sp902772855": null, "s__UBA1213 sp902772895": null, "s__UBA1213 sp902772955": null, "s__UBA1213 sp902773025": null, "s__UBA1213 sp902773065": null, "s__UBA1213 sp902773135": null, "s__UBA1213 sp902773325": null, "s__UBA1213 sp902778175": null, "s__UBA1213 sp902783065": null, "s__UBA1213 sp902783815": null, "s__UBA1213 sp902783855": null, "s__UBA1213 sp902785555": null, "s__UBA1213 sp902785765": null, "s__UBA1213 sp902786345": null, "s__UBA1213 sp902796475": null, "s__UBA1213 sp902800005": null, "s__UBA1213 sp902800065": null, "s__UBA1213 sp902801055": null, "s__UBA1213 sp902801715": null, "s__UBA1213 sp902802105": 0.7546550139611192, "s__UBA1213 sp902802985": null, "s__UBA1213 sp902803125": null, "s__UBA1213 sp902803385": null, "s__UBA1213 sp902803585": null, "s__UBA1213 sp902803805": null}