{"s__UBA629 sp005465875": null, "s__UBA629 sp900316625": 0.7375506355963726, "s__UBA629 sp900316665": 0.7957038576531716, "s__UBA629 sp900317915": null}