{"s__UBA2730 sp900313345": 0.7745627067299772, "s__UBA2730 sp900319955": 0.7896791654876985, "s__UBA2730 sp900320505": null}