{"s__UBA4334 sp002317225": null, "s__UBA4334 sp002342585": null, "s__UBA4334 sp002353215": null, "s__UBA4334 sp002353575": 0.7804387229128822, "s__UBA4334 sp002363115": null, "s__UBA4334 sp002393555": null, "s__UBA4334 sp009177185": null, "s__UBA4334 sp012729225": null, "s__UBA4334 sp900316505": 0.7997248434409336, "s__UBA4334 sp900316975": 0.6888830587185357, "s__UBA4334 sp900318775": 0.7244115472932806, "s__UBA4334 sp902768125": null, "s__UBA4334 sp902774005": null, "s__UBA4334 sp902786925": null, "s__UBA4334 sp902800305": null, "s__UBA4334 sp902801475": null, "s__UBA4334 sp902802265": null, "s__UBA4334 sp902803605": null}