{"s__UBA4372 sp002297545": null, "s__UBA4372 sp002314945": null, "s__UBA4372 sp002316015": null, "s__UBA4372 sp002317475": 0.7022809379005401, "s__UBA4372 sp002373535": null, "s__UBA4372 sp002391275": 0.7047886321755785, "s__UBA4372 sp002394305": null, "s__UBA4372 sp002395775": null, "s__UBA4372 sp002450165": null, "s__UBA4372 sp002494215": null, "s__UBA4372 sp004559785": null, "s__UBA4372 sp900313335": 0.7964690262932304, "s__UBA4372 sp900313705": 0.7884775890339726, "s__UBA4372 sp900316355": 0.7348115173903569, "s__UBA4372 sp900318115": 0.6520348862401861, "s__UBA4372 sp900320435": 0.5379707751846732, "s__UBA4372 sp900320565": 0.7328791773247287, "s__UBA4372 sp900320715": null, "s__UBA4372 sp900543815": null, "s__UBA4372 sp900766785": null, "s__UBA4372 sp900770805": null, "s__UBA4372 sp902763865": null, "s__UBA4372 sp902768605": null, "s__UBA4372 sp902770725": null, "s__UBA4372 sp902771725": 0.7885926568111004, "s__UBA4372 sp902775385": null, "s__UBA4372 sp902776455": null, "s__UBA4372 sp902778625": null, "s__UBA4372 sp902779165": null, "s__UBA4372 sp902779315": null, "s__UBA4372 sp902779845": null, "s__UBA4372 sp902781515": 0.7655817749117271, "s__UBA4372 sp902783655": null, "s__UBA4372 sp902783885": null, "s__UBA4372 sp902784475": null, "s__UBA4372 sp902788315": null, "s__UBA4372 sp902791295": null, "s__UBA4372 sp902791675": null, "s__UBA4372 sp902799985": null, "s__UBA4372 sp902801325": 0.7363410041521119, "s__UBA4372 sp902801485": null, "s__UBA4372 sp902802815": 0.791732975321072, "s__UBA4372 sp902803195": null}