{"s__UBA2856 sp002350685": 0.8, "s__UBA2856 sp002371345": 0.8, "s__UBA2856 sp002392705": 0.8, "s__UBA2856 sp002394165": 0.8, "s__UBA2856 sp002482005": 0.8, "s__UBA2856 sp009696445": 0.7444444444444445, "s__UBA2856 sp900313765": 0.8, "s__UBA2856 sp900318615": 0.8, "s__UBA2856 sp900319065": 0.7375, "s__UBA2856 sp900321365": 0.8, "s__UBA2856 sp900555005": 0.8, "s__UBA2856 sp902767065": 0.8, "s__UBA2856 sp902767335": 0.8, "s__UBA2856 sp902779575": 0.7230005794896548, "s__UBA2856 sp902781455": 0.8, "s__UBA2856 sp902785635": 0.8, "s__UBA2856 sp902797665": 0.8, "s__UBA2856 sp902799015": 0.7705882352941176, "s__UBA2856 sp902800805": 0.7411764705882353, "s__UBA2856 sp902801515": 0.8, "s__UBA2856 sp902803065": 0.8, "s__UBA2856 sp902803155": 0.8}