{"s__UBA2897 sp002350105": null, "s__UBA2897 sp900315155": 0.7670458507103641, "s__UBA2897 sp900316275": 0.7747288453688503}