{"s__UBA4372 sp002297545": null, "s__UBA4372 sp002314945": null, "s__UBA4372 sp002316015": null, "s__UBA4372 sp002317475": null, "s__UBA4372 sp002373535": null, "s__UBA4372 sp002391275": null, "s__UBA4372 sp002394305": null, "s__UBA4372 sp002395775": null, "s__UBA4372 sp002450165": null, "s__UBA4372 sp002494215": null, "s__UBA4372 sp004559785": null, "s__UBA4372 sp900313335": 0.7610951271965973, "s__UBA4372 sp900313705": 0.7783047730186465, "s__UBA4372 sp900316355": 0.792655310589937, "s__UBA4372 sp900318115": 0.7125834328398142, "s__UBA4372 sp900320435": 0.5811013280510391, "s__UBA4372 sp900320565": 0.7557192449377184, "s__UBA4372 sp900320715": 0.7862763089257161, "s__UBA4372 sp900543815": null, "s__UBA4372 sp900766785": null, "s__UBA4372 sp900770805": null, "s__UBA4372 sp902763865": null, "s__UBA4372 sp902768605": null, "s__UBA4372 sp902770725": null, "s__UBA4372 sp902771725": null, "s__UBA4372 sp902775385": null, "s__UBA4372 sp902776455": null, "s__UBA4372 sp902778625": null, "s__UBA4372 sp902779165": null, "s__UBA4372 sp902779315": null, "s__UBA4372 sp902779845": null, "s__UBA4372 sp902781515": null, "s__UBA4372 sp902783655": null, "s__UBA4372 sp902783885": null, "s__UBA4372 sp902784475": null, "s__UBA4372 sp902788315": null, "s__UBA4372 sp902791295": null, "s__UBA4372 sp902791675": null, "s__UBA4372 sp902799985": null, "s__UBA4372 sp902801325": null, "s__UBA4372 sp902801485": null, "s__UBA4372 sp902802815": 0.7801332475786715, "s__UBA4372 sp902803195": 0.7108790824301865}