{"s__UBA3789 sp002369415": null, "s__UBA3789 sp900314225": 0.7080664518922226, "s__UBA3789 sp900543055": null, "s__UBA3789 sp902764545": null, "s__UBA3789 sp902768065": null, "s__UBA3789 sp902776735": 0.650375041576635, "s__UBA3789 sp902780395": null, "s__UBA3789 sp902780585": null, "s__UBA3789 sp902782835": null, "s__UBA3789 sp902783315": null, "s__UBA3789 sp902783435": null, "s__UBA3789 sp902788735": null, "s__UBA3789 sp902793315": null, "s__UBA3789 sp902794075": null, "s__UBA3789 sp902796215": null, "s__UBA3789 sp902797265": null, "s__UBA3789 sp902798815": null}