{"s__Weimerbacter bifida": null, "s__Weimerbacter sp002480925": null, "s__Weimerbacter sp900100095": null, "s__Weimerbacter sp900315505": 0.7711967225583025, "s__Weimerbacter sp900316165": 0.746562545813793, "s__Weimerbacter sp900317825": 0.8, "s__Weimerbacter sp902803645": null}