{"f__Campylobacteraceae": 0.7999401951070053, "f__Helicobacteraceae": 0.7992060036594408}