{"f__CAIOZP01": null, "f__Chitinispirillaceae": 0.7981289407009788, "f__Chitinivibrionaceae": 0.7910076788813598}