{"f__CAIOZP01": null, "f__Chitinispirillaceae": 0.7973989152599466, "f__Chitinivibrionaceae": 0.7920068256723198}