{"f__Atopobiaceae": 0.799221551899874, "f__CADBOM01": null, "f__Coriobacteriaceae": null, "f__Eggerthellaceae": 0.7995644657526646, "f__QAMH01": null, "f__RUG033": 0.797813508870848, "f__RUG844": null, "f__UBA8131": 0.7937912882710028, "f__UMGS124": 0.7809910368126962}