{"f__Erysipelatoclostridiaceae": 0.7941857609780489, "f__Erysipelotrichaceae": 0.7983833544499079}