{"f__Erysipelatoclostridiaceae": 0.7950410884212014, "f__Erysipelotrichaceae": 0.7986202404329505}