{"f__CAG-313": 0.798618474373237, "f__CAG-698": 0.7974291687830688}