{"f__JAAEEP01": null, "f__JACIVX01": null, "f__Methanomassiliicoccaceae": 0.7998902741405447, "f__Methanomethylophilaceae": 0.7996084547003444, "f__UBA472": null}