{"f__Acutalibacteraceae": 0.783644889632017, "f__BX7": null, "f__Butyricicoccaceae": null, "f__CAG-272": 0.7889438072359496, "f__CAG-382": null, "f__CAG-382_A": null, "f__Ethanoligenenaceae": null, "f__Oscillospiraceae": 0.79423970263157, "f__QAKW01": null, "f__QAMX01": null, "f__Ruminococcaceae": 0.7855942655087362, "f__UBA1758": null, "f__UBA644": null, "f__UMGS1783": null, "f__WRJC01": null}