{"f__CAG-288": 0.796766330884862, "f__CAG-449": null, "f__CAG-631": null, "f__CAG-826": 0.79994307994119, "f__DUOF01": null, "f__UBA1709": null}