{"f__CAG-288": 0.7991702569544281, "f__CAG-449": null, "f__CAG-631": null, "f__CAG-826": 0.7998528255333861, "f__DUOF01": null, "f__UBA1709": null}