{"f__CAG-288": 0.7933943779245198, "f__CAG-449": null, "f__CAG-631": null, "f__CAG-826": 0.7999503573576334, "f__DUOF01": null, "f__UBA1709": null}