{"f__Treponemataceae": 0.7996713848180554, "f__Treponemataceae_B": null, "f__UBA12059": 0.7945655472430362, "f__UBA1318": 0.8, "f__UBA8932": 0.7950757719205905}