{"f__Treponemataceae": 0.7996754593836319, "f__Treponemataceae_B": null, "f__UBA12059": 0.7953742455699655, "f__UBA1318": 0.8, "f__UBA8932": 0.7957910229265381}