{"f__Dialisteraceae": 0.7985009729441988, "f__Megasphaeraceae": 0.7994965327407362, "f__Negativicoccaceae": null, "f__Veillonellaceae": null}