{"c__Bacteroidia": 0.7962674243532772, "c__Chlorobia": 0.7846895909314513, "c__Ignavibacteria": null, "c__JABWAT01": null, "c__Kapabacteria": 0.6761079585783858, "c__Kryptonia": null, "c__Rhodothermia": null, "c__SZUA-365": 0.787637513160969, "c__UBA10030": 0.7331188154859154}