{"c__Bacteroidia": 0.7961983322171624, "c__Chlorobia": 0.7854005874021031, "c__Ignavibacteria": null, "c__JABWAT01": null, "c__Kapabacteria": 0.6768779565186038, "c__Kryptonia": null, "c__Rhodothermia": null, "c__SZUA-365": 0.7879381347895231, "c__UBA10030": 0.7361476662403668}