{"c__Chitinivibrionia": 0.7984767611541164, "c__Fibrobacteria": 0.7992131565784664, "c__OXYB2-FULL-49-7": null}