{"c__Chitinivibrionia": 0.7978601842876021, "c__Fibrobacteria": 0.799345798758305}