{"c__B143-G9": null, "c__Brocadiae": 0.7985830309064057, "c__DG-23": null, "c__DTLF01": null, "c__GCA-002687715": null, "c__MHYJ01": null, "c__PUPC01": null, "c__Phycisphaerae": null, "c__Planctomycetes": 0.7978556219994408, "c__SBBH01": null, "c__SZUA-567": null, "c__UBA11346": 0.799707267269534, "c__UBA8108": 0.7973161860285842, "c__UBA8742": null}