{"c__B143-G9": null, "c__Brocadiae": 0.7983260259668652, "c__DG-23": null, "c__DTLF01": null, "c__GCA-002687715": null, "c__MHYJ01": null, "c__PUPC01": null, "c__Phycisphaerae": null, "c__Planctomycetes": 0.7975325149666193, "c__SBBH01": null, "c__SZUA-567": null, "c__UBA11346": 0.7996786371632771, "c__UBA8108": 0.7993601363691605, "c__UBA8742": null}