{"c__B62-G9": null, "c__Brachyspirae": null, "c__Brevinematia": 0.7931320658579879, "c__GWE2-31-10": null, "c__JAAYUW01": null, "c__Leptospirae": 0.7976955333049061, "c__Spirochaetia": 0.799699599100246, "c__UBA12135": null, "c__UBA4802": null, "c__UBA6919": null}