{"c__Kiritimatiellae": 0.7991124079459848, "c__Lentisphaeria": 0.7962498544220296, "c__Verrucomicrobiae": null}