{"c__Kiritimatiellae": 0.7991228638478314, "c__Lentisphaeria": 0.7959886869754194, "c__Verrucomicrobiae": 0.7990801536904002}