{"d__Archaea": 0.6700626824120677, "d__Bacteria": 0.7821268738551705}