{"d__Archaea": 0.6888394885219029, "d__Bacteria": 0.7845666491822914}