{"d__Archaea": 0.678918263047017, "d__Bacteria": 0.7845666491822914}